timestamp,processing_time_ms,track_id,rms,rms_bass,rms_mid,rms_high,spectral_centroid,spectral_centroid_hz,onset_strength,bpm,is_beat,is_raw_beat,is_beat_bass,is_beat_high,is_section_boundary,current_section,energy_state,dimmer,strobe_bass
0.0,18.6116,All of the Lights.wav,0.1468784362077713,0.18480217285060058,0.15456540471416755,0.024925723525267153,0.6711432440029276,2378.16,49.4087942296863,120.0,False,False,False,False,False,A,MID,0.014594801056814464,False
0.09287981859410431,0.6609,All of the Lights.wav,0.15340498089790344,0.23794100727195655,0.1974268301058927,0.04099378988072134,0.7521179173450316,3206.03,3.348335073791666,120.0,False,False,False,False,False,A,MID,0.028459862060788203,False
0.18575963718820862,0.5042,All of the Lights.wav,0.15161016583442688,0.2402218541203427,0.19710020931202654,0.0209612055730044,0.6505218091582345,2203.97,2.020615833665425,120.0,False,False,False,False,False,A,MID,0.041631670014563256,False
0.2786394557823129,0.4411,All of the Lights.wav,0.2177610993385315,0.24687411800019132,0.26301005759915336,0.04400033269571621,0.8331017156794731,4322.24,4.897164744450006,120.0,False,False,False,False,False,A,MID,0.05414488757064956,False
0.37151927437641724,0.4954,All of the Lights.wav,0.2185969054698944,0.22823646112416313,0.31871072683309726,0.03631151842112574,0.6614187414671298,2294.36,1.9863560561424511,120.0,False,False,False,False,False,A,MID,0.06603244424893154,False
0.46439909297052157,0.4636,All of the Lights.wav,0.21226519346237183,0.1871888483439464,0.2896265955171794,0.04488675526623219,0.6845991194686775,2499.19,3.088872502322643,120.0,False,False,False,False,False,A,MID,0.07732562309329942,False
0.5572789115646258,0.4701,All of the Lights.wav,0.16979169845581055,0.15711576922183976,0.2718806455003326,0.0486205409904156,0.6817370208165439,2472.94,3.175373185837426,120.0,False,False,False,False,False,A,MID,0.08805414299544892,False
0.6501587301587302,0.4669,All of the Lights.wav,0.18636055290699005,0.2004926657541697,0.2414695293796285,0.018354377724613118,0.6556007090868242,2245.65,3.031914067005667,120.0,False,False,False,False,False,A,MID,0.09824623690249093,False
0.7430385487528345,0.4579,All of the Lights.wav,0.2222721129655838,0.24942401257245386,0.2980513648625568,0.051090934112779283,0.7097108244743234,2741.76,4.683562247948161,120.0,False,False,False,False,False,A,MID,0.10792872611418085,False
0.8359183673469388,0.4514,All of the Lights.wav,0.18740172684192657,0.25334018147499554,0.2580177214457996,0.06011886529019621,0.6668359304158268,2340.68,2.4082040364735295,120.0,False,False,False,False,False,A,MID,0.11761470198897436,False
0.9287981859410431,0.4518,All of the Lights.wav,0.19472439587116241,0.2593302706175229,0.24302715782600845,0.0563015561780327,0.664137157908287,2317.49,2.845141397695334,120.0,False,False,False,False,False,A,MID,0.12799926289970498,False
1.0216780045351475,0.4563,All of the Lights.wav,0.1759449541568756,0.26335774675717083,0.22549412916265824,0.04530375481897697,0.6640865161309288,2317.06,1.9101994921848062,120.0,False,False,False,False,False,A,MID,0.13456734686990968,False
1.1145578231292517,0.452,All of the Lights.wav,0.175766721367836,0.24372222439881192,0.22780667624197087,0.057745681854359555,0.6921858503240443,2570.12,3.8789510610240283,120.0,False,False,False,False,False,A,LOW,0.0,False
1.207437641723356,0.4492,All of the Lights.wav,0.18030187487602234,0.27591677008712456,0.2214229207242059,0.06994323372159393,0.7022330640068101,2667.16,2.696684710819595,120.0,False,False,False,False,False,A,LOW,0.0,False
1.3003174603174603,0.4769,All of the Lights.wav,0.1607135385274887,0.2829945399573042,0.18464725210958804,0.04533838236242531,0.7883283591265403,3664.2,2.636485596267744,120.0,False,False,False,False,False,A,LOW,0.0,False
1.3931972789115645,0.4665,All of the Lights.wav,0.20609071850776672,0.28090741426459664,0.2525120818686839,0.046846408457504186,0.7824472342022645,3585.56,2.7223794005913295,120.0,False,False,False,False,False,A,LOW,0.0,False
1.486077097505669,0.4529,All of the Lights.wav,0.21110256016254425,0.2509266882659074,0.30185358523183753,0.03014881558063799,0.6515414869780947,2212.27,4.119154366360525,120.0,False,False,False,False,False,A,MID,0.17047575346248597,False
1.5789569160997732,0.6913,All of the Lights.wav,0.25384438037872314,0.2598071073315986,0.32436561193705843,0.044615335448928095,0.6620248809520577,2299.5,3.5328052738369404,120.0,False,False,False,False,False,A,MID,0.18195196578936168,False
1.6718367346938776,0.5387,All of the Lights.wav,0.21311937272548676,0.2619531477537631,0.2965861351888368,0.08038531004154671,0.6707283208936378,2374.53,2.459355745253262,120.0,False,False,False,False,False,A,MID,0.1889397140001292,False
1.7647165532879818,0.4882,All of the Lights.wav,0.23195913434028625,0.24350684984428062,0.31103909033582505,0.053156263904683115,0.698269287199429,2628.45,3.092919868516998,120.0,False,False,False,False,False,A,MID,0.1975163305132573,False
1.8575963718820863,0.4918,All of the Lights.wav,0.1460421234369278,0.24641078112503076,0.253963901214713,0.026592145064494057,0.5915479772374714,1773.07,2.6505459149950727,120.0,False,False,False,False,False,A,MID,0.18764051398759443,False
1.9504761904761905,1.9411,All of the Lights.wav,0.19251814484596252,0.2745067887158559,0.18961674903774045,0.017697318942591186,0.5838936750601584,1723.7,3.920861859170049,143.5546875,False,False,False,False,False,A,MID,0.19190242140875458,False
2.043356009070295,0.6145,All of the Lights.wav,0.225481778383255,0.27187034956980194,0.32276947603428363,0.06744335468093673,0.6675886106376183,2347.18,2.8926823393366425,143.5546875,False,False,False,False,False,A,MID,0.19971580967103006,False
2.136235827664399,0.5115,All of the Lights.wav,0.18038541078567505,0.2207147519439016,0.2092440206258027,0.0739233955143024,0.7134760295840306,2780.11,2.8653079647705044,143.5546875,False,False,False,False,False,A,MID,0.20162101379492137,False
2.2291156462585033,0.4803,All of the Lights.wav,0.15525084733963013,0.2343354709647646,0.19430340983338054,0.07535756389084984,0.7105399146668284,2750.16,2.6950119840091573,143.5546875,False,False,False,False,False,A,MID,0.19807699678281304,False
2.3219954648526078,0.4682,All of the Lights.wav,0.11767303198575974,0.3263297826890369,0.14012014931420413,0.028320539172164982,0.5799595116067746,1698.87,2.9989440001369214,143.5546875,False,False,False,False,False,A,LOW,0.0,False
2.414875283446712,0.4691,All of the Lights.wav,0.20696085691452026,0.32914993171957674,0.1905419713759741,0.029616664676648655,0.616967550263106,1947.37,4.684102095101973,143.5546875,False,False,False,False,False,A,LOW,0.0,False
2.507755102040816,0.4648,All of the Lights.wav,0.28783538937568665,0.2923241133232018,0.3739249633264439,0.0699328709330664,0.6881639963628047,2532.27,2.1745748805387257,143.5546875,False,False,False,False,False,A,MID,0.20550959856553397,False
2.6006349206349206,0.458,All of the Lights.wav,0.24665884673595428,0.30543998660313343,0.34888880528081057,0.07115205510843794,0.6815149560150385,2470.92,2.5053460415401805,143.5546875,False,False,False,False,False,A,MID,0.21286761309005248,False
2.693514739229025,0.467,All of the Lights.wav,0.1966419517993927,0.3083671171328309,0.27078053233467586,0.05852864843219464,0.6795782698401582,2453.33,2.9114018375110096,143.5546875,False,False,False,False,False,A,MID,0.21633274485265,False
2.786394557823129,0.4874,All of the Lights.wav,0.21246573328971863,0.28744997279293133,0.2849239029284414,0.05214840536181878,0.6397458906979578,2118.07,3.620941304204952,143.5546875,False,False,False,False,False,A,MID,0.2208458614160305,False
2.8792743764172335,0.5092,All of the Lights.wav,0.20464244484901428,0.2630174972110964,0.28219295299078884,0.03690259243175302,0.6464356928613185,2170.99,3.6175407436987332,143.5546875,False,False,False,False,False,A,MID,0.22454471882528515,False
2.972154195011338,0.8064,All of the Lights.wav,0.1961345672607422,0.24744096697386836,0.2816191371177426,0.03504139309109569,0.6613119609227416,2293.46,1.9194362159581022,143.5546875,False,False,False,False,False,A,MID,0.22738471884048547,False
3.0650340136054424,0.5588,All of the Lights.wav,0.12958715856075287,0.2316049497877589,0.21290114628808096,0.03158778720050636,0.6686360375376222,2356.27,2.117959327722708,143.5546875,False,False,False,False,False,A,MID,0.22198749007837895,False
3.1579138321995464,0.4917,All of the Lights.wav,0.12674090266227722,0.1638980363128725,0.1747300044212509,0.02189864031703383,0.6556225079469137,2245.83,2.0729695594183086,143.5546875,False,False,False,False,False,A,LOW,0.0,False
3.250793650793651,0.4741,All of the Lights.wav,0.1610741764307022,0.18523064657458188,0.1951647967371783,0.03270762482057294,0.6948097649576649,2595.12,4.746967711221529,143.5546875,False,False,False,False,False,A,LOW,0.0,False
3.3436734693877552,0.4678,All of the Lights.wav,0.15790250897407532,0.21253279374420567,0.22082662583422494,0.0415725762910792,0.7632069880607144,3339.9,2.252364049625465,143.5546875,False,False,False,False,False,A,LOW,0.0,False
3.436553287981859,0.4646,All of the Lights.wav,0.17758192121982574,0.2502478283875495,0.21277753651884454,0.027922485380116754,0.6441724501098942,2152.94,4.084547421656295,143.5546875,False,False,False,False,False,A,LOW,0.0,False
3.5294331065759637,0.4614,All of the Lights.wav,0.19792543351650238,0.29483032992717534,0.2805159516637198,0.03982973729632529,0.6607688290245062,2288.87,3.2276898952616055,143.5546875,False,False,False,False,False,A,LOW,0.0,False
3.622312925170068,0.4615,All of the Lights.wav,0.1763370782136917,0.2697348977679039,0.22934932931806307,0.034003933662141134,0.6713738658787824,2380.19,5.155588193533611,143.5546875,False,False,False,False,False,A,LOW,0.0,False
3.7151927437641725,0.4583,All of the Lights.wav,0.22770905494689941,0.2535635247808265,0.28011682970949364,0.03927157950904253,0.6845043589137222,2498.31,3.7086671641401265,143.5546875,False,False,False,False,False,A,LOW,0.0,False
3.8080725623582765,0.4572,All of the Lights.wav,0.2694169878959656,0.29678467962474603,0.397953085913074,0.02779349067139834,0.6107119622495849,1902.95,2.5169430813608162,143.5546875,False,False,False,False,False,A,LOW,0.0,False
3.900952380952381,0.726,All of the Lights.wav,0.23587608337402344,0.3402842653240426,0.3170583047179267,0.03836148094787772,0.6172265670126572,1949.23,3.7482074051473635,143.5546875,False,False,False,False,False,A,LOW,0.0,False
3.9938321995464854,1.7029,All of the Lights.wav,0.2570641338825226,0.37032674777133573,0.3779031940513046,0.04197034390754358,0.6394716612035859,2115.93,2.3449273769380725,143.5546875,False,False,False,False,False,A,LOW,0.0,False
4.08671201814059,0.6189,All of the Lights.wav,0.24343076348304749,0.30877854993164605,0.31444133468436486,0.050131923133816564,0.6650202829046521,2325.05,3.4168572902826977,143.5546875,False,False,False,False,False,A,MID,0.25148080622784014,False
4.179591836734694,0.5565,All of the Lights.wav,0.21710169315338135,0.26507809901391066,0.3122163531354734,0.05152150549418483,0.676762023448964,2427.97,2.5036779572216132,143.5546875,False,False,False,False,False,A,MID,0.2545728678968126,False
4.272471655328798,0.5133,All of the Lights.wav,0.1699458509683609,0.2761161903360323,0.2561826040845908,0.04116650551414046,0.6741768945159319,2404.93,2.309520191111443,143.5546875,False,False,False,False,False,A,MID,0.2535401783182439,False
4.365351473922902,0.5241,All of the Lights.wav,0.17231842875480652,0.24569701853749157,0.20576037529964966,0.05965558776706085,0.7125242694260867,2770.36,2.2002704927937216,143.5546875,False,False,False,False,False,A,MID,0.2527975042370584,False
4.458231292517007,0.5201,All of the Lights.wav,0.1837090700864792,0.24969448868799754,0.1673939531194951,0.0804972689997455,0.7054631625908877,2699.13,3.006726718753668,143.5546875,False,False,False,False,False,A,LOW,0.0,False
4.551111111111111,0.5222,All of the Lights.wav,0.1781730204820633,0.2358309336196147,0.19370560369859474,0.08734151250465384,0.6858684571947514,2510.92,3.5968359695891703,143.5546875,False,False,False,False,False,A,LOW,0.0,False
4.6439909297052155,0.5068,All of the Lights.wav,0.11811564862728119,0.1998373717877149,0.1732591739081621,0.04323244757905362,0.6772731586461053,2432.55,2.629883386953008,143.5546875,False,False,False,False,False,A,LOW,0.0,False
4.73687074829932,0.5061,All of the Lights.wav,0.17907315492630005,0.15321429515400947,0.2299085414118417,0.02515564286201335,0.6348621710215291,2080.26,4.674751175379845,143.5546875,False,False,False,False,False,A,LOW,0.0,False
4.829750566893424,0.5062,All of the Lights.wav,0.11019860953092575,0.21173212244200906,0.18832118730130645,0.02815029787106768,0.6414492428683239,2131.43,2.775015285032707,143.5546875,False,False,False,False,False,A,LOW,0.0,False
4.922630385487528,0.5088,All of the Lights.wav,0.1670820415019989,0.2925827537809198,0.14743035642768218,0.05118420327054576,0.7873846352641983,3651.47,4.346749630083215,143.5546875,False,False,False,False,False,A,LOW,0.0,False
5.015510204081632,0.5282,All of the Lights.wav,0.14740265905857086,0.30720695781144364,0.20222834247054738,0.04389066343804802,0.7248400392644668,2899.13,2.1839677747386816,143.5546875,False,False,False,False,False,A,LOW,0.0,False
5.108390022675737,0.4984,All of the Lights.wav,0.15489624440670013,0.3135285313993879,0.16414249783170096,0.03261824609384786,0.734438983652464,3003.62,3.1716041703803723,143.5546875,False,False,False,False,False,A,LOW,0.0,False
5.201269841269841,0.5067,All of the Lights.wav,0.1804453730583191,0.3056012662675118,0.23023774511902367,0.0495332148269712,0.8030813753791756,3869.14,2.204797789666009,143.5546875,False,False,False,False,False,A,LOW,0.0,False
5.294149659863946,0.5069,All of the Lights.wav,0.13000810146331787,0.282007671504628,0.14876997657194896,0.059662374129110456,0.909839438478076,5736.5,4.538177157897598,143.5546875,False,False,False,False,False,A,LOW,0.0,False
5.38702947845805,0.4967,All of the Lights.wav,0.16617794334888458,0.24027207423339256,0.1642885095494782,0.06225179466592668,0.7725002999532934,3456.38,3.4115023371974367,143.5546875,False,False,False,False,False,A,LOW,0.0,False
5.479909297052155,0.5025,All of the Lights.wav,0.19209197163581848,0.21140952324744341,0.21619722363949342,0.0713687856411187,0.7309230455909628,2964.92,3.412123781471345,143.5546875,False,False,False,False,False,A,LOW,0.0,False
5.572789115646258,0.5038,All of the Lights.wav,0.202306866645813,0.22816309836974807,0.25290242357671966,0.06631189675213935,0.6892128389038414,2542.09,3.5914876235825077,143.5546875,False,False,False,False,False,A,LOW,0.0,False
5.6656689342403626,0.638,All of the Lights.wav,0.17280657589435577,0.2588618260790891,0.2578643993376954,0.050932948104962884,0.7273143944537281,2925.71,2.0444631733442153,143.5546875,False,False,False,False,False,A,LOW,0.0,False
5.758548752834467,0.5671,All of the Lights.wav,0.18251299858093262,0.2716018652750345,0.2312215052108151,0.03645497653649542,0.7422502865976199,3091.43,2.5826439512972765,143.5546875,False,False,False,False,False,A,LOW,0.0,False
5.851428571428571,0.5153,All of the Lights.wav,0.13053937256336212,0.26316138152231944,0.17655309367681818,0.036293310385050834,0.6978055726861324,2623.96,2.6244710742734525,143.5546875,False,False,False,False,False,A,LOW,0.0,False
5.944308390022676,0.5082,All of the Lights.wav,0.19748876988887787,0.2421839516070312,0.22629761831509182,0.041140972953386645,0.6854103873325805,2506.68,3.843400767152807,143.5546875,False,False,False,False,False,A,LOW,0.0,False
6.03718820861678,2.1237,All of the Lights.wav,0.19872181117534637,0.26021522545838793,0.2576684119929731,0.062493050676913756,0.7223193206617353,2872.29,2.035749050803566,143.5546875,False,False,False,False,False,A,LOW,0.0,False
6.130068027210885,0.5402,All of the Lights.wav,0.17242592573165894,0.2778296602411462,0.207131099280767,0.06911130192381398,0.7250955906489117,2901.86,3.2555697393939145,143.5546875,False,False,False,False,False,A,LOW,0.0,False
6.222947845804988,0.5492,All of the Lights.wav,0.20300288498401642,0.27533816650469467,0.2246487535931003,0.07129688480448024,0.6831937521344208,2486.26,4.875420064552301,143.5546875,False,False,False,False,False,A,LOW,0.0,False
6.315827664399093,0.5278,All of the Lights.wav,0.18855127692222595,0.34673108628419147,0.2539803164816601,0.039632046754566816,0.6205982814306914,1973.63,2.4312306650528113,143.5546875,False,False,False,False,False,A,LOW,0.0,False
6.408707482993197,0.5746,All of the Lights.wav,0.21776899695396423,0.3448214012038593,0.27907006456860894,0.029704498949173926,0.6203093713368918,1971.53,3.724941990599321,143.5546875,False,False,False,False,False,A,LOW,0.0,False
6.501587301587302,0.5249,All of the Lights.wav,0.16672302782535553,0.3501773256983779,0.25293275650335256,0.03781006479448176,0.6721491673478336,2387.0,3.7256261115719607,143.5546875,False,False,False,False,False,A,LOW,0.0,False
6.594467120181406,0.5552,All of the Lights.wav,0.18425622582435608,0.3529361836061671,0.18906639845027803,0.05004146919594988,0.7801954606818279,3555.9,3.6018178111963204,143.5546875,False,False,False,False,False,A,LOW,0.0,False
6.6873469387755105,0.5453,All of the Lights.wav,0.23117239773273468,0.3483002145390071,0.27762302807643613,0.06147774769525827,0.761880515295829,3323.6,2.7286342109422135,143.5546875,False,False,False,False,False,A,LOW,0.0,False
6.780226757369615,0.6114,All of the Lights.wav,0.17425665259361267,0.3337892234001184,0.24792441004923316,0.039246407544408474,0.7085481165263224,2730.02,2.7935769851473964,143.5546875,False,False,False,False,False,A,LOW,0.0,False
6.873106575963718,0.5503,All of the Lights.wav,0.18608833849430084,0.3035093975191499,0.2581109027634324,0.04510246228917971,0.738379089180047,3047.6,3.1669256685126443,143.5546875,False,False,False,False,False,A,LOW,0.0,False
6.965986394557823,0.5502,All of the Lights.wav,0.183283731341362,0.2849410861386125,0.192357196741276,0.07678783168968066,0.9076515053485485,5690.39,2.152623978729204,143.5546875,False,False,False,False,False,A,LOW,0.0,False
7.058866213151927,0.5428,All of the Lights.wav,0.19594919681549072,0.2826828861677946,0.22204399003261396,0.06882096920643847,0.8336734970531704,4331.37,3.7789473285914976,143.5546875,False,False,False,False,False,A,LOW,0.0,False
7.151746031746032,0.5553,All of the Lights.wav,0.1806558072566986,0.2633505333832967,0.20633618561687714,0.07454756058191939,0.7222527843240018,2871.59,1.7923073563499543,143.5546875,False,False,False,False,False,A,LOW,0.0,False
7.244625850340136,0.529,All of the Lights.wav,0.5304591655731201,0.3155789603258942,0.6008301682043247,0.08302174233019276,0.7109131420748336,2753.95,9.33042876916448,143.5546875,False,False,False,False,False,A,LOW,0.0,False
7.337505668934241,0.556,All of the Lights.wav,0.5317500829696655,0.37484482103180633,0.7593347398383391,0.07289528235276077,0.6681482685306377,2352.03,3.2172692573524317,143.5546875,False,False,False,False,False,A,LOW,0.0,False
7.430385487528345,0.5322,All of the Lights.wav,0.5114923715591431,0.360578504498411,0.7415102343850237,0.06939772171772285,0.6724028387990167,2389.24,4.509577456434801,143.5546875,False,False,False,False,False,A,LOW,0.0,False
7.523265306122449,0.565,All of the Lights.wav,0.5088564157485962,0.3693528509418199,0.7723833596189278,0.07819154827142816,0.6621386970181367,2300.47,2.6793814506121314,143.5546875,False,False,False,False,False,A,LOW,0.0,False
7.616145124716553,0.5331,All of the Lights.wav,0.4984782040119171,0.37757980203391056,0.7612250481716389,0.062298958692625465,0.6489496887230722,2191.22,3.212065345173631,143.5546875,False,False,False,False,False,A,LOW,0.0,False
7.7090249433106575,0.5686,All of the Lights.wav,0.5088745951652527,0.3857328007993698,0.7587946705743139,0.06885981213185861,0.6523663496517665,2219.01,3.722411324947183,143.5546875,False,False,False,False,False,A,LOW,0.0,False
7.801904761904762,0.5485,All of the Lights.wav,0.5524436235427856,0.4268088625437659,0.7930707227860698,0.06072982043729389,0.6248724105577412,2004.99,3.276967510385092,143.5546875,False,False,False,False,False,A,MID,0.2967226559201822,False
7.894784580498866,0.5538,All of the Lights.wav,0.5837838053703308,1.9985930003346002,0.523566719490139,0.060300008529064544,0.6394683651347491,2115.91,5.842090486692841,143.5546875,False,False,False,False,False,A,MID,0.3018865231241731,False
7.987664399092971,0.5355,All of the Lights.wav,0.44808000326156616,1.641989145913301,0.3926560875590789,0.06471408652966094,0.6515490214114754,2212.33,2.291321373961469,143.5546875,False,False,False,False,False,A,MID,0.3039467042944992,False
8.080544217687075,2.9368,All of the Lights.wav,0.4832356870174408,1.6872989486996561,0.4615587507598802,0.062001166110442575,0.6569131034342773,2256.55,4.330563910311659,143.5546875,False,False,False,False,False,A,MID,0.3066933221138293,False
8.17342403628118,0.5801,All of the Lights.wav,0.525080144405365,1.5598139435945684,0.4624758381105959,0.07533911101985101,0.6631896930913254,2309.4,5.353285735434282,143.5546875,False,False,False,False,False,A,MID,0.3101910462431417,False
8.266303854875284,0.7487,All of the Lights.wav,0.490233838558197,1.3114453527780863,0.6654994068593719,0.07553665649992021,0.6537182768239523,2230.11,2.202160903570137,143.5546875,False,False,False,False,False,A,MID,0.31277768403284956,False
8.359183673469389,0.5431,All of the Lights.wav,0.5135415196418762,1.6700185004698047,0.32185192330617296,0.07925583611196611,0.6897295560855868,2546.94,5.717984702989663,143.5546875,False,False,False,False,False,A,MID,0.31573128351486235,False
8.452063492063493,0.5168,All of the Lights.wav,0.5641183853149414,1.3463286510166605,0.740678786083146,0.07343372039453917,0.6221594550994332,1985.03,3.97784799209032,143.5546875,False,False,False,False,False,A,MID,0.3195628542393313,False
8.544943310657596,0.513,All of the Lights.wav,0.5828366875648499,2.4235998135655006,0.3408870111753386,0.059964863418411084,0.5907731247008932,1768.01,4.365119246210121,143.5546875,False,False,False,False,False,A,MID,0.32356652079214054,False
8.6378231292517,0.525,All of the Lights.wav,0.35622385144233704,1.8635443951717685,0.19904621863076363,0.04067789787047077,0.6553546057863673,2243.61,2.434792891694088,143.5546875,False,False,False,False,False,A,MID,0.32223896166710475,False
8.730702947845804,0.5106,All of the Lights.wav,0.4900161921977997,1.259852097611882,0.4061889572067569,0.10587352915533638,0.7349701481398556,3009.51,7.593129479779354,143.5546875,False,False,False,False,False,A,MID,0.32421849217831344,False
8.823582766439909,0.5055,All of the Lights.wav,0.4793074131011963,1.8330267244605691,0.36630327348245884,0.09023643572272326,0.7367707748678117,3029.57,3.013963231920952,143.5546875,False,False,False,False,False,A,MID,0.3258653820672631,False
8.916462585034013,0.5088,All of the Lights.wav,0.4664735794067383,1.9335586687320108,0.22494322241911532,0.05725371627825315,0.7688297576403756,3409.9,3.546456624671229,143.5546875,False,False,False,False,False,A,MID,0.3271449692210279,False
9.009342403628118,0.5104,All of the Lights.wav,0.3219749331474304,1.7452101621930758,0.2161526944824921,0.05168974934784597,0.7516491823290206,3200.49,2.890774311038092,143.5546875,False,False,False,False,False,A,MID,0.3246602913765329,False
9.102222222222222,0.5279,All of the Lights.wav,0.45571357011795044,0.6058477734066555,0.21857774204501054,0.043736065317295486,0.7981212346538694,3798.99,10.31037379562899,143.5546875,False,False,False,False,False,A,MID,0.32575687580289836,False
9.195102040816327,0.6819,All of the Lights.wav,0.5565366148948669,2.643691513985553,0.27539186783212793,0.04405138009604751,0.6520213236620753,2216.19,3.9872698369116657,143.5546875,False,False,False,False,False,A,MID,0.32893753730006414,False
9.287981859410431,0.5584,All of the Lights.wav,0.5047628283500671,2.1569896620217714,0.19548130417554258,0.04042471369847013,0.6718814642274683,2384.65,1.6777311376569868,143.5546875,False,False,False,False,False,A,MID,0.3308981024626819,False
9.380861678004536,0.5188,All of the Lights.wav,0.5820176005363464,1.6724503232095138,0.6598311644426894,0.050102675531745036,0.6257791253142733,2011.71,8.152410491991644,143.5546875,False,False,False,False,False,A,MID,0.3343192588413821,False
9.47374149659864,0.5174,All of the Lights.wav,0.5801443457603455,1.6287706376295517,0.6393546941714541,0.04216951553273949,0.605985189149294,1870.06,3.046920731365373,143.5546875,False,False,False,False,False,A,MID,0.3375332860741507,False
9.566621315192744,0.5132,All of the Lights.wav,0.6115635633468628,2.237100141204072,0.4951268410303274,0.048219382037560925,0.63054745928135,2047.41,4.2804127318755985,143.5546875,False,False,False,False,False,A,MID,0.34065662177044315,False
9.659501133786849,0.5174,All of the Lights.wav,0.5123705863952637,2.5023002804080936,0.1705142893617894,0.03909188819358612,0.6310728353992289,2051.38,2.118446912018053,143.5546875,False,False,False,False,False,A,MID,0.34171680091743095,False
9.752380952380953,0.515,All of the Lights.wav,0.42441704869270325,1.7544780407339418,0.17241281864341365,0.04173112549521976,0.6751773303212223,2413.82,5.62159729466742,143.5546875,False,False,False,False,False,A,MID,0.3408040352532482,False
9.845260770975056,0.5162,All of the Lights.wav,0.5332416296005249,1.9378305665283906,0.2721607225290849,0.04275923896568285,0.6430395328704059,2143.97,8.874191467984659,143.5546875,False,False,False,False,False,A,MID,0.3422777556102879,False
9.93814058956916,0.5198,All of the Lights.wav,0.5385580658912659,1.5889228730893161,0.7151532096683181,0.0431667063016902,0.6143618244568981,1928.74,2.813010945869174,143.5546875,False,False,False,False,False,A,MID,0.34378318746351544,False
10.031020408163265,0.654,All of the Lights.wav,0.458880752325058,1.8925807598534408,0.18880527731480487,0.032309797999289784,0.6644545082174903,2320.2,2.4205576260147024,143.5546875,False,False,False,False,False,A,MID,0.3435505645179672,False
10.12390022675737,3.7009,All of the Lights.wav,0.5841841697692871,1.6071203322423815,0.6615693749191106,0.036771458102995605,0.5556560455239898,1553.19,10.701167690073795,143.5546875,False,False,False,False,False,A,MID,0.34586897494076546,False
10.216780045351474,0.5506,All of the Lights.wav,0.6036671996116638,2.4302456539396333,0.3656057702856808,0.03814503875369353,0.5794549979765785,1695.71,5.2350523888238385,143.5546875,False,False,False,False,False,A,MID,0.3484317267599539,False
10.309659863945578,0.5426,All of the Lights.wav,0.514560878276825,2.418248210497507,0.15516459601208282,0.018942226866771366,0.5358652576901735,1443.84,2.7575397780852238,143.5546875,False,False,False,False,False,A,MID,0.34914787403537106,False
10.402539682539683,0.6215,All of the Lights.wav,0.5802449584007263,1.7321176140746075,0.5491673433520052,0.0651968069972836,0.599874479784131,1828.37,10.94308290584115,143.5546875,True,True,False,True,False,A,MID,1.0,False
10.495419501133787,0.541,All of the Lights.wav,0.4957003593444824,1.6360789477720286,0.560678275436612,0.08761999396018637,0.6778147065788783,2437.42,2.4396210528835898,143.5546875,False,False,False,False,False,A,MID,0.65,False
10.588299319727891,0.5317,All of the Lights.wav,0.46546730399131775,1.9526335998534243,0.22601151052296956,0.044847600770217065,0.6456440436056392,2164.66,3.806039793863688,143.5546875,False,False,False,False,False,A,MID,0.42250000000000004,False
10.681179138321996,0.5293,All of the Lights.wav,0.442438542842865,1.9048491093330386,0.21979162398089402,0.040071465458486916,0.6870287712744682,2521.69,3.3815519009849413,143.5546875,False,False,False,False,False,A,MID,0.3498875123025738,False
10.7740589569161,0.5247,All of the Lights.wav,0.4768453538417816,1.8895162204847913,0.15950825780779887,0.051731560446288634,0.7986776929392477,3806.8,5.077957479146018,143.5546875,False,False,False,False,False,A,MID,0.3497413389741793,False
10.866938775510205,0.5271,All of the Lights.wav,0.5358676314353943,2.177125514909621,0.36303242777808714,0.06271345563601465,0.6527697580501317,2222.32,8.849460697358644,143.5546875,False,False,False,False,False,A,MID,0.350820343955777,False
10.95981859410431,0.5174,All of the Lights.wav,0.4893544912338257,1.7682081105387382,0.3961997058559107,0.06861470853420458,0.6401533360696156,2121.26,2.4184558990777703,143.5546875,False,False,False,False,False,A,MID,0.3508941053479726,False
11.052698412698414,0.5302,All of the Lights.wav,0.5567395687103271,1.6628346027131917,0.5582407886036916,0.07127596454580026,0.6498021493845654,2198.12,5.7298353030251805,143.5546875,False,False,False,False,False,A,MID,0.35232387166841367,False
11.145578231292516,0.5301,All of the Lights.wav,0.5405129790306091,1.4542908651221242,0.6206387785295189,0.07487495048263987,0.7767039955131921,3510.4,3.1616533614830487,143.5546875,False,False,False,False,False,A,MID,0.3533655740231677,False
11.23845804988662,0.5302,All of the Lights.wav,0.5904004573822021,1.860163034596349,0.5912000207646804,0.05551725931476126,0.6951878877036034,2598.74,4.318966001294129,143.5546875,False,False,False,False,False,A,MID,0.3553090428166898,False
11.331337868480725,0.5322,All of the Lights.wav,0.5498862862586975,2.372106989059611,0.38128146256765577,0.056161951357373605,0.6347639751471961,2079.5,2.7076568682192774,143.5546875,False,False,False,False,False,A,MID,0.35638513538211053,False
11.42421768707483,0.5511,All of the Lights.wav,0.44792962074279785,1.6490419728539163,0.41681272732207086,0.05403069592261834,0.6585131808933032,2269.9,2.1072552472347463,143.5546875,False,False,False,False,False,A,MID,0.355278235764909,False
11.517097505668934,0.6325,All of the Lights.wav,0.49235209822654724,1.718792297083095,0.36588669356117903,0.06452852144010023,0.6920133551482269,2568.48,4.131844117721432,143.5546875,False,False,False,False,False,A,MID,0.3551922677523821,False
11.609977324263038,0.6207,All of the Lights.wav,0.5658136606216431,1.4443821253280114,0.693366113337429,0.06296809914576212,0.7011316883007386,2656.35,7.002693269488085,143.5546875,False,False,False,False,False,A,MID,0.35658142712933666,False
11.702857142857143,0.5688,All of the Lights.wav,0.447764128446579,1.8392264962363665,0.301896256080119,0.07885947772730051,0.8371268980769594,4386.9,2.9212134747634173,143.5546875,False,False,False,False,False,A,MID,0.35546099003722303,False
11.795736961451247,0.581,All of the Lights.wav,0.5711216926574707,1.2246479252255296,0.7067471129854016,0.044252522994918005,0.6449203151268758,2158.89,7.256477878908383,143.5546875,False,False,False,False,False,A,MID,0.3569377967101798,False
11.888616780045352,0.5516,All of the Lights.wav,0.5940432548522949,1.8263309875023868,0.5561668272648086,0.056782592842168716,0.6665982773368038,2338.62,4.4085035052293815,143.5546875,False,False,False,False,False,A,MID,0.35877013962074633,False
11.981496598639456,0.5653,All of the Lights.wav,0.3900665044784546,2.2689029160974523,0.19060084484609865,0.0429134608862456,0.6578389526979368,2264.27,1.9841701476490148,143.5546875,False,False,False,False,False,A,MID,0.35617563587143886,False
12.07437641723356,0.5524,All of the Lights.wav,0.4870961606502533,0.7011631494091722,0.42092852303005224,0.09357706871155433,0.8044291535702861,3888.43,11.57733347676317,143.5546875,False,False,False,False,False,A,MID,0.3559338653011876,False
12.167256235827665,4.3918,All of the Lights.wav,0.4196806848049164,0.4658632468051908,0.7419168772734102,0.10028380916505504,0.7138839105937206,2784.29,2.7329753934231165,143.5546875,False,False,False,False,False,A,MID,0.35419897619955015,False
12.26013605442177,0.8654,All of the Lights.wav,0.2737942636013031,0.27964955529015384,0.400176373117485,0.06380849549125787,0.7136504756051807,2781.9,2.6098184704577765,143.5546875,False,False,False,False,False,A,MID,0.34851020939949146,False
12.353015873015874,0.5601,All of the Lights.wav,0.26311472058296204,0.30806820261457596,0.37860412521812864,0.06637361743743991,0.7234323758348435,2884.11,4.47473296087201,143.5546875,False,False,False,False,False,A,MID,0.3427426055878374,False
12.445895691609977,0.5276,All of the Lights.wav,0.17499694228172302,0.2201573462335519,0.23013897119151544,0.07606412279935562,0.8839961371141756,5214.89,2.3036055740212444,143.5546875,False,False,False,False,False,A,MID,0.33349635434781133,False
12.538775510204081,0.5202,All of the Lights.wav,0.5957154035568237,1.9378284357285056,0.34085842578980036,0.05827010997645246,0.7137020417263008,2782.43,9.108747674818213,143.5546875,False,False,False,False,False,A,MID,0.336531654236421,False
12.631655328798185,0.5194,All of the Lights.wav,0.3767721354961395,1.6449507725263959,0.41532886818755327,0.04452782465325379,0.6291958464112835,2037.23,1.881609430454505,143.5546875,False,False,False,False,False,A,MID,0.33471336727087897,False
12.72453514739229,0.5245,All of the Lights.wav,0.5280181169509888,0.5398690137598567,0.6453713269920318,0.04865002182194246,0.6448329162278819,2158.2,7.471635425713533,143.5546875,False,False,False,False,False,A,MID,0.336387359702006,False
12.817414965986394,0.5255,All of the Lights.wav,0.5332950949668884,0.45889618007304733,0.7587497322708652,0.05161226494709452,0.6507266010949807,2205.63,4.605915194692022,143.5546875,False,False,False,False,False,A,MID,0.3380829773642848,False
12.910294784580499,0.5269,All of the Lights.wav,0.5248790979385376,0.6319257169631135,0.783825611134114,0.07788829215264312,0.766598594777992,3381.95,5.189509704368791,143.5546875,False,False,False,False,False,A,MID,0.3395254921650407,False
13.003174603174603,0.5167,All of the Lights.wav,0.5529672503471375,1.6836464428582851,0.5802503629653792,0.08365554332807308,0.6889754503093782,2539.86,3.6227345484242575,143.5546875,False,False,False,False,False,A,MID,0.3414506597228641,False
13.096054421768708,0.5152,All of the Lights.wav,0.555595874786377,1.4617600885396276,0.662213588857025,0.06942623945685746,0.6424999647687842,2139.7,3.110036900416258,143.5546875,False,False,False,False,False,A,MID,0.34333049288377343,False
13.188934240362812,0.5185,All of the Lights.wav,0.49742934107780457,1.6794160335149486,0.517257300143942,0.07536789850412333,0.6726921064081277,2391.79,3.3972811753988488,143.5546875,False,False,False,False,False,A,MID,0.3439482855045784,False
13.281814058956916,0.5174,All of the Lights.wav,0.5647205114364624,1.3232545091545003,0.6603620808955202,0.06949625199545915,0.6699433787147195,2367.66,3.450342029892037,143.5546875,False,False,False,False,False,A,MID,0.34587874698747434,False
13.374693877551021,0.5156,All of the Lights.wav,0.4701385796070099,1.6212334763329255,0.5193185416672597,0.06171986981333877,0.7058543603565441,2703.03,3.581090104379626,143.5546875,False,False,False,False,False,A,MID,0.3457880414976261,False
13.467573696145125,0.5244,All of the Lights.wav,0.560404360294342,1.6358178331759017,0.5370225899694483,0.07421567454469621,0.6689275971250378,2358.81,5.183659459736762,143.5546875,False,False,False,False,False,A,MID,0.347543737223709,False
13.56045351473923,0.5159,All of the Lights.wav,0.5543354749679565,1.580914916321183,0.636994731651113,0.06605036349251496,0.6141804714354294,1927.45,4.007267580791719,143.5546875,False,False,False,False,False,A,MID,0.3490945194728767,False
13.653333333333334,0.5178,All of the Lights.wav,0.5213150382041931,1.9169989004701593,0.4963050242225983,0.07284682042932189,0.6377094028155852,2102.22,2.323751247819394,143.5546875,False,False,False,False,False,A,MID,0.34991461372910154,False
13.746213151927437,0.76,All of the Lights.wav,0.5358321666717529,1.71577042440381,0.4958462661965971,0.07831694057928969,0.6862389292436887,2514.35,6.54510088814933,143.5546875,False,False,False,False,False,A,MID,0.3509842518484374,False
13.839092970521541,0.6125,All of the Lights.wav,0.5167694091796875,1.7201491935094335,0.46437470761004607,0.12932501786373612,0.7047487313232758,2692.03,3.5456015806707173,143.5546875,False,False,False,False,False,A,MID,0.3516177350759203,False
13.931972789115646,0.5648,All of the Lights.wav,0.45535752177238464,1.8642061497646623,0.2890937814467284,0.09719581731148952,0.8204070961500582,4124.5,2.001972601919862,143.5546875,False,False,False,False,False,A,MID,0.35091528902894953,False
14.02485260770975,0.5307,All of the Lights.wav,0.5682632923126221,1.475803866413819,0.5977729539162223,0.09292994263266903,0.7609022493595836,3311.62,5.187334553441201,143.5546875,False,False,False,False,False,A,MID,0.3525650262324886,False
14.117732426303855,0.5416,All of the Lights.wav,0.5612220168113708,1.3549697154175533,0.678845540988607,0.07018253911941635,0.6600335321344551,2282.67,2.897308315348964,143.5546875,False,False,False,False,False,A,MID,0.3539975873975124,False
14.210612244897959,3.6197,All of the Lights.wav,0.548453152179718,1.5826598025005563,0.6255286086628143,0.07005179151278475,0.6322674332723291,2060.44,4.690476723585916,143.5546875,False,False,False,False,False,A,MID,0.35511131295968634,False
14.303492063492063,0.5988,All of the Lights.wav,0.5569375157356262,1.5819398096730117,0.6048563238574307,0.07073318430157165,0.6522976612494696,2218.45,2.254920966406746,143.5546875,False,False,False,False,False,A,MID,0.3563340417049522,False
14.396371882086168,0.5622,All of the Lights.wav,0.5539745092391968,1.5644967011375681,0.6476507825227231,0.055311218657544785,0.6423007993931005,2138.13,4.533370408304193,143.5546875,False,False,False,False,False,A,MID,0.35743831471153154,False
14.489251700680272,0.5926,All of the Lights.wav,0.5473860502243042,1.3116225802190338,0.6847166612228001,0.0734809162138772,0.6493034350486341,2194.08,2.716463601141913,143.5546875,False,False,False,False,False,A,MID,0.3583591677571555,False
14.582131519274377,0.5437,All of the Lights.wav,0.5580049157142639,1.2882000713265531,0.6878437485979763,0.06928884064749734,0.6365264967749001,2093.07,3.2990829148293987,143.5546875,False,False,False,False,False,A,MID,0.359440101767938,False
14.675011337868481,0.5481,All of the Lights.wav,0.541318416595459,2.1569196144566574,0.4621328505687112,0.06210196162135058,0.6487740327573158,2189.8,5.410841383137575,143.5546875,False,False,False,False,False,A,MID,0.3601418585091528,False
14.767891156462586,0.5302,All of the Lights.wav,0.5016998052597046,1.2753645144085402,0.5926887232942789,0.0625168772010411,0.6598530510508576,2281.15,2.719247424367076,143.5546875,False,False,False,False,False,A,MID,0.35991388503339405,False
14.86077097505669,0.5584,All of the Lights.wav,0.49154967069625854,1.4773084765761004,0.5354657337341554,0.05243821399416765,0.6643347053740516,2319.18,2.731108629896697,143.5546875,False,False,False,False,False,A,MID,0.3594749562361131,False
14.953650793650795,0.5305,All of the Lights.wav,0.5551992654800415,1.3978718336567195,0.6419155036798465,0.05858381356315358,0.6516448623356516,2213.12,3.971290702436036,143.5546875,False,False,False,False,False,A,MID,0.3604009698435207,False
15.046530612244897,0.5456,All of the Lights.wav,0.49875324964523315,1.547643531173632,0.5759592488280445,0.06223181648320582,0.6748451955817655,2410.86,2.941206546485333,143.5546875,False,False,False,False,False,A,MID,0.36009583694258784,False
15.139410430839002,0.5243,All of the Lights.wav,0.5531740188598633,1.6036266511010757,0.5486241103521675,0.062394574667929914,0.6491551788763239,2192.88,4.312695131294976,143.5546875,False,False,False,False,False,A,MID,0.36094983401008485,False
15.232290249433106,0.5604,All of the Lights.wav,0.5521811842918396,1.3877743327156962,0.6617190052953398,0.06560038544585879,0.6498650426068281,2198.63,4.369835970708863,143.5546875,False,False,False,False,False,A,MID,0.36173967590524764,False
15.32517006802721,0.5253,All of the Lights.wav,0.47165846824645996,2.262162879885633,0.32495460973111795,0.07038984192192874,0.7342948423225895,3002.03,2.3437027532292145,143.5546875,False,False,False,False,False,A,MID,0.36076009716628027,False
15.418049886621315,0.5376,All of the Lights.wav,0.4324703514575958,1.5673941568318377,0.23410253590265126,0.06673322578240351,0.8064277445350102,3917.2,3.6578383708217075,143.5546875,False,False,False,False,False,A,MID,0.3589063944008202,False
15.51092970521542,0.5216,All of the Lights.wav,0.48511025309562683,1.4675050142311166,0.4182861221855266,0.11749734575162683,0.7285019686894728,2938.56,7.854717693215789,143.5546875,False,False,False,False,False,A,MID,0.3583718918069823,False
15.603809523809524,0.5411,All of the Lights.wav,0.4741494655609131,1.8848875430796916,0.32544345405281344,0.07933795508195549,0.7438360816528699,3109.57,2.921201197907027,143.5546875,False,False,False,False,False,A,MID,0.35761737395976395,False
15.696689342403628,0.5257,All of the Lights.wav,0.464226633310318,1.9658074996498043,0.21930160430358497,0.05098888734910386,0.7344749612653177,3004.02,4.47001028137814,143.5546875,False,False,False,False,False,A,MID,0.3566734773785043,False
15.789569160997733,0.5988,All of the Lights.wav,0.17795071005821228,1.3173733823994214,0.19902951849392467,0.045393416837609155,0.7269750531635364,2922.05,2.7291120929270596,143.5546875,False,False,False,False,False,A,MID,0.3425956284376928,False
15.882448979591837,0.979,All of the Lights.wav,0.5282602906227112,1.3339561655246963,0.2643845586439169,0.03490651672502496,0.6594815568378681,2278.03,10.739888778501593,143.5546875,False,True,False,False,False,A,MID,0.34366694515916524,False
15.975328798185942,0.6766,All of the Lights.wav,0.47590160369873047,2.4016269904581744,0.22177864068366338,0.03547888954270173,0.5967990156643028,1807.75,1.4026808943356608,143.5546875,False,False,False,False,False,A,MID,0.3434353309116862,False
16.068208616780044,0.5985,All of the Lights.wav,0.5215426683425903,1.99585793036213,0.21090552386440203,0.038346590663360394,0.632439015416352,2061.75,8.090906218164328,143.5546875,False,False,False,False,False,A,MID,0.3443101534845052,False
16.16108843537415,0.6464,All of the Lights.wav,0.5485846400260925,1.6245515479951116,0.6683858540283769,0.04734316191470809,0.6181498517546301,1955.88,5.431636480221419,143.5546875,False,False,False,False,False,A,MID,0.345753904279491,False
16.253968253968253,4.4055,All of the Lights.wav,0.5839143991470337,1.556215748423179,0.6750742337690735,0.038739865660105836,0.5845569173798947,1727.93,3.078875316488548,143.5546875,False,False,False,False,False,A,MID,0.3478912638071588,False
16.34684807256236,0.6048,All of the Lights.wav,0.6363663673400879,2.4720808757816997,0.38167614930988414,0.0488535962122331,0.6240661291447718,1999.04,4.606547518677988,143.5546875,False,False,False,False,False,A,MID,0.3504967006168008,False
16.439727891156462,0.6231,All of the Lights.wav,0.48909616470336914,2.421606983434116,0.16981478842069492,0.03996866816623349,0.6233298788142173,1993.62,1.6929620687448124,143.5546875,False,False,False,False,False,A,MID,0.3497706295687736,False
16.532607709750568,0.7289,All of the Lights.wav,0.4257600009441376,1.7578190222155885,0.19430548409110862,0.046468762239859185,0.6754318042633989,2416.09,5.652989025386411,143.5546875,False,False,False,False,False,A,MID,0.34745045305304917,False
16.62548752834467,0.5585,All of the Lights.wav,0.5627665519714355,1.7846403595754863,0.44045222421546787,0.04408432256233022,0.6298743659580233,2042.33,9.066056243725741,143.5546875,False,False,False,False,False,A,MID,0.34856138619755345,False
16.718367346938777,0.5334,All of the Lights.wav,0.48933014273643494,1.6439611598205854,0.6363695298616785,0.04075747883853647,0.6319011673148371,2057.66,1.9260464154799388,143.5546875,False,False,False,False,False,A,MID,0.34793203360755953,False
16.81124716553288,0.5325,All of the Lights.wav,0.5099755525588989,1.8540634336894721,0.19215408049258242,0.027697221624694263,0.6362539917153495,2090.97,8.790368226836618,143.5546875,False,False,False,False,False,A,MID,0.34782697508452787,False
16.904126984126986,0.5326,All of the Lights.wav,0.5817683935165405,1.5340557769657204,0.7354043119072914,0.03898644059144209,0.5742491594508173,1663.46,3.5516776238762335,143.5546875,False,False,False,False,False,A,MID,0.34932280598370585,False
16.99700680272109,0.5275,All of the Lights.wav,0.5753134489059448,2.588932007265512,0.30268956069726793,0.03306851738930725,0.5529640743904056,1537.84,5.757636465402784,143.5546875,False,False,False,False,False,A,MID,0.3506070165627531,False
17.08988662131519,0.5289,All of the Lights.wav,0.5108931064605713,2.1605382504360358,0.10316034706078732,0.01572265168499917,0.5310550974709625,1418.44,1.5505959110285157,143.5546875,False,False,False,False,False,A,MID,0.350389721917029,False
17.182766439909297,2.3954,All of the Lights.wav,0.5937604308128357,1.8414905507248494,0.595564501980303,0.076266952734264,0.6337779761728022,2071.96,8.075551688807325,143.5546875,True,True,False,True,False,A,MID,1.0,False
17.2756462585034,1.1003,All of the Lights.wav,0.48210659623146057,1.8412176297494638,0.44083477523542053,0.0763864464132372,0.6629572481124756,2307.42,2.342835847227533,143.5546875,False,False,False,False,False,A,MID,0.65,False
17.368526077097506,3.035,All of the Lights.wav,0.48395639657974243,1.9679803893350682,0.24558259552304412,0.0451426084982559,0.657472432465557,2261.21,5.169125741319096,143.5546875,False,False,False,False,False,A,MID,0.42250000000000004,False
17.46140589569161,0.6731,All of the Lights.wav,0.4919394254684448,1.8679593184514223,0.40210206986910335,0.04281449526333216,0.6480872426811336,2184.26,2.863579618569289,143.5546875,False,False,False,False,False,A,MID,0.34950091013759227,False
17.554285714285715,0.7006,All of the Lights.wav,0.5312402248382568,1.9488467367553772,0.24091612405029134,0.07294892715227916,0.7921990352845057,3716.9,10.21435293447081,143.5546875,False,True,False,False,False,A,MID,0.3498079861787531,False
17.647165532879818,0.6073,All of the Lights.wav,0.5672213435173035,2.454356209559478,0.3727538396332038,0.05727102240359531,0.6639484703192913,2315.88,4.189436375959506,143.5546875,False,False,False,False,False,A,MID,0.35089469400786133,False
17.740045351473924,0.6008,All of the Lights.wav,0.4997435510158539,1.7727895436638283,0.41956340893470506,0.044276976765237126,0.6254890635329957,2009.56,2.412503752256064,143.5546875,False,False,False,False,False,A,MID,0.35039939115246493,False
17.832925170068027,3.101,All of the Lights.wav,0.5681845545768738,1.619800723224924,0.6429198192758656,0.057466474428297894,0.6378894335078482,2103.62,5.574361361946999,143.5546875,False,False,False,False,False,A,MID,0.35147725168657545,False
17.925804988662133,3.5908,All of the Lights.wav,0.5673884749412537,1.5779121305995976,0.6319821400920376,0.07283804102198006,0.7681083610813721,3400.84,2.754843140825266,143.5546875,False,False,False,False,False,A,MID,0.3524840939692969,False
18.018684807256236,2.039,All of the Lights.wav,0.5586205124855042,2.052159989603682,0.4582417256091055,0.06747994965456616,0.7216901379596955,2865.64,4.3307252492038915,143.5546875,False,False,False,False,False,A,MID,0.35325071035895395,False
18.11156462585034,1.4678,All of the Lights.wav,0.5189935564994812,2.091318850122353,0.3751692266734027,0.07339263679679624,0.6461663558554366,2168.84,2.5556509066071142,143.5546875,False,False,False,False,False,A,MID,0.35308978014787906,False
18.204444444444444,0.9534,All of the Lights.wav,0.48629990220069885,1.927018072051646,0.3621072313747357,0.05839818554222854,0.6651935302378159,2326.54,4.712231909958692,143.5546875,False,False,False,False,False,A,MID,0.3521602027740645,False
18.297324263038547,6.8,All of the Lights.wav,0.517641544342041,1.7724133787390948,0.35647444965119673,0.06452032654275794,0.7281967406513353,2935.25,6.238585902068902,143.5546875,False,False,False,False,False,A,MID,0.35202249768915495,False
18.390204081632653,0.8209,All of the Lights.wav,0.49929869174957275,1.3762397608701753,0.646016705272916,0.09385540439447061,0.8297943032240593,4269.83,2.709437922590121,143.5546875,False,False,False,False,False,A,MID,0.3514601845746985,False
18.483083900226756,0.6263,All of the Lights.wav,0.5107219815254211,1.750310473484074,0.36934767603274926,0.0606359924602056,0.7220468983053453,2869.41,3.9499576912800025,143.5546875,False,False,False,False,False,A,MID,0.3511962217565184,False
18.575963718820862,0.6111,All of the Lights.wav,0.5769191980361938,1.469363851384351,0.7354727603881127,0.04923043191956008,0.5899019172651584,1762.33,5.135672955551673,143.5546875,False,False,False,False,False,A,MID,0.35242091121868274,False
18.668843537414965,0.6223,All of the Lights.wav,0.6032368540763855,2.296123494903112,0.4296202110550605,0.048523969630758584,0.6179232197027831,1954.25,4.836145778020427,143.5546875,False,False,False,False,False,A,MID,0.35413379583648547,False
18.76172335600907,0.5973,All of the Lights.wav,0.3194284737110138,1.6936736106322055,0.33789235920314675,0.03599081832781577,0.675016350922358,2412.39,2.4262213217804303,143.5546875,False,False,False,False,False,A,MID,0.3482238803599678,False
18.854603174603174,0.6956,All of the Lights.wav,0.536770224571228,0.5944850880714683,0.6203468094443232,0.07141102048421474,0.7127534212468225,2772.71,6.645073582767743,143.5546875,True,True,False,True,False,A,MID,1.0,False
18.94748299319728,0.6274,All of the Lights.wav,0.40945619344711304,0.44148926325833426,0.6545701054652129,0.1041857263809497,0.6886847375196572,2537.14,2.8386514280779864,143.5546875,False,False,False,False,False,A,MID,0.65,False
19.040362811791383,0.7798,All of the Lights.wav,0.31177330017089844,0.38418546398469894,0.46621529124139677,0.04854805906705001,0.6710587979184224,2377.42,3.650163002023787,143.5546875,False,False,False,False,False,A,MID,0.42250000000000004,False
19.13324263038549,0.5813,All of the Lights.wav,0.3792181611061096,1.0980067964225837,0.38373692513484753,0.08803661544429603,0.6843639408152937,2497.02,4.2036713190838375,143.5546875,False,False,False,False,False,A,MID,0.33699429991732077,False
19.22612244897959,0.5609,All of the Lights.wav,0.3893766403198242,1.0837460431009696,0.3153362725185172,0.07158803865477836,0.7115898359486077,2760.83,4.241161120054409,143.5546875,False,False,False,False,False,A,MID,0.33426110506585166,False
19.319002267573698,0.5616,All of the Lights.wav,0.5396844148635864,2.1480582994690582,0.3797223973148161,0.057716378329140824,0.6139738659060827,1925.99,6.7366797319988265,143.5546875,False,True,False,False,False,A,MID,0.3355205374363135,False
19.4118820861678,0.7572,All of the Lights.wav,0.4726583957672119,1.7637527176011643,0.3602157504723756,0.043271244695822476,0.6209174546444345,1975.95,2.08645030704107,143.5546875,False,False,False,False,False,A,MID,0.33513221343132493,False
19.504761904761907,0.5822,All of the Lights.wav,0.5595797896385193,1.6483814363518152,0.6028400163104083,0.04882991676332465,0.6106521846231119,1902.53,5.251697962341743,143.5546875,False,False,False,False,False,A,MID,0.33678731302632225,False
19.59764172335601,0.571,All of the Lights.wav,0.567408561706543,1.138041837791421,0.7152974196450222,0.04861672193467091,0.61322644538863,1920.68,3.9097572679494252,143.5546875,False,False,False,False,False,A,MID,0.33852908458046427,False
19.690521541950112,0.7402,All of the Lights.wav,0.5532487034797668,1.3039205806665628,0.6691880098101506,0.055416630672552605,0.6308688246270506,2049.84,5.517568325216742,143.5546875,False,False,False,False,False,A,MID,0.33987594514432096,False
19.783401360544218,0.665,All of the Lights.wav,0.5800660252571106,2.0059534865911557,0.5686618865915058,0.0674722587267849,0.6274991102444032,2024.52,2.486228265211245,143.5546875,False,False,False,False,False,A,MID,0.34173335724852694,False
19.87628117913832,0.6444,All of the Lights.wav,0.5276980996131897,1.4657223879454606,0.6653629757629463,0.07064861551722953,0.6272665176821377,2022.78,2.6076988159128134,143.5546875,False,False,False,False,False,A,MID,0.34234822480999266,False
19.969160997732427,0.5855,All of the Lights.wav,0.5518021583557129,1.643776554738395,0.5197151098994831,0.07646026147980843,0.6594581192650903,2277.83,2.848081101733406,143.5546875,False,False,False,False,False,A,MID,0.34347233039907643,False
20.06204081632653,0.5733,All of the Lights.wav,0.5398468375205994,1.3196072571104536,0.7357719288625099,0.07313717128950653,0.6458824382192363,2166.57,6.223869166743575,143.5546875,False,False,False,False,False,A,MID,0.3442748394680314,False
20.154920634920636,0.5693,All of the Lights.wav,0.4622717499732971,1.6603917819057137,0.397578098119534,0.07534235420936478,0.6853283195286377,2505.92,2.1606839396703483,143.5546875,False,False,False,False,False,A,MID,0.3431863562419887,False
20.24780045351474,0.6188,All of the Lights.wav,0.5753844380378723,1.490914947754212,0.6225906759629516,0.0749337190427831,0.6283062585498698,2030.55,7.7566280607177,143.5546875,True,True,True,False,False,A,MID,1.0,True
20.340680272108845,3.9946,All of the Lights.wav,0.5272867679595947,1.7542841775208482,0.5507540503804761,0.0664236987632769,0.6182364143162928,1956.51,4.212394997310094,143.5546875,False,False,False,False,False,A,MID,0.65,False
20.433560090702947,0.9045,All of the Lights.wav,0.5267086029052734,2.072205022459421,0.37958785384195454,0.06087208725471867,0.6430209039635613,2143.82,2.8099611222497782,143.5546875,False,False,False,False,False,A,MID,0.42250000000000004,False
20.526439909297054,0.7769,All of the Lights.wav,0.5137503147125244,1.8082134099797493,0.41102918700892144,0.103875737034611,0.6748772453852141,2411.15,6.2059229607000175,143.5546875,False,False,False,False,False,A,MID,0.345746813624196,False
20.619319727891156,0.614,All of the Lights.wav,0.48093894124031067,1.6601362750813784,0.41260233195559937,0.11852176246667642,0.7029868518874277,2674.59,2.199333968164184,143.5546875,False,False,False,False,False,A,MID,0.3450528458270573,False
20.712199546485262,0.6132,All of the Lights.wav,0.49493107199668884,1.779242456765946,0.3019663761520595,0.07106172733319766,0.7315072661800519,2971.31,2.1515534159188228,143.5546875,False,False,False,False,False,A,MID,0.3447343228156896,False
20.805079365079365,0.5845,All of the Lights.wav,0.5491580367088318,1.4589476156292673,0.6828345619687579,0.06651672235413769,0.6681395006401101,2351.96,5.727665368921422,143.5546875,False,False,False,False,False,A,MID,0.34568082785341164,False
20.897959183673468,0.6205,All of the Lights.wav,0.5573916435241699,1.5245995017376193,0.6498992229614045,0.06324207571602283,0.6537108061240962,2230.05,2.4867950393921423,143.5546875,False,False,False,False,False,A,MID,0.34676080607941073,False
20.990839002267574,0.5835,All of the Lights.wav,0.5570669174194336,1.668704241876459,0.5610722057026075,0.0901725062342762,0.6602399030087204,2284.41,5.325216207918529,143.5546875,False,False,False,False,False,A,MID,0.3477796953160222,False
21.083718820861677,0.5952,All of the Lights.wav,0.5625295042991638,1.7587339968741604,0.5826904386326767,0.09160551677480838,0.6550869449557065,2241.4,2.6230200376056327,143.5546875,False,False,False,False,False,A,HIGH,0.3488664762129291,False
21.176598639455783,0.5672,All of the Lights.wav,0.571437656879425,1.6866848904939524,0.6073301628594449,0.06973289840523428,0.6266107692703062,2017.89,3.2236205031586933,143.5546875,False,False,False,False,False,A,HIGH,0.35009076725268234,False
21.269478458049885,0.6004,All of the Lights.wav,0.5510484576225281,1.5235956671505373,0.6301894355585506,0.06081729564659593,0.6080597986894657,1884.42,3.280757200907376,143.5546875,False,False,False,False,False,A,HIGH,0.3508111514785568,False
21.36235827664399,0.5654,All of the Lights.wav,0.5414074659347534,1.0835360627800015,0.6891317414671323,0.06677776620680158,0.6102279107296247,1899.55,5.794494951400291,143.5546875,False,False,False,False,False,A,HIGH,0.3512816297369636,False
21.455238095238094,0.7778,All of the Lights.wav,0.5211964845657349,2.459299046860238,0.24033749039765834,0.06460688258159658,0.65024154637653,2201.69,2.2912685445193195,143.5546875,False,False,False,False,False,A,HIGH,0.3512700098475839,False
21.5481179138322,0.5993,All of the Lights.wav,0.47982361912727356,2.0679842202469714,0.2099393341071913,0.049191819972458445,0.6484685715114856,2187.34,1.9460700407872018,143.5546875,False,False,False,False,False,A,HIGH,0.3502723586167042,False
21.640997732426303,0.6358,All of the Lights.wav,0.47679010033607483,1.8502514283713918,0.3007882375912585,0.04627009228267284,0.6666027218915165,2338.66,4.300803740858302,143.5546875,False,False,False,False,False,A,HIGH,0.3492494505133316,False
21.73387755102041,0.6075,All of the Lights.wav,0.5865342020988464,1.5767348065191822,0.651274234896894,0.04858796515312013,0.6152944021491694,1935.39,5.943624614177819,143.5546875,False,False,False,False,False,A,HIGH,0.35077442255103736,False
21.826757369614512,0.7043,All of the Lights.wav,0.4697752892971039,1.769507999163095,0.44738644513556636,0.046022281424856704,0.6635744626364372,2312.68,2.5628950757915594,143.5546875,False,False,False,False,False,A,HIGH,0.34955106321733126,False
21.91963718820862,0.6967,All of the Lights.wav,0.577384889125824,1.6730473541652686,0.5856709547496475,0.04192367977409358,0.5865684304610463,1740.8,6.653892641543238,143.5546875,True,True,True,False,False,A,HIGH,1.0,True
22.01251700680272,0.6507,All of the Lights.wav,0.5599899888038635,1.8310215243243684,0.5740176762992997,0.04752912276112854,0.6115895451363262,1909.12,5.196526985699374,143.5546875,False,False,False,False,False,A,HIGH,0.65,False
22.105396825396827,0.6284,All of the Lights.wav,0.5413212776184082,2.3018375447599926,0.3558014658830955,0.03574012967475736,0.584870259385021,1729.92,3.251485821493604,143.5546875,False,False,False,False,False,A,HIGH,0.42250000000000004,False
22.19827664399093,0.6228,All of the Lights.wav,0.4832134246826172,1.9069213466415724,0.30281237295101926,0.04957467550790395,0.6129298198652036,1918.58,8.13417431988282,143.5546875,True,True,False,True,False,A,HIGH,1.0,False
22.291156462585032,0.5725,All of the Lights.wav,0.5022957921028137,1.7674503691208878,0.4165771266019971,0.10887025004185368,0.6902656514990398,2551.98,3.221949438037508,143.5546875,False,False,False,False,False,A,HIGH,0.65,False
22.38403628117914,3.71,All of the Lights.wav,0.5003305077552795,1.833478061898661,0.4026074495543936,0.062229585390896805,0.6599409872127502,2281.89,1.844945908095266,143.5546875,False,False,False,False,False,A,HIGH,0.42250000000000004,False
22.47691609977324,0.925,All of the Lights.wav,0.48064887523651123,1.9576477419789342,0.298616813097229,0.046991865294909056,0.6694175052121232,2363.07,3.8420415534782575,143.5546875,False,False,False,False,False,A,HIGH,0.3493107441658181,False
22.569795918367348,0.767,All of the Lights.wav,0.5218957662582397,1.8377220401225083,0.4336179916252724,0.04046085814151977,0.6671475312760519,2343.37,2.100339543386965,143.5546875,False,False,False,False,False,A,HIGH,0.3493967858511905,False
22.66267573696145,0.6446,All of the Lights.wav,0.600311815738678,2.1489916277508656,0.4908556080999346,0.03675766544419048,0.5941961839740434,1790.47,7.9544057248035,143.5546875,True,True,True,False,False,A,HIGH,1.0,True
22.755555555555556,0.7738,All of the Lights.wav,0.5357789993286133,2.099462390223701,0.47583971974228567,0.04158222023972252,0.593727143436023,1787.38,2.011798089155536,143.5546875,False,False,False,False,False,A,HIGH,0.65,False
22.84843537414966,0.8037,All of the Lights.wav,0.5456089973449707,1.7127931010315762,0.5201186328927793,0.04457538547823448,0.6184809753777964,1958.27,4.170654356809608,143.5546875,False,False,False,False,False,A,HIGH,0.42250000000000004,False
22.941315192743765,0.6329,All of the Lights.wav,0.5118591785430908,1.0368580490918409,0.6913846389758322,0.047653182650901973,0.6333193159519215,2068.45,2.8856649553542373,143.5546875,False,False,False,False,False,A,HIGH,0.351738367830811,False
23.034195011337868,0.5802,All of the Lights.wav,0.5214266777038574,0.46025222429231405,0.792204133397214,0.04595310272674465,0.6164707846138795,1943.81,2.9670640810351094,143.5546875,False,False,False,False,False,A,HIGH,0.35169214352180206,False
23.127074829931974,0.5895,All of the Lights.wav,0.5596379041671753,2.2642485008868514,0.36780205266215116,0.05183773881034816,0.6370046733765379,2096.76,5.493801867761555,143.5546875,False,False,False,False,False,A,HIGH,0.352509749731528,False
23.219954648526077,0.5841,All of the Lights.wav,0.4548336863517761,1.8246386760645463,0.33716515379648965,0.04556038609911845,0.6454668776831481,2163.25,2.6189840868344887,143.5546875,False,False,False,False,False,A,HIGH,0.35078807573177256,False
23.312834467120183,0.5863,All of the Lights.wav,0.4933623969554901,1.8834101029515509,0.3502107380419586,0.04143536806826982,0.6612010390779516,2292.52,4.543230959265731,143.5546875,False,False,False,False,False,A,HIGH,0.35012275372324897,False
23.405714285714286,0.5795,All of the Lights.wav,0.5575387477874756,1.6344180919409852,0.5753748119067879,0.04315634735492885,0.6186751162168199,1959.68,5.564361981728028,143.5546875,False,False,False,False,False,A,HIGH,0.35097275739271294,False
23.49859410430839,0.7738,All of the Lights.wav,0.49051859974861145,1.6298315959843321,0.5511361250155443,0.042686476203520445,0.6464322331823004,2170.97,2.355913876404735,143.5546875,False,False,False,False,False,A,HIGH,0.35022887630018273,False
23.591473922902495,0.6294,All of the Lights.wav,0.5553107261657715,1.7708533969804676,0.47471973385034016,0.03349314891516644,0.5991447739356026,1823.46,5.480161839924989,143.5546875,False,False,False,False,False,A,HIGH,0.35102452120341415,False
23.684353741496597,0.7354,All of the Lights.wav,0.579959511756897,1.6765693325355606,0.6516510716209115,0.04143274123649438,0.5834531025050049,1720.9,5.786371944572489,143.5546875,False,False,False,False,False,A,HIGH,0.3523145597920294,False
23.777233560090703,0.6223,All of the Lights.wav,0.5763646960258484,2.4915753503157188,0.33069268063944657,0.03155206874402076,0.5512566602499818,1528.19,2.743707728691765,143.5546875,False,False,False,False,False,A,HIGH,0.3534633265135919,False
23.870113378684806,0.583,All of the Lights.wav,0.5004246830940247,1.8974115566413647,0.39774126680995847,0.02336810303963255,0.5490518283914216,1515.81,3.931253728583527,143.5546875,False,False,False,False,False,A,HIGH,0.35283494261409043,False
23.962993197278912,0.6185,All of the Lights.wav,0.5428228974342346,1.4301769196861562,0.6750041660739428,0.08504624982030205,0.6592488006682354,2276.07,7.1295313816966885,143.5546875,True,True,False,True,False,A,HIGH,1.0,False
24.055873015873015,0.5895,All of the Lights.wav,0.47909989953041077,1.7307066622763756,0.44065930847960066,0.06925414933118364,0.658614669099928,2270.75,2.341001072549124,143.5546875,False,False,False,False,False,A,HIGH,0.65,False
24.14875283446712,0.6976,All of the Lights.wav,0.5030853748321533,1.8386797512777115,0.4074271491943444,0.039670986728254094,0.6461627012511826,2168.81,3.6057911647285428,143.5546875,False,False,False,False,False,A,HIGH,0.42250000000000004,False
24.241632653061224,0.7964,All of the Lights.wav,0.46644091606140137,1.875899301976822,0.32427515549008695,0.04342655818122976,0.6480291461775938,2183.79,2.239773204564527,143.5546875,False,False,False,False,False,A,HIGH,0.3502125347366232,False
24.33451247165533,0.678,All of the Lights.wav,0.5219529867172241,1.935698413879332,0.3180619989532102,0.03414857695798522,0.5965938259051273,1806.38,6.799396956469164,143.5546875,False,False,False,False,False,A,HIGH,0.3502548140925347,False
24.427392290249433,4.7308,All of the Lights.wav,0.502912700176239,2.111516386514792,0.31626915891945967,0.03896579091687655,0.591725237104258,1774.23,2.3902237755637286,143.5546875,False,False,False,False,False,A,HIGH,0.3498465066160447,False
24.52027210884354,0.9367,All of the Lights.wav,0.5525322556495667,2.0069944793028167,0.3822567143524998,0.03518017199044451,0.5848284488737744,1729.66,5.294531790295209,143.5546875,True,True,True,False,False,A,HIGH,1.0,True
24.61315192743764,0.6536,All of the Lights.wav,0.5652620792388916,1.5313933087705303,0.7179533305758761,0.04380289729077391,0.6015489561464765,1839.7,3.1423150675418094,143.5546875,False,False,False,False,False,A,HIGH,0.65,False
24.706031746031748,0.6406,All of the Lights.wav,0.5384001731872559,1.0321777945929633,0.7779205809675505,0.03938950042245637,0.5861049720764612,1737.82,3.1072063333000823,143.5546875,False,False,False,False,False,A,HIGH,0.42250000000000004,False
24.79891156462585,0.6152,All of the Lights.wav,0.5447723865509033,1.971949663697201,0.4612257706723368,0.05019159394056285,0.6439689030576998,2151.33,4.224842028509333,143.5546875,False,False,False,False,False,A,HIGH,0.35242030632239796,False
24.891791383219953,0.7252,All of the Lights.wav,0.49790820479393005,1.769457372667311,0.3774304487916832,0.04798179793413826,0.6452970912736236,2161.9,3.2599051278201654,143.5546875,False,False,False,False,False,A,HIGH,0.35178348435451406,False
24.98467120181406,0.6133,All of the Lights.wav,0.4745246171951294,1.8206932394679767,0.4177867417125005,0.04823210434948734,0.6653064716170388,2327.51,4.54822951562573,143.5546875,False,False,False,False,False,A,HIGH,0.3506026031529238,False
25.077551020408162,0.5973,All of the Lights.wav,0.5757676959037781,1.6877981357395262,0.5339921839905193,0.04213536068492852,0.6109288649590278,1904.47,5.657126144646166,143.5546875,False,False,False,False,False,A,HIGH,0.351824181797122,False
25.170430839002268,0.5758,All of the Lights.wav,0.5379190444946289,1.6017206231870345,0.6868470767891505,0.04326650839657361,0.6123851248892652,1914.73,3.0932487717340944,143.5546875,False,False,False,False,False,A,HIGH,0.35215160800223005,False
25.26331065759637,0.6465,All of the Lights.wav,0.5362846851348877,1.7395162116251013,0.4457929326768333,0.05567830955453734,0.6309986028529739,2050.82,5.27008496870847,143.5546875,True,True,True,False,False,A,HIGH,1.0,True
25.356190476190477,0.6828,All of the Lights.wav,0.5985605716705322,1.5333730834765713,0.7444012182474371,0.050134774505504014,0.6294965462222962,2039.49,2.892488952011085,143.5546875,False,False,False,False,False,A,HIGH,0.65,False
25.44907029478458,0.5899,All of the Lights.wav,0.5600246787071228,2.218454335239239,0.40450954838996317,0.0706420628535356,0.5944696687191033,1792.28,4.781867451102953,143.5546875,False,False,False,False,False,A,HIGH,0.42250000000000004,False
25.541950113378686,0.885,All of the Lights.wav,0.5202207565307617,2.0479837956913367,0.4076070446781239,0.03934100814393769,0.5577491533031593,1565.23,2.6624911601273693,143.5546875,False,False,False,False,False,A,HIGH,0.3545212229594463,False
25.63482993197279,0.6658,All of the Lights.wav,0.5486044883728027,1.4471428399926944,0.6615503268012608,0.07691762052857706,0.6349756683674506,2081.13,5.551859600094235,143.5546875,True,True,False,True,False,A,HIGH,1.0,False
25.727709750566895,0.7014,All of the Lights.wav,0.48693037033081055,1.6512587609180336,0.46794351708148124,0.08325147532801375,0.6647196273467687,2322.47,2.154837930914954,143.5546875,False,False,False,False,False,A,HIGH,0.65,False
25.820589569160997,0.5617,All of the Lights.wav,0.4822801351547241,1.8415832410518125,0.3478225095740408,0.05961290928256489,0.6559804885381165,2248.8,3.8366654248947367,143.5546875,False,False,False,False,False,A,HIGH,0.42250000000000004,False
25.913469387755104,0.5744,All of the Lights.wav,0.470848947763443,1.8644200093017185,0.30460920761878346,0.0634962064270577,0.6624044144217192,2302.72,2.84986630381717,143.5546875,False,False,False,False,False,A,HIGH,0.34660678482947943,False
26.006349206349206,0.5517,All of the Lights.wav,0.5364959836006165,1.973861150010165,0.259158753266749,0.04572841976302868,0.6700783450945429,2368.84,8.647677634307946,143.5546875,False,False,False,False,False,A,HIGH,0.34619809036722077,False
26.09922902494331,0.5749,All of the Lights.wav,0.5407441258430481,2.436796192369046,0.33848322178554274,0.06516275686285736,0.6272590290296927,2022.72,2.8479825897975517,143.5546875,False,False,False,False,False,A,HIGH,0.3459544907544106,False
26.192108843537415,0.5467,All of the Lights.wav,0.5126121640205383,1.8896588557336789,0.3019366228640491,0.0481037666532981,0.5909399292185121,1769.1,3.0503727690122897,143.5546875,False,False,False,False,False,A,HIGH,0.34473584412052116,False
26.284988662131518,0.5675,All of the Lights.wav,0.5497907400131226,1.6639616310225842,0.6477519120516294,0.0578318409054008,0.5988120601636517,1821.22,4.689251470183621,143.5546875,False,False,False,False,False,A,HIGH,0.34573973687867215,False
26.377868480725624,0.5424,All of the Lights.wav,0.5701454877853394,1.5739655900798528,0.6248367335094483,0.04723707867366504,0.6091988078733095,1892.36,4.084847882302894,143.5546875,False,False,False,False,False,A,HIGH,0.34738663661541475,False
26.470748299319727,4.5054,All of the Lights.wav,0.5740847587585449,1.8278157672561868,0.5844496980302547,0.06743449962103379,0.6243867406339512,2001.41,4.476407163960852,143.5546875,False,False,False,False,False,A,HIGH,0.34908186611281794,False
26.563628117913833,0.8788,All of the Lights.wav,0.5611419081687927,1.8790453487555732,0.5502513729693483,0.08726675932198795,0.6227183063971236,1989.13,3.4065301078609673,143.5546875,False,False,False,False,False,A,HIGH,0.35025884984204747,False
26.656507936507936,0.6224,All of the Lights.wav,0.49467864632606506,1.595032098176436,0.5544115543348905,0.06946885597149369,0.6426919216816147,2141.22,3.70185472059975,143.5546875,False,False,False,False,False,A,HIGH,0.3489285391133336,False
26.749387755102042,0.6241,All of the Lights.wav,0.5503486394882202,1.836205366067274,0.4042392399726869,0.0632021216388608,0.6319585257285002,2058.1,5.689271262643277,143.5546875,False,False,False,False,False,A,HIGH,0.34974221886718604,False
26.842267573696144,0.5916,All of the Lights.wav,0.5307665467262268,1.5672191757705063,0.6883893580932088,0.04596605157334559,0.6202874234352206,1971.37,2.3926494914245224,143.5546875,False,False,False,False,False,A,HIGH,0.34981802177637195,False
26.93514739229025,0.6037,All of the Lights.wav,0.5104017853736877,1.8283625140449247,0.3996406830949665,0.050126695420204925,0.6253680206341603,2008.66,3.1446956543875864,143.5546875,False,False,False,False,False,A,HIGH,0.34912787406668194,False
27.028027210884353,0.5802,All of the Lights.wav,0.5549638867378235,1.5295530247233577,0.6543578674276,0.049327532636621436,0.569898043038315,1636.97,6.385027989970557,143.5546875,False,False,False,False,False,A,HIGH,0.350091312979069,False
27.12090702947846,0.602,All of the Lights.wav,0.5823445320129395,2.093828122596472,0.44028868127542553,0.053271301617457245,0.6020911068251132,1843.39,4.8258432850511666,143.5546875,False,False,False,False,False,A,HIGH,0.3519218720922452,False
27.213786848072562,0.6058,All of the Lights.wav,0.5063662528991699,2.0590400875241914,0.3639789831539706,0.043218043719868565,0.5805000891335396,1702.26,2.04542474968966,143.5546875,False,False,False,False,False,A,HIGH,0.3509705081752183,False
27.30666666666667,0.6973,All of the Lights.wav,0.5055387616157532,1.7028395673800243,0.49594588231757003,0.08879434850905148,0.643771054833685,2149.76,4.887055728018124,143.5546875,True,True,False,True,False,A,HIGH,1.0,False
27.39954648526077,0.586,All of the Lights.wav,0.49359554052352905,1.729313826848002,0.44758904697390856,0.0967584973782817,0.6833173848878461,2487.4,2.537069336297032,143.5546875,False,False,False,False,False,A,HIGH,0.65,False
27.492426303854874,0.6008,All of the Lights.wav,0.5234339237213135,1.8163996460710996,0.36020472682496,0.058950189767343626,0.7217062514645326,2865.81,4.945329601375393,143.5546875,False,False,False,False,False,A,HIGH,0.42250000000000004,False
27.58530612244898,0.7709,All of the Lights.wav,0.5280624628067017,1.172415439714686,0.6950466582149223,0.07177665298615604,0.6663434569917631,2336.43,3.1748725267073494,143.5546875,False,False,False,False,False,A,HIGH,0.34856875824007083,False
27.678185941043083,0.6187,All of the Lights.wav,0.5546604990959167,1.1661664845665611,0.7181435276675381,0.06762887956300016,0.6490768092224538,2192.25,2.834955551773918,143.5546875,False,False,False,False,False,A,HIGH,0.34954970425107856,False
27.77106575963719,0.5779,All of the Lights.wav,0.583813488483429,1.8784570658075332,0.5916834344049646,0.06533072876393688,0.6145937682527942,1930.39,5.2586232991982165,143.5546875,False,False,False,False,False,A,HIGH,0.3514549879832873,False
27.86394557823129,0.5973,All of the Lights.wav,0.5605476498603821,1.718863480247085,0.6181544353577039,0.054246038491827436,0.637160552620333,2097.97,3.036981926361837,143.5546875,False,False,False,False,False,A,HIGH,0.35249312120406756,False
27.956825396825398,0.5684,All of the Lights.wav,0.5760675072669983,1.596046146475714,0.6526437391784706,0.05234721980155113,0.6177438691035299,1952.96,3.876618430565843,143.5546875,False,False,False,False,False,A,HIGH,0.3539983939559887,False
28.0497052154195,0.5989,All of the Lights.wav,0.5745611190795898,1.5660313104815204,0.6802019384943806,0.04716772165026678,0.5946894424063314,1793.73,2.459109268439085,143.5546875,False,False,False,False,False,A,HIGH,0.3553787648178932,False
28.142585034013607,0.5691,All of the Lights.wav,0.5817697644233704,1.8079885567480731,0.573175150568036,0.05169867938110432,0.6192019605446727,1963.49,4.924344743072415,143.5546875,False,False,False,False,False,A,HIGH,0.3569262709138114,False
28.23546485260771,0.5977,All of the Lights.wav,0.502376139163971,2.2061726801381156,0.38161201838855147,0.05364859759614718,0.6273720455474983,2023.57,2.1347957754929543,143.5546875,False,False,False,False,False,A,HIGH,0.35556867433872685,False
28.328344671201815,0.5852,All of the Lights.wav,0.5077409148216248,1.9874499836358563,0.3591256785653521,0.0541071478520463,0.6485032630310457,2187.62,2.8062927322221154,143.5546875,False,False,False,False,False,A,HIGH,0.35448831465204655,False
28.421224489795918,0.6136,All of the Lights.wav,0.5141448378562927,1.7580596465912386,0.4068781128699813,0.05806477621337745,0.6629494413375838,2307.36,3.386273783367852,143.5546875,False,False,False,False,False,A,HIGH,0.3537078296130784,False
28.514104308390024,3.7729,All of the Lights.wav,0.5462436079978943,1.4185375732722898,0.6901485612023222,0.056109362337369705,0.6163208817662816,1942.73,5.209344246231462,143.5546875,False,False,False,False,False,A,HIGH,0.3541390543964996,False
28.606984126984127,0.7973,All of the Lights.wav,0.4878171682357788,1.7462596381095659,0.46440907190851644,0.045969791812019475,0.6396108927776513,2117.02,2.4017812037116752,143.5546875,False,False,False,False,False,A,HIGH,0.3524089943594961,False
28.69986394557823,0.613,All of the Lights.wav,0.5850556492805481,1.5196475153643885,0.6611052267572083,0.04310917860053699,0.5918328856389046,1774.93,4.443310698785126,143.5546875,False,False,False,False,False,A,HIGH,0.3543007457445901,False
28.792743764172336,0.5797,All of the Lights.wav,0.572141170501709,2.047161707049255,0.5106617628300256,0.046260860514762754,0.6082169456534696,1885.52,5.114374339942002,143.5546875,False,False,False,False,False,A,HIGH,0.35567324197888933,False
28.88562358276644,0.616,All of the Lights.wav,0.47772833704948425,2.082851663802336,0.3651742474793489,0.028470981309334887,0.5796344360137837,1696.83,1.8228593621355254,143.5546875,False,False,False,False,False,A,HIGH,0.3534435803241972,False
28.978503401360545,0.61,All of the Lights.wav,0.48402664065361023,1.7240399901651864,0.3233748138591844,0.07414606722525759,0.6238351561781705,1997.34,5.584346341389694,143.5546875,True,True,False,True,False,A,HIGH,1.0,False
29.071383219954647,0.6012,All of the Lights.wav,0.5091478228569031,1.718017676826218,0.4720212347984512,0.10307542884754056,0.6794144605245132,2451.84,2.8289956353020527,143.5546875,False,False,False,False,False,A,HIGH,0.65,False
29.164263038548754,0.5926,All of the Lights.wav,0.45901602506637573,1.8052539250910415,0.3468522078964422,0.05543860715089605,0.6675171839409499,2346.56,2.5375915303774126,143.5546875,False,False,False,False,False,A,HIGH,0.42250000000000004,False
29.257142857142856,0.6329,All of the Lights.wav,0.4961007833480835,1.7818180092497573,0.3486679329500041,0.04431400942834742,0.6656644136869942,2330.58,3.2482625295048773,143.5546875,False,False,False,False,False,A,HIGH,0.3291168141044512,False
29.350022675736962,0.6289,All of the Lights.wav,0.5298551321029663,1.7522813897009202,0.5298542060889032,0.03630012486153431,0.6596297680100862,2279.27,2.2194895187192816,143.5546875,False,False,False,False,False,A,HIGH,0.3274621807134968,False
29.442902494331065,0.5973,All of the Lights.wav,0.5913110375404358,2.198512158162868,0.43059234443526334,0.040323600728310226,0.5906655001498495,1767.31,6.496863856822108,143.5546875,False,False,False,False,False,A,HIGH,0.330516808532942,False
29.53578231292517,0.5742,All of the Lights.wav,0.4571361839771271,2.0267899138758962,0.3711792833672321,0.039494159306254537,0.6116908438853943,1909.83,2.225929941632668,143.5546875,False,False,False,False,False,A,HIGH,0.3170288866456643,False
29.628662131519274,0.7837,All of the Lights.wav,0.5646523237228394,1.5923749762437551,0.5192220236156964,0.04808339281772024,0.6282191876846099,2029.9,4.860934314854979,143.5546875,False,False,False,False,False,A,HIGH,0.31877774559147176,False
29.72154195011338,0.6021,All of the Lights.wav,0.5540987253189087,1.5448987589993912,0.6766215809731363,0.04386978888594698,0.6058110690122324,1868.86,3.6852427101067464,143.5546875,False,False,False,False,False,A,HIGH,0.31964913330953315,False
29.814421768707483,0.6427,All of the Lights.wav,0.5262656211853027,0.8809544189974139,0.7076261369813638,0.04507114950173437,0.620910091234001,1975.9,5.510348282590563,143.5546875,True,True,True,False,False,A,HIGH,1.0,True
29.90730158730159,0.5745,All of the Lights.wav,0.5180073976516724,2.283922754300032,0.39286801918228104,0.04689785909237818,0.6351889187543411,2082.77,2.701984524093873,143.5546875,False,False,False,False,False,A,HIGH,0.65,False
30.00018140589569,0.597,All of the Lights.wav,0.4556003510951996,1.644486249425173,0.3740308737895545,0.04418689466684677,0.6587605581400887,2271.98,3.4065303546749046,143.5546875,False,False,False,False,False,A,HIGH,0.42250000000000004,False
30.093061224489794,0.5713,All of the Lights.wav,0.4754036068916321,1.7693544186884487,0.3909277698101624,0.04290584911030662,0.6571771372300507,2258.74,3.7780061260261806,143.5546875,False,False,False,False,False,A,HIGH,0.2950914234500391,False
30.1859410430839,0.601,All of the Lights.wav,0.5747488141059875,1.5038020510513015,0.6512236487343889,0.04625712809902969,0.6172938469774961,1949.72,4.451088924874395,143.5546875,False,False,False,False,False,A,HIGH,0.2986550542868439,False
30.278820861678003,0.5693,All of the Lights.wav,0.49611350893974304,1.6637309517327687,0.5164809699132203,0.042558014399372714,0.6529138482038608,2223.5,2.721180981531312,143.5546875,False,False,False,False,False,A,HIGH,0.2950037902309802,False
30.37170068027211,0.5997,All of the Lights.wav,0.5824412703514099,1.6131561547571645,0.6214940782053348,0.03450375919648073,0.5741828328770703,1663.05,5.276344713469384,143.5546875,False,False,False,False,False,A,HIGH,0.29909688989461053,False
30.464580498866212,0.5821,All of the Lights.wav,0.5627251863479614,1.9185401018257986,0.5459092397876536,0.04192461574385667,0.5851686556203092,1731.83,4.482236611739684,143.5546875,False,False,False,False,False,A,HIGH,0.3016012813159921,False
30.55746031746032,3.9113,All of the Lights.wav,0.5474815964698792,2.3526124446072534,0.3486209283831053,0.026949316715417407,0.5563454279707364,1557.14,2.3554282152145682,143.5546875,False,False,False,False,False,A,HIGH,0.30281253905949296,False
30.65034013605442,0.8508,All of the Lights.wav,0.5499024391174316,1.8132536529348133,0.4481073571697898,0.03192556965809871,0.5598083902633615,1577.16,6.663085808366246,143.5546875,True,True,False,True,False,A,HIGH,1.0,False
30.743219954648527,0.561,All of the Lights.wav,0.535434365272522,1.4404005045007533,0.6937052849464984,0.08531346733359621,0.6747238318326052,2409.78,2.189073924180149,143.5546875,False,False,False,False,False,A,HIGH,0.65,False
30.83609977324263,0.5737,All of the Lights.wav,0.4945935904979706,1.7228652648698297,0.4817811175489398,0.0602042523627707,0.6388189101473537,2110.84,2.744756396861912,143.5546875,False,False,False,False,False,A,HIGH,0.42250000000000004,False
30.928979591836736,0.5532,All of the Lights.wav,0.47111544013023376,1.8641947282437494,0.3335169681683171,0.04285699666037077,0.6616359336140313,2296.2,3.994276506427615,143.5546875,False,False,False,False,False,A,HIGH,0.29250340962261434,False
31.02185941043084,0.571,All of the Lights.wav,0.4820311367511749,1.8416881457078678,0.3459891450821463,0.040436128184986334,0.6535690489312367,2228.88,2.7783043343912257,143.5546875,False,False,False,False,False,A,HIGH,0.28721074772575567,False
31.114739229024945,0.5413,All of the Lights.wav,0.5576241612434387,2.0653043819720236,0.3985724576685187,0.03660958246175835,0.5739529224105564,1661.64,6.697097119193423,143.5546875,False,False,False,False,False,A,HIGH,0.2899292780891095,False
31.207619047619048,0.5701,All of the Lights.wav,0.4722476899623871,1.8634413835638546,0.40349414353278634,0.03758127643962466,0.5884363261193751,1752.83,2.1045228460281553,143.5546875,False,False,False,False,False,A,HIGH,0.28305334037908425,False
31.30049886621315,0.5802,All of the Lights.wav,0.5444910526275635,1.8622676915917606,0.45309678962997857,0.038391541672409026,0.598100515237304,1816.45,4.1246074472583345,143.5546875,False,False,False,False,False,A,HIGH,0.284950827547772,False
31.393378684807256,0.6259,All of the Lights.wav,0.5549388527870178,1.4730184647252116,0.6742227946129987,0.04146889009161797,0.6053833571590581,1865.91,2.7471583769552166,143.5546875,False,False,False,False,False,A,HIGH,0.2875780822668297,False
31.48625850340136,0.5652,All of the Lights.wav,0.5306893587112427,0.8797496242126855,0.7514315470430959,0.03835257212329786,0.5946131480521035,1793.23,3.2725648844934065,143.5546875,False,False,False,False,False,A,HIGH,0.2880749721869994,False
31.579138321995465,0.6382,All of the Lights.wav,0.5478906631469727,2.2449019769713234,0.3959586423492891,0.04623713267591037,0.6185909270512592,1959.07,5.353058334409962,143.5546875,True,True,True,False,False,A,HIGH,1.0,True
31.672018140589568,0.7785,All of the Lights.wav,0.5145425200462341,1.8314586317628465,0.4264253479220267,0.03882215098168222,0.6143282689780131,1928.5,2.7161068738041076,143.5546875,False,False,False,False,False,A,HIGH,0.65,False
31.764897959183674,0.6176,All of the Lights.wav,0.5015363097190857,1.8633178474654002,0.40437976943268666,0.03662747633197425,0.6477312139570713,2181.39,3.3980282328196787,143.5546875,False,False,False,False,False,A,HIGH,0.42250000000000004,False
31.857777777777777,0.6427,All of the Lights.wav,0.6029922366142273,1.6915845716347337,0.651444215021252,0.04209974766068363,0.6004746597290935,1832.43,6.130422795899502,143.5546875,False,True,False,False,False,A,HIGH,0.29201193306967393,False
31.950657596371883,0.6059,All of the Lights.wav,0.4935275614261627,1.6655847497346399,0.5647238625604887,0.052251941291289836,0.6469226343860497,2174.9,4.402736302152155,143.5546875,False,False,False,False,False,A,HIGH,0.28827538224664867,False
32.04353741496599,0.5411,All of the Lights.wav,0.5768750309944153,1.7376802697787315,0.5194869461847542,0.07590108069158898,0.6357422033138227,2087.02,5.623454321745463,143.5546875,False,True,False,False,False,A,HIGH,0.2921741409596874,False
32.13641723356009,0.59,All of the Lights.wav,0.5694858431816101,1.6991191689039264,0.655471935430341,0.048543656258469035,0.6388623371147762,2111.18,5.937196930626368,143.5546875,False,False,False,False,False,A,HIGH,0.295365387237596,False
32.229297052154195,0.5785,All of the Lights.wav,0.535075306892395,2.240763300946682,0.3319802195827555,0.0846407014539768,0.6123045521648124,1914.16,2.6571478339734638,143.5546875,False,False,False,False,False,A,HIGH,0.29573176346007135,False
32.3221768707483,0.6017,All of the Lights.wav,0.5249426364898682,2.059499245229352,0.3071547707031338,0.04328039916254835,0.5820041741422732,1711.73,6.775976987182614,143.5546875,False,False,False,False,False,A,HIGH,0.2951790772474677,False
32.41505668934241,0.6994,All of the Lights.wav,0.529946506023407,1.3987112370477899,0.6668272972086806,0.08726553664184288,0.666449187512157,2337.34,5.550134178772321,143.5546875,True,True,False,True,False,A,HIGH,1.0,False
32.507936507936506,0.6421,All of the Lights.wav,0.5003613233566284,1.7562886739524406,0.44841850202547523,0.07505182562597486,0.6602509251324241,2284.5,2.8888714784633924,143.5546875,False,False,False,False,False,A,HIGH,0.65,False
32.60081632653061,3.8347,All of the Lights.wav,0.4876350164413452,1.8695276406607102,0.3396586126366383,0.07653016834366783,0.6800486526261973,2457.59,3.581529891438829,143.5546875,False,False,False,False,False,A,HIGH,0.42250000000000004,False
32.69369614512472,0.7942,All of the Lights.wav,0.4742254912853241,1.9009518275032333,0.29307852783567767,0.0665473881735616,0.6833932319850791,2488.09,2.8071171011393776,143.5546875,False,False,False,False,False,A,HIGH,0.28108503018556785,False
32.78657596371882,0.651,All of the Lights.wav,0.5396141409873962,2.114967439215809,0.24186948927181703,0.053685603665499244,0.6607422402864387,2288.65,7.047171440475501,143.5546875,True,True,True,False,False,A,HIGH,1.0,True
32.879455782312924,0.5836,All of the Lights.wav,0.538533091545105,2.319217797869606,0.3166344321162417,0.07519660921791527,0.6420849156476461,2136.43,2.5376979771923938,143.5546875,False,False,False,False,False,A,HIGH,0.65,False
32.97233560090703,0.601,All of the Lights.wav,0.4960176348686218,1.8435880328584822,0.2973013496291452,0.040835379784782924,0.5976604500046928,1813.5,5.621720302007367,143.5546875,False,False,False,False,False,A,HIGH,0.42250000000000004,False
33.065215419501136,0.5698,All of the Lights.wav,0.5460786819458008,1.453610214529477,0.6536884728260692,0.07149914522669945,0.6479640472827632,2183.27,3.3585721294818525,143.5546875,False,False,False,False,False,A,HIGH,0.28283632272542714,False
33.158095238095235,0.5965,All of the Lights.wav,0.5506523251533508,1.4874029490937928,0.6944724759454676,0.04287025339316627,0.5806625463839422,1703.28,3.584809830399579,143.5546875,False,False,False,False,False,A,HIGH,0.28507901572386046,False
33.25097505668934,0.5676,All of the Lights.wav,0.5780490040779114,1.8006114838244864,0.5689491182169306,0.08862754255328302,0.6387781827659876,2110.53,4.271405170086684,143.5546875,False,False,False,False,False,A,HIGH,0.2892086493861315,False
33.34385487528345,0.5937,All of the Lights.wav,0.5541621446609497,1.568533231857043,0.5691808966367341,0.12212880346405372,0.6354270672159852,2084.6,3.6095097870243786,143.5546875,False,False,False,False,False,A,HIGH,0.2914050091975081,False
33.436734693877554,0.7429,All of the Lights.wav,0.4862244725227356,1.6725744861086718,0.4917039852158099,0.09389563527884731,0.6595846518126578,2278.89,3.962996348262445,143.5546875,False,False,False,False,False,A,HIGH,0.28662613321799524,False
33.52961451247165,0.7068,All of the Lights.wav,0.5715447664260864,1.7179823903650424,0.5270356748488402,0.06827178122486477,0.622734359807878,1989.24,5.109998364225486,143.5546875,False,False,False,False,False,A,HIGH,0.29022793474466535,False
33.62249433106576,0.5655,All of the Lights.wav,0.5000714659690857,1.636189180764481,0.5932931799569305,0.04615702216308067,0.6495553951691231,2196.12,2.452249308600538,143.5546875,False,False,False,False,False,A,HIGH,0.28731730116985543,False
33.715374149659866,0.791,All of the Lights.wav,0.5092176198959351,1.7740230849529244,0.3930172399038836,0.06273874537426409,0.6228938173965501,1990.41,4.970638764227528,143.5546875,False,False,False,False,False,A,HIGH,0.285581564763729,False
33.80825396825397,0.554,All of the Lights.wav,0.545749306678772,1.4471033895334573,0.6620350626709111,0.06653282195775993,0.6019044481259805,1842.12,2.567660235861657,143.5546875,False,False,False,False,False,A,HIGH,0.28729728191526765,False
33.90113378684807,0.5587,All of the Lights.wav,0.5002403855323792,2.015613133246079,0.37045235499480417,0.05449581400589884,0.5958631578689553,1801.52,4.9947327126969565,143.5546875,False,False,False,False,False,A,HIGH,0.2845531895753597,False
33.99401360544218,0.5561,All of the Lights.wav,0.5054770112037659,1.738470109824519,0.45521550300549685,0.04898547910709206,0.584683935604058,1728.74,2.6244314487841165,143.5546875,False,False,False,False,False,A,HIGH,0.2825472328841242,False
34.08689342403628,0.597,All of the Lights.wav,0.510738730430603,1.5992966523444572,0.49476681122062727,0.10749422143433753,0.6715389857580106,2381.64,5.882216390020669,143.5546875,True,True,False,True,False,A,HIGH,1.0,False
34.17977324263038,0.5455,All of the Lights.wav,0.4742375612258911,1.7868180002673544,0.398635439046644,0.08676341255275992,0.7205175847000093,2853.27,2.618146356791346,143.5546875,False,False,False,False,False,A,HIGH,0.65,False
34.27265306122449,0.5584,All of the Lights.wav,0.5492231249809265,1.6710998796727248,0.5035633895860593,0.05624651796351979,0.6875738644971984,2526.76,5.113629526756439,143.5546875,False,False,False,False,False,A,HIGH,0.42250000000000004,False
34.365532879818595,0.543,All of the Lights.wav,0.5569267868995667,1.2070500465437477,0.6869407720849806,0.07806941220713971,0.6874558635412108,2525.66,2.8198080061800312,143.5546875,False,False,False,False,False,A,HIGH,0.2804808868755434,False
34.4584126984127,0.5585,All of the Lights.wav,0.534678041934967,1.16545271160141,0.7047494254831675,0.08071485224995135,0.6561843586150651,2250.49,6.043610357303586,143.5546875,False,False,False,False,False,A,HIGH,0.281526798993893,False
34.5512925170068,0.588,All of the Lights.wav,0.5635272264480591,1.780684384063787,0.5676826043120353,0.10358673951849706,0.6753104335056574,2415.0,2.5991355750964447,143.5546875,False,False,False,False,False,A,HIGH,0.28480887171645297,False
34.644172335600906,4.1053,All of the Lights.wav,0.5616589188575745,1.59056323780679,0.6348217603460294,0.0787589657002153,0.644047573846953,2151.95,2.855759280625848,143.5546875,False,False,False,False,False,A,HIGH,0.28778960417247906,False
34.73705215419501,0.8162,All of the Lights.wav,0.5427181124687195,1.612863515429626,0.6264014591679525,0.06410149374251452,0.6303207748995281,2045.7,2.9390332328077116,143.5546875,False,False,False,False,False,A,HIGH,0.2891481771918329,False
34.82993197278912,0.6345,All of the Lights.wav,0.5588741302490234,1.5052979746124378,0.6511853062873104,0.06292780130293137,0.6158450378300632,1939.33,2.652806789806656,143.5546875,False,False,False,False,False,A,HIGH,0.29170491689769057,False
34.92281179138322,0.5873,All of the Lights.wav,0.5563668012619019,1.913708080596033,0.49029636138957233,0.07588491866826802,0.6310257689847779,2051.03,4.098682306621979,143.5546875,False,False,False,False,False,A,HIGH,0.2939447981030778,False
35.015691609977324,0.6066,All of the Lights.wav,0.45211103558540344,1.7378150075787329,0.4441316260418443,0.07187584191891537,0.6366160462663577,2093.76,2.392434562341122,143.5546875,False,False,False,False,False,A,HIGH,0.2792475581979239,False
35.10857142857143,0.5851,All of the Lights.wav,0.4361046254634857,1.3461889128665114,0.4704542959009502,0.06863569588390767,0.6515939885907643,2212.7,2.9924122288284583,143.5546875,False,False,False,False,False,A,HIGH,0.2652851802880277,False
35.20145124716553,0.6219,All of the Lights.wav,0.3991281986236572,1.3084156717402131,0.36421877009245557,0.08511583342133473,0.6588409403519432,2272.65,3.9805814030435016,143.5546875,False,False,False,False,False,A,HIGH,0.25202092127362635,False
35.294331065759636,0.629,All of the Lights.wav,0.4014522433280945,1.3477695928449613,0.39458434882431564,0.05629987619877316,0.6127800518482843,1917.52,2.6585251909516185,143.5546875,False,False,False,False,False,A,HIGH,0.2420368797463963,False
35.38721088435374,0.6423,All of the Lights.wav,0.4049842357635498,1.36375899556404,0.4058851732837307,0.04853978902962944,0.6081053540904239,1884.74,2.9489020967516635,143.5546875,False,False,False,False,False,A,HIGH,0.23391831305831737,False
35.48009070294785,0.5757,All of the Lights.wav,0.38013753294944763,1.4544510643259416,0.26481496399345483,0.03412804917065789,0.5890609098802659,1756.88,2.698910314809558,143.5546875,False,False,False,False,False,A,HIGH,0.2222223974054015,False
35.57297052154195,0.6061,All of the Lights.wav,0.5710047483444214,2.21904952171138,0.25451424229336045,0.05096881703085771,0.6565191966933059,2253.27,5.667265818392352,143.5546875,False,False,False,False,False,A,HIGH,0.22975117073111598,False
35.66585034013605,0.5652,All of the Lights.wav,0.4082922339439392,1.76782469549357,0.19911175820474203,0.1154123901589666,0.8534700205248107,4659.51,2.1701547799507126,143.5546875,False,False,False,False,False,A,HIGH,0.22607330837010625,False
35.75873015873016,0.7802,All of the Lights.wav,0.3867398202419281,1.2205277289879795,0.20959467122421746,0.10722495713761498,0.8766203157416043,5074.91,4.446148855497835,143.5546875,False,False,False,False,False,A,HIGH,0.2188092184468576,False
35.851609977324266,0.578,All of the Lights.wav,0.42915186285972595,1.7190582241346553,0.3630025104716858,0.07622250447678248,0.6755228991360351,2416.9,3.793684671676698,143.5546875,False,False,False,False,False,A,HIGH,0.21791667420361205,False
35.944489795918365,0.6065,All of the Lights.wav,0.37430137395858765,1.5120166320651338,0.25411381927228877,0.060022082008437616,0.6402590916803079,2122.09,2.910496880975853,143.5546875,False,False,False,False,False,A,HIGH,0.20702084049343145,False
36.03736961451247,0.5799,All of the Lights.wav,0.3520715534687042,1.5586008552097361,0.18577113392755518,0.0408733915350372,0.6045664009820634,1860.29,3.528911926310716,143.5546875,False,False,False,False,False,A,LOW,0.0,False
36.13024943310658,0.5879,All of the Lights.wav,0.38596004247665405,1.2016659519725186,0.19158040560694362,0.033650339059036374,0.5735934868403553,1659.44,4.095982388969406,143.5546875,False,False,False,False,False,A,LOW,0.0,False
36.22312925170068,0.5707,All of the Lights.wav,0.5660927891731262,2.3229352248986577,0.33163332809936125,0.04681037442749045,0.5565830389001901,1558.51,6.770131670400528,143.5546875,True,True,True,False,False,A,LOW,0.0,False
36.31600907029478,0.6617,All of the Lights.wav,0.4642579257488251,1.7537745622551282,0.38573141990135656,0.07516915188774805,0.6117519298846962,1910.26,2.2825193305717404,143.5546875,False,False,False,False,False,A,LOW,0.0,False
36.40888888888889,0.7791,All of the Lights.wav,0.4195083677768707,1.5495888284067008,0.3682735534855091,0.06990560359415497,0.6482486185424652,2185.56,2.3993920024941646,143.5546875,False,False,False,False,False,A,LOW,0.0,False
36.501768707482995,0.6166,All of the Lights.wav,0.3949623107910156,1.5491648043758701,0.2953851844923252,0.05519118899282241,0.6484639485364769,2187.3,1.8271048093714592,143.5546875,False,False,False,False,False,A,LOW,0.0,False
36.594648526077094,0.9712,All of the Lights.wav,0.5405235886573792,1.8511939532531148,0.28072793517541583,0.043129499420839636,0.6111617877686467,1906.11,6.872163259834409,143.5546875,False,False,False,False,False,A,LOW,0.0,False
36.6875283446712,4.0892,All of the Lights.wav,0.4799702763557434,2.399994552165268,0.21474147802179314,0.04555236914522486,0.599514304715324,1825.95,2.2354149341568887,143.5546875,False,False,False,False,False,A,LOW,0.0,False
36.78040816326531,0.8248,All of the Lights.wav,0.37553730607032776,1.479870137702851,0.2451972865969488,0.04628151973353483,0.6192770993976574,1964.03,2.204912785695006,143.5546875,False,False,False,False,False,A,LOW,0.0,False
36.87328798185941,0.6986,All of the Lights.wav,0.42410293221473694,1.719256217493483,0.18087711582780316,0.042550302746848,0.6266076923388867,2017.87,2.2860164904710425,143.5546875,False,False,False,False,True,B,LOW,0.0,False
36.96616780045351,0.6056,All of the Lights.wav,0.41378575563430786,1.813098196925147,0.1480961289139593,0.023605845937857393,0.5616590704891934,1587.97,1.7775099801403675,143.5546875,False,False,False,False,False,B,LOW,0.0,False
37.05904761904762,0.8341,All of the Lights.wav,0.4520986080169678,1.9151974464150985,0.13637317072929522,0.0259066762667309,0.6024980896388141,1846.15,2.6134579434638905,143.5546875,False,False,False,False,False,B,LOW,0.0,False
37.151927437641724,0.6525,All of the Lights.wav,0.46138715744018555,1.9760565899492715,0.17852729142486187,0.0340128996759139,0.604438045854927,1859.41,1.8042408475341347,143.5546875,False,False,False,False,False,B,LOW,0.0,False
37.24480725623583,0.5856,All of the Lights.wav,0.5774884223937988,2.2714041377958485,0.2611749391639979,0.039050993650779624,0.5160591736818763,1342.11,7.680650248811153,143.5546875,False,False,False,False,False,B,LOW,0.0,False
37.33768707482993,0.5646,All of the Lights.wav,0.5568331480026245,2.2573689238998473,0.3795224852418764,0.06241182707664439,0.5781472719029362,1687.55,2.4539646831128343,143.5546875,False,False,False,False,False,B,LOW,0.0,False
37.430566893424036,0.5648,All of the Lights.wav,0.5207251310348511,2.175962617691429,0.3058111276749418,0.054933585289431465,0.6473278824508603,2178.15,3.0381703008745937,143.5546875,False,False,False,False,False,B,LOW,0.0,False
37.52344671201814,0.5623,All of the Lights.wav,0.5592440962791443,2.154488326630983,0.33786044605131416,0.04366697741671213,0.6654096397223899,2328.39,2.998786097091974,143.5546875,False,False,False,False,False,B,LOW,0.0,False
37.61632653061225,0.5593,All of the Lights.wav,0.5498049855232239,2.3028691444642555,0.29442261308826745,0.027845004796922975,0.5717521503780348,1648.21,2.971888817682766,143.5546875,False,False,False,False,False,B,LOW,0.0,False
37.70920634920635,0.5576,All of the Lights.wav,0.5532283782958984,2.33719442378527,0.27423748663161934,0.041426554228561036,0.5892300029446513,1757.97,3.9312085625614532,143.5546875,False,False,False,False,False,B,MID,0.2570323896327742,False
37.802086167800454,0.7997,All of the Lights.wav,0.539442241191864,2.2418497028983166,0.26974762903071847,0.07362716017474212,0.6404888284983962,2123.89,2.0220190582426167,143.5546875,False,False,False,False,False,B,LOW,0.0,False
37.89496598639456,0.5813,All of the Lights.wav,0.5770776867866516,2.4253645914459043,0.26531204382795953,0.05128404914825419,0.628931510789715,2035.24,6.5974516742691485,143.5546875,False,False,False,False,False,B,LOW,0.0,False
37.98784580498866,0.5581,All of the Lights.wav,0.5445250272750854,2.1705266196464037,0.3160706505459004,0.07053447456964787,0.6542812969900924,2234.74,2.5458548910829952,143.5546875,False,False,False,False,False,B,LOW,0.0,False
38.080725623582765,0.5578,All of the Lights.wav,0.554271936416626,2.248257653470072,0.3440208517467276,0.08799370730026183,0.650543237961334,2204.14,2.591093078365741,143.5546875,False,False,False,False,False,B,LOW,0.0,False
38.17360544217687,0.5551,All of the Lights.wav,0.5562198162078857,2.2158952346951493,0.28731997734714115,0.08258889508995344,0.6438284813382222,2150.21,2.6220418905556655,143.5546875,False,False,False,False,False,B,LOW,0.0,False
38.26648526077098,0.5543,All of the Lights.wav,0.5939459204673767,2.363750270279186,0.2667920485642785,0.07854875611689982,0.6530509539877938,2224.62,5.190805242441289,143.5546875,False,False,False,False,False,B,LOW,0.0,False
38.35936507936508,0.5571,All of the Lights.wav,0.5650696754455566,2.554167838661512,0.21771354689092853,0.06783230001867524,0.641000417419604,2127.9,2.6123854366483856,143.5546875,False,False,False,False,False,B,MID,0.29076586962135226,False
38.45224489795918,0.5556,All of the Lights.wav,0.4730646014213562,2.093300035759337,0.21248943070274423,0.0557756423123419,0.6614954870649487,2295.01,2.376191535696449,143.5546875,False,False,False,False,False,B,MID,0.2905838219158848,False
38.54512471655329,0.6623,All of the Lights.wav,0.5359054803848267,2.241716607001689,0.21816506192738433,0.0509421364905821,0.6965976723870833,2612.29,4.400789214126724,143.5546875,False,False,False,False,False,B,MID,0.2934172802739159,False
38.638004535147395,0.7002,All of the Lights.wav,0.5376513004302979,2.3293462670116165,0.11819490582301073,0.03496213884044027,0.5725004590187714,1652.76,2.8565783132612923,143.5546875,False,False,False,False,False,B,MID,0.2961838217601253,False
38.730884353741494,4.3867,All of the Lights.wav,0.5161935687065125,2.3317301142792854,0.10488246520878422,0.030018416039117025,0.5731599236570453,1656.79,3.5398786328705962,143.5546875,False,False,False,False,False,B,MID,0.2978648192747461,False
38.8237641723356,0.8144,All of the Lights.wav,0.31921887397766113,1.8095609904244314,0.1702702203985125,0.03574303431159997,0.5936339576984581,1786.76,3.634583613968533,143.5546875,False,False,False,False,False,B,MID,0.28297157831100883,False
38.91664399092971,0.5965,All of the Lights.wav,0.507599413394928,1.5009011897629498,0.29646942771815554,0.043352748903430216,0.6136483767776146,1923.67,6.198905107652886,143.5546875,False,False,False,False,False,B,MID,0.2854246084222131,False
39.00952380952381,0.6214,All of the Lights.wav,0.4503278136253357,2.2862341877928993,0.22562126058703802,0.05074091034316952,0.6193778580998045,1964.76,2.237058462253548,143.5546875,False,False,False,False,False,B,MID,0.28523339020911276,False
39.10240362811791,0.7414,All of the Lights.wav,0.2372431457042694,1.151820589936579,0.12158314569661517,0.03165488604344168,0.6144906587179855,1929.66,1.5619510720474863,143.5546875,True,True,False,True,False,B,MID,1.0,False
39.19528344671202,0.6647,All of the Lights.wav,0.31411826610565186,0.852778705002479,0.2896766237765045,0.06761881995764446,0.716407710806517,2810.34,5.330947405081729,143.5546875,False,False,False,False,False,B,MID,0.65,False
39.288163265306125,0.5951,All of the Lights.wav,0.26539346575737,0.8436628966442268,0.3176777704406204,0.04457203259008678,0.6438885983580728,2150.69,2.557760233878467,143.5546875,False,False,False,False,False,B,MID,0.42250000000000004,False
39.381043083900224,0.5709,All of the Lights.wav,0.2921634912490845,0.8641504961280939,0.238353669890553,0.06935289107686864,0.8002397874991375,3828.8,4.013540262325619,143.5546875,False,True,False,False,False,B,MID,0.27462500000000006,False
39.47392290249433,0.723,All of the Lights.wav,0.2633914053440094,0.7684362589185562,0.27598964554241856,0.08960803717023152,0.7219685336229421,2868.58,2.020826057613188,143.5546875,False,False,False,False,False,B,MID,0.24882800103300434,False
39.566802721088436,0.5705,All of the Lights.wav,0.5037147402763367,1.720257974111725,0.25462647916921766,0.04264617267878018,0.5857053624464207,1735.26,7.650149998220966,143.5546875,False,False,False,False,False,B,MID,0.2537053013336179,False
39.65968253968254,0.5789,All of the Lights.wav,0.3943057358264923,1.7367067105653424,0.3300553297242324,0.07543424029484745,0.6408614844457818,2126.81,2.5844868673709893,143.5546875,False,False,False,False,False,B,MID,0.25463954951532786,False
39.75256235827664,0.6117,All of the Lights.wav,0.32926145195961,0.8325484249736617,0.36776465924545143,0.08979376834667942,0.6682318788975601,2352.76,1.6775904812473628,143.5546875,False,False,False,False,False,B,MID,0.2525886922943481,False
39.84544217687075,0.8518,All of the Lights.wav,0.3036685287952423,0.7840371221132214,0.35202752988674596,0.08127255439549519,0.6636383406683185,2313.23,2.4174486530177464,143.5546875,False,False,False,False,False,B,MID,0.24916969740811568,False
39.938321995464854,0.564,All of the Lights.wav,0.3723403215408325,0.7984082198630937,0.30428384104468825,0.054919594924856034,0.6452372894383999,2161.42,6.288725623529514,143.5546875,False,False,False,False,False,B,MID,0.24942931370237745,False
40.03120181405896,0.6258,All of the Lights.wav,0.6267763376235962,2.4700522165722103,0.29641883643209965,0.045402977325715195,0.5938616113678038,1788.27,5.487173304020279,143.5546875,False,False,False,False,False,B,MID,0.25695784801725857,False
40.12408163265306,0.8267,All of the Lights.wav,0.48815977573394775,2.1969636521746843,0.28261544547858164,0.04210028029208784,0.5952302406474484,1797.32,3.2113651198217954,143.5546875,False,False,False,False,False,B,MID,0.26048584835165733,False
40.216961451247165,0.7599,All of the Lights.wav,0.4379633367061615,1.990869156551708,0.23516253358930253,0.03317409812064438,0.6043054126552672,1858.5,2.657403092456464,143.5546875,False,False,False,False,False,B,MID,0.26225747962933577,False
40.30984126984127,0.6337,All of the Lights.wav,0.39393460750579834,1.733703819246163,0.14565381798649654,0.020950889586544695,0.5646498767838202,1605.58,2.0741222155638646,143.5546875,False,False,False,False,False,B,MID,0.26236540336673975,False
40.40272108843537,0.6802,All of the Lights.wav,0.3294903635978699,1.5923806456841076,0.14546798506300737,0.042680000179089274,0.6701806959800625,2369.73,3.4583282955331787,143.5546875,True,True,False,True,False,B,MID,1.0,False
40.49560090702948,0.6241,All of the Lights.wav,0.19579575955867767,0.9023776374063235,0.1447689800258996,0.051740060419265814,0.7210307241261393,2858.67,2.227799941349183,143.5546875,False,False,False,False,False,B,MID,0.65,False
40.58848072562358,0.5986,All of the Lights.wav,0.167205810546875,0.3715937965664045,0.07565351296846165,0.014535873865955316,0.6150022940897067,1933.31,14.902541307341668,143.5546875,True,True,True,False,False,B,LOW,0.0,False
40.68136054421769,0.608,All of the Lights.wav,0.23958134651184082,0.07184878568915218,0.35542932877775807,0.07752615170694667,0.6797064482167663,2454.49,8.041716515846957,143.5546875,False,True,False,False,False,B,LOW,0.0,False
40.77424036281179,4.4327,All of the Lights.wav,0.11273430287837982,0.005344610731467913,0.19932665970246222,0.03467384812253953,0.709191125515559,2736.51,7.458424413909053,143.5546875,False,False,False,False,False,B,LOW,0.0,False
40.867120181405895,0.863,All of the Lights.wav,0.2028980851173401,0.009463139769964912,0.229732544461987,0.054215404584078745,0.7069505630770349,2713.98,10.759021020345628,143.5546875,False,True,False,False,False,B,LOW,0.0,False
40.96,0.76,All of the Lights.wav,0.10526790469884872,0.1637529488607181,0.21560364721009911,0.054061999062487584,0.7036615728383455,2681.25,3.385584480075071,143.5546875,False,False,False,False,False,B,LOW,0.0,False
41.05287981859411,0.6159,All of the Lights.wav,0.18885040283203125,0.24646203287917218,0.19843906516419677,0.049530218264511344,0.7160843801252967,2806.99,10.12830931620409,143.5546875,True,True,False,True,False,B,LOW,0.0,False
41.145759637188206,0.5849,All of the Lights.wav,0.07005367428064346,0.24021847218445605,0.1460786738426424,0.028392818808221386,0.5762611618030398,1675.85,4.398946019810706,143.5546875,False,False,False,False,False,B,LOW,0.0,False
41.23863945578231,0.6003,All of the Lights.wav,0.18198399245738983,0.3501511904978985,0.08610324094766536,0.022112399016812327,0.5791916195180941,1694.06,13.855215700769003,143.5546875,True,True,True,False,False,B,LOW,0.0,False
41.33151927437642,0.5792,All of the Lights.wav,0.24861891567707062,0.06927596641574174,0.29967263971322844,0.106649328044576,0.731072172590174,2966.55,2.3805362596380086,143.5546875,False,False,False,False,False,B,MID,0.65,False
41.424399092970525,0.5981,All of the Lights.wav,0.24277453124523163,0.010443561959081395,0.2988212167043628,0.09707603127818054,0.7137068702641991,2782.47,2.0946191715153177,143.5546875,False,False,False,False,False,B,MID,0.42250000000000004,False
41.517278911564624,0.5756,All of the Lights.wav,0.2359894961118698,0.009471863942754241,0.3113931121465767,0.07444372676474147,0.714615296132589,2791.81,3.044480690965481,143.5546875,False,False,False,False,False,B,MID,0.27462500000000006,False
41.61015873015873,0.5977,All of the Lights.wav,0.26268067955970764,0.013710959260850787,0.3104690786764735,0.07120918642133035,0.707388973143358,2718.38,20.049939504575,143.5546875,False,True,False,False,False,B,LOW,0.0,False
41.703038548752836,0.5747,All of the Lights.wav,0.5597259402275085,2.0993982435857323,0.3200033167007581,0.07674124589411714,0.6174439168652331,1950.8,17.1353075572472,143.5546875,False,True,False,False,False,B,MID,0.2115789188751219,False
41.795918367346935,0.5985,All of the Lights.wav,0.43939638137817383,1.6601551966203016,0.2636256834328965,0.06459054514659632,0.6570469256076259,2257.66,2.4700928488642817,143.5546875,False,False,False,False,False,B,MID,0.2175968254627247,False
41.88879818594104,0.7823,All of the Lights.wav,0.45725566148757935,1.8934176198768224,0.24160755234428113,0.04611756600141983,0.6745068827549264,2407.86,2.8158803377906785,143.5546875,False,False,False,False,False,B,MID,0.22367392779615075,False
41.98167800453515,0.6363,All of the Lights.wav,0.48953384160995483,2.1678039026998617,0.11559516246737145,0.024216710347504264,0.609257212322365,1892.76,2.472065155632589,143.5546875,False,False,False,False,False,B,MID,0.23007569709631798,False
42.074557823129254,0.9068,All of the Lights.wav,0.5158522129058838,2.2309453929123526,0.08931977491170268,0.018185390396100377,0.5633083057927217,1597.66,2.1351712112497223,143.5546875,False,False,False,False,False,B,MID,0.2366505723924922,False
42.16743764172335,0.6485,All of the Lights.wav,0.518599808216095,2.2625462811651853,0.14531454269366348,0.03002508192644129,0.6138457342626004,1925.08,3.1628494435327728,143.5546875,False,False,False,False,False,B,MID,0.24294726652146978,False
42.26031746031746,0.6106,All of the Lights.wav,0.5239529013633728,2.189874420731153,0.20281651191651523,0.04887613947921402,0.6817360995495969,2472.93,5.072715547703605,143.5546875,False,False,False,False,False,B,MID,0.24902715323173646,False
42.353197278911566,0.6093,All of the Lights.wav,0.5573077201843262,2.495449234096474,0.3026976677409222,0.027082141715849294,0.4960820298087561,1246.76,6.834095183338641,143.5546875,False,False,False,False,False,B,MID,0.25540011734410495,False
42.44607709750567,0.5951,All of the Lights.wav,0.4859093725681305,1.8832793303184576,0.3148369002137159,0.06151702978603806,0.7581836704372017,3278.58,3.190312345828769,143.5546875,False,False,False,False,False,B,MID,0.26014634771045975,False
42.53895691609977,0.5895,All of the Lights.wav,0.4200476408004761,1.6437049396492551,0.14807080403370182,0.06652190672077408,0.828232284148784,4245.29,3.8906392839588717,143.5546875,False,False,False,False,False,B,MID,0.26333487025881824,False
42.63183673469388,0.5904,All of the Lights.wav,0.45532286167144775,1.920738804210936,0.33236842561343416,0.06056758105182761,0.6362867779996695,2091.22,3.5973946957201246,143.5546875,False,False,False,False,False,B,MID,0.2670865432318783,False
42.72471655328798,0.5935,All of the Lights.wav,0.4141329228878021,1.7240690507380148,0.24005105390539,0.04590006993484935,0.6227622385615883,1989.45,3.498208699076832,143.5546875,False,False,False,False,False,B,MID,0.26980306785073355,False
42.81759637188209,4.5008,All of the Lights.wav,0.366119921207428,1.4931130931928778,0.303934210211561,0.044165123652130364,0.5740212357973855,1662.06,3.8302057799956213,143.5546875,False,False,False,False,False,B,MID,0.2713225761458325,False
42.91047619047619,0.8018,All of the Lights.wav,0.477845162153244,1.2623549703775225,0.2511389647975625,0.03191353887853225,0.5511151432820609,1527.39,8.02423535501016,143.5546875,False,False,False,False,False,B,MID,0.2751174623097672,False
43.003356009070295,0.6179,All of the Lights.wav,0.513301432132721,2.4888802056688464,0.27538040571221445,0.033441480279573776,0.5407694820871968,1470.2,3.0132508952550525,143.5546875,False,False,False,False,False,B,MID,0.2793931562492172,False
43.0962358276644,0.6472,All of the Lights.wav,0.47222480177879333,1.627705483245964,0.3975735606176864,0.05726232192402816,0.6093847237913138,1893.66,2.2588115032205676,143.5546875,False,False,False,False,False,B,MID,0.28267533934509603,False
43.1891156462585,0.6588,All of the Lights.wav,0.42800185084342957,1.69262843686359,0.36687519273516317,0.06248687372879431,0.6275034864826969,2024.55,2.5114417085066925,143.5546875,False,False,False,False,False,B,HIGH,0.28490369549655303,False
43.281995464852606,0.5602,All of the Lights.wav,0.39667579531669617,1.4899937946103103,0.348480410659444,0.035309438305637875,0.6147214163272374,1931.3,2.5162126648366114,143.5546875,False,False,False,False,False,B,HIGH,0.2863534742535767,False
43.37487528344671,0.5726,All of the Lights.wav,0.5422596335411072,1.970309837319129,0.32146241948509635,0.056509161765863826,0.6121751552628115,1913.25,7.376384439944428,143.5546875,False,False,False,False,False,B,HIGH,0.2905936058822608,False
43.46775510204082,0.544,All of the Lights.wav,0.4527989327907562,2.0423505399277206,0.3213485341346505,0.04979908291201882,0.6141602080090444,1927.31,2.476690512739296,143.5546875,False,False,False,False,False,B,HIGH,0.2929318727213412,False
43.56063492063492,0.5568,All of the Lights.wav,0.31899532675743103,1.2691605756599553,0.22843085611243708,0.0472082726894732,0.6637764255597081,2314.41,2.0410315045401357,143.5546875,False,False,False,False,False,B,HIGH,0.2921575503159359,False
43.653514739229024,0.5375,All of the Lights.wav,0.352811723947525,1.4113188398084346,0.19892776614619578,0.03912092635850582,0.615920854626802,1939.87,1.8431773834557506,143.5546875,False,False,False,False,False,B,HIGH,0.2922488101677795,False
43.74639455782313,0.555,All of the Lights.wav,0.3293711543083191,1.4322266905446608,0.14158396375839447,0.020246990187286023,0.5862220940403507,1738.57,1.6737725742865066,143.5546875,False,False,False,False,False,B,HIGH,0.29176853086180754,False
43.83927437641724,0.5428,All of the Lights.wav,0.3607533276081085,1.4795377127945883,0.14743186523214954,0.043738615729070764,0.6893127545862944,2543.02,3.4372229117316966,143.5546875,False,False,False,False,False,B,HIGH,0.29206548067374916,False
43.932154195011336,0.8885,All of the Lights.wav,0.3611219823360443,1.4806120332149615,0.17031344221486053,0.04173715367377508,0.6542783864739129,2234.72,1.8544979216436772,143.5546875,False,False,False,False,False,B,HIGH,0.2923561605261422,False
44.02503401360544,0.6707,All of the Lights.wav,0.5561591386795044,2.1262641369063964,0.23363225914097288,0.08880482054551987,0.7711450014043532,3439.15,8.753456509710986,143.5546875,True,True,False,True,False,B,HIGH,1.0,False
44.11791383219955,0.5864,All of the Lights.wav,0.44115373492240906,1.8955405635055915,0.271853731193541,0.047257341663898625,0.6058221057189563,1868.93,2.9187493927191923,143.5546875,False,False,False,False,False,B,HIGH,0.65,False
44.210793650793654,0.5723,All of the Lights.wav,0.44389262795448303,1.88968899042969,0.1564002795424103,0.05108359749936471,0.6902667076091299,2551.99,4.084037967966399,143.5546875,False,True,False,False,False,B,HIGH,0.42250000000000004,False
44.30367346938775,0.5611,All of the Lights.wav,0.49041223526000977,1.771211519645522,0.3776227332128383,0.056012020283035716,0.6461441199561996,2168.66,4.967253350933328,143.5546875,False,False,False,False,False,B,HIGH,0.3027152939389671,False
44.39655328798186,0.5653,All of the Lights.wav,0.4741383194923401,1.834895015605165,0.3761858552450962,0.05140221296479543,0.6235926809679025,1995.55,2.9115561700933132,143.5546875,False,False,False,False,False,B,HIGH,0.3048686326360477,False
44.489433106575966,0.5581,All of the Lights.wav,0.45852917432785034,1.9387126433200261,0.23363917246698718,0.028953304425833094,0.6016892045602525,1840.65,2.7640921676439296,143.5546875,False,False,False,False,False,B,HIGH,0.3066074726498058,False
44.582312925170065,0.5605,All of the Lights.wav,0.5265499353408813,2.008473477994927,0.15437412819274876,0.058899179110181575,0.8140471454550674,4028.86,6.991326853810104,143.5546875,False,False,False,False,False,B,HIGH,0.3095516794817736,False
44.67519274376417,0.5676,All of the Lights.wav,0.5819042325019836,2.5336273653222867,0.2530335614768404,0.05780351634680373,0.712685796758751,2772.01,6.940794938441268,143.5546875,False,False,False,False,False,B,HIGH,0.3133245519800341,False
44.76807256235828,0.559,All of the Lights.wav,0.5190673470497131,2.0269662974915086,0.35956552539263675,0.08972499414371184,0.6524977263340981,2220.09,1.8580285080153138,143.5546875,False,False,False,False,False,B,HIGH,0.3157961341731755,False
44.860952380952384,3.8495,All of the Lights.wav,0.5463905930519104,2.158662967988395,0.3359712320708808,0.08332950891579693,0.6483633987231564,2186.49,2.5067144240821553,143.5546875,False,False,False,False,False,B,HIGH,0.3186377519310784,False
