timestamp,processing_time_ms,track_id,rms,rms_bass,rms_mid,rms_high,spectral_centroid,spectral_centroid_hz,onset_strength,bpm,is_beat,is_raw_beat,is_beat_bass,is_beat_high,is_section_boundary,current_section,energy_state,dimmer,strobe_bass
0.0,0.7596,Dead Flowers.wav,0.4333043098449707,1.0570282339180235,0.1232281549253146,0.02285299932243589,0.6647874278435144,2323.05,43.57755643976022,120.0,False,False,False,False,False,A,MID,0.014594801056814464,False
0.09287981859410431,0.476,Dead Flowers.wav,0.4185495376586914,2.2750352199682027,0.12569447957075316,0.05337698496287656,0.7349387702581723,3009.16,3.753135474269536,120.0,False,False,False,False,False,A,MID,0.028459862060788203,False
0.18575963718820862,0.4646,Dead Flowers.wav,0.2607288062572479,1.0411667520786794,0.20500729438669418,0.05600799835791004,0.7306990343377315,2962.47,6.7052217514280015,120.0,False,False,False,False,False,A,MID,0.041631670014563256,False
0.2786394557823129,0.4777,Dead Flowers.wav,0.1348186433315277,0.624010163711528,0.10013174497513949,0.030327553789743784,0.7695305960578749,3418.73,2.029161546872468,120.0,False,False,False,False,False,A,MID,0.05414488757064956,False
0.37151927437641724,0.5013,Dead Flowers.wav,0.5001055002212524,1.5051442336987226,0.0955246705985083,0.08413211560915299,0.8792712158453069,5124.78,6.444713410526651,120.0,False,False,False,False,False,A,MID,0.06603244424893154,False
0.46439909297052157,0.4911,Dead Flowers.wav,0.3760211169719696,2.1506851729968703,0.14304821470894136,0.051020904438790524,0.7021824216055235,2666.66,3.346845038989409,120.0,False,False,False,False,False,A,MID,0.07732562309329942,False
0.5572789115646258,0.4839,Dead Flowers.wav,0.21431368589401245,0.7520756545409664,0.16324008784580338,0.06976225157188111,0.7286234916047877,2939.87,2.405396302584965,120.0,False,False,False,False,False,A,MID,0.08805414299544892,False
0.6501587301587302,0.4858,Dead Flowers.wav,0.19178123772144318,0.6035741743863168,0.15132474377353552,0.07017174534748083,0.7266431532045545,2918.47,2.999293243651938,120.0,False,False,False,False,False,A,MID,0.09824623690249093,False
0.7430385487528345,0.4957,Dead Flowers.wav,0.32121041417121887,1.0503764325210045,0.27477985679373734,0.06449859990012063,0.7313920696304218,2970.05,10.6647010041893,120.0,False,False,False,False,False,A,MID,0.10792872611418085,False
0.8359183673469388,0.4893,Dead Flowers.wav,0.2028983235359192,0.4375979545857427,0.21489530518285335,0.07872784825138428,0.7928979545193275,3726.49,2.7601168222211783,120.0,False,False,False,False,False,A,LOW,0.0,False
0.9287981859410431,0.4992,Dead Flowers.wav,0.191712886095047,0.2983265600068001,0.13402212756874887,0.12157239936906603,0.7408843313103924,3075.89,2.0085715006089684,120.0,False,False,False,False,False,A,LOW,0.0,False
1.0216780045351475,0.4852,Dead Flowers.wav,0.10887964814901352,0.16116198929250386,0.1569872759985666,0.052766355837984225,0.7143295287786403,2788.87,2.5975617356086156,120.0,False,False,False,False,False,A,LOW,0.0,False
1.1145578231292517,0.5015,Dead Flowers.wav,0.15425829589366913,0.13402215878150456,0.14778449033121513,0.05141599621242341,0.8328411455607747,4318.09,3.9749068118739412,120.0,False,False,False,False,False,A,LOW,0.0,False
1.207437641723356,0.5293,Dead Flowers.wav,0.20404484868049622,0.10878973137611407,0.24426005337637502,0.04673595782780346,0.7639601086835595,3349.19,2.7262507425736846,120.0,False,False,False,False,False,A,LOW,0.0,False
1.3003174603174603,0.8007,Dead Flowers.wav,0.19634868204593658,0.5712309970449454,0.2263350081335621,0.0724492210200566,0.7978516432418679,3795.21,9.395705673364867,120.0,False,False,False,False,False,A,LOW,0.0,False
1.3931972789115645,0.5552,Dead Flowers.wav,0.23730558156967163,0.40038866329167727,0.12106209306365114,0.05447451227040139,0.8150687436674041,4044.07,3.5831247015087593,120.0,False,False,False,False,False,A,LOW,0.0,False
1.486077097505669,0.5116,Dead Flowers.wav,0.49661126732826233,1.9372374817925042,0.23757741663159057,0.043939017229108,0.6520363941170978,2216.31,10.161242398582091,120.0,False,False,False,False,False,A,LOW,0.0,False
1.5789569160997732,0.5049,Dead Flowers.wav,0.2794417142868042,1.2971136354533763,0.26288891694991695,0.049537936948943574,0.6288371867842286,2034.53,5.787631464972272,120.0,False,False,False,False,False,A,LOW,0.0,False
1.6718367346938776,0.5131,Dead Flowers.wav,0.20513655245304108,0.7037008041898827,0.2772816033035093,0.04693891041075886,0.7146407163879522,2792.08,4.806358994478037,120.0,False,False,False,False,False,A,LOW,0.0,False
1.7647165532879818,0.5118,Dead Flowers.wav,0.2135723978281021,0.2656648880623995,0.2544254911328674,0.03923745022485327,0.7352225681195277,3012.32,3.791536761664811,120.0,False,False,False,False,False,A,LOW,0.0,False
1.8575963718820863,0.6289,Dead Flowers.wav,0.21742288768291473,0.5537485710007477,0.2660273328635909,0.05429421287695117,0.7671347006724448,3388.64,4.620365521728336,120.0,False,False,False,False,False,A,LOW,0.0,False
1.9504761904761905,1.1282,Dead Flowers.wav,0.37235626578330994,0.7028442245094852,0.24282517246695356,0.03205291631563059,0.6338528932874217,2072.53,5.5658032191604,143.5546875,False,False,False,False,False,A,LOW,0.0,False
2.043356009070295,0.4742,Dead Flowers.wav,0.4364734888076782,2.115938144402809,0.2131326427164229,0.025190542018384443,0.5478994925827881,1509.38,3.313922076139075,143.5546875,False,False,False,False,False,A,LOW,0.0,False
2.136235827664399,0.4582,Dead Flowers.wav,0.32084891200065613,1.090549084612939,0.2953307408976003,0.034631633990323714,0.6490722514052799,2192.21,6.386625155857242,143.5546875,False,False,False,False,False,A,LOW,0.0,False
2.2291156462585033,0.4613,Dead Flowers.wav,0.20688901841640472,0.8788647531705404,0.2889643387305827,0.05591583177354631,0.7599153971168036,3299.59,2.0555645471251056,143.5546875,False,False,False,False,False,A,LOW,0.0,False
2.3219954648526078,0.4777,Dead Flowers.wav,0.20906855165958405,0.40638009460217134,0.2542337005736429,0.03651727894604287,0.7210993702743835,2859.4,3.686089715943571,143.5546875,False,False,False,False,False,A,LOW,0.0,False
2.414875283446712,0.6701,Dead Flowers.wav,0.18885092437267303,0.5480195301302087,0.2214898326622807,0.02878068376539705,0.6307223553958801,2048.73,2.4486590803239463,143.5546875,False,False,False,False,False,A,LOW,0.0,False
2.507755102040816,0.5675,Dead Flowers.wav,0.1990523338317871,0.49211732514949574,0.22363278639406858,0.04377138771602128,0.7380900347640666,3044.35,4.8542911646866065,143.5546875,False,False,False,False,False,A,LOW,0.0,False
2.6006349206349206,0.4909,Dead Flowers.wav,0.21289819478988647,0.5161354073931667,0.26774364069896583,0.03508785115631283,0.706300226685539,2707.48,2.056487054637083,143.5546875,False,False,False,False,False,A,LOW,0.0,False
2.693514739229025,0.4821,Dead Flowers.wav,0.48096251487731934,1.458018017652998,0.21922932554524305,0.021870798711872814,0.5745164496761531,1665.1,5.853323148025526,143.5546875,False,False,False,False,False,A,LOW,0.0,False
2.786394557823129,0.4757,Dead Flowers.wav,0.3237372040748596,1.9133331466528836,0.1905715241065803,0.023174329114897814,0.5511669995887695,1527.68,2.9017290719686484,143.5546875,False,False,False,False,False,A,LOW,0.0,False
2.8792743764172335,0.4741,Dead Flowers.wav,0.4763890206813812,1.494812131097677,0.19750389609099944,0.029063079112923912,0.6262513139860162,2015.22,6.192091813740005,143.5546875,False,False,False,False,False,A,LOW,0.0,False
2.972154195011338,0.478,Dead Flowers.wav,0.33989858627319336,1.9944204018375569,0.1668337005109548,0.027999849797262336,0.5831971101764477,1719.28,3.476253563510022,143.5546875,False,False,False,False,False,A,LOW,0.0,False
3.0650340136054424,0.4762,Dead Flowers.wav,0.24959704279899597,0.9512102038235836,0.19728172615430078,0.04422498364198824,0.6722643506777423,2388.02,5.879913186355223,143.5546875,False,False,False,False,False,A,LOW,0.0,False
3.1579138321995464,0.4873,Dead Flowers.wav,0.1745322048664093,0.6703520056608016,0.13019143794956467,0.0477518378709732,0.7161206911343421,2807.36,2.6493959104696487,143.5546875,False,False,False,False,False,A,LOW,0.0,False
3.250793650793651,0.4754,Dead Flowers.wav,0.5219953060150146,1.8226764624109946,0.16191787058949356,0.04666369661118601,0.641746595653579,2133.76,6.345962803878394,143.5546875,False,False,False,False,False,A,LOW,0.0,False
3.3436734693877552,0.473,Dead Flowers.wav,0.24923937022686005,1.6875382555314213,0.12637651031014116,0.025016736204209657,0.5746115694143339,1665.68,2.470539324148874,143.5546875,False,False,False,False,False,A,LOW,0.0,False
3.436553287981859,0.4737,Dead Flowers.wav,0.5446146130561829,2.1059053880840026,0.12796192030833708,0.01915059944951143,0.5786720975070906,1690.82,4.312805129209477,143.5546875,False,False,False,False,False,A,LOW,0.0,False
3.5294331065759637,0.4725,Dead Flowers.wav,0.255656898021698,1.5119742397407168,0.07220552375786565,0.03630795147182384,0.780157032748568,3555.4,4.009462097743567,143.5546875,False,False,False,False,False,A,LOW,0.0,False
3.622312925170068,0.4815,Dead Flowers.wav,0.36237633228302,1.2572747945697846,0.3159606274935307,0.054427642232958595,0.7197962645366018,2845.68,9.764647492158426,143.5546875,False,False,False,False,False,A,LOW,0.0,False
3.7151927437641725,0.4825,Dead Flowers.wav,0.2627873420715332,0.7518746719761918,0.30958394592167104,0.04892583442815381,0.7434499310122301,3105.14,2.692405101741473,143.5546875,False,False,False,False,False,A,LOW,0.0,False
3.8080725623582765,0.4834,Dead Flowers.wav,0.23285728693008423,0.8910222051030927,0.20141911269260238,0.019097817536103796,0.6411760557323622,2129.28,2.390899964068785,143.5546875,False,False,False,False,False,A,LOW,0.0,False
3.900952380952381,0.5091,Dead Flowers.wav,0.19001135230064392,0.7714093974696822,0.18157913222508093,0.017559330048083296,0.6595736662658286,2278.8,2.7252913277935047,143.5546875,False,False,False,False,False,A,LOW,0.0,False
3.9938321995464854,1.5603,Dead Flowers.wav,0.1821153312921524,0.6566635548566914,0.11698593354964165,0.016172582779199973,0.6861338486325113,2513.38,2.323296509418701,127.95091711956522,False,False,False,False,False,A,LOW,0.0,False
4.08671201814059,0.7465,Dead Flowers.wav,0.179506316781044,0.8087217347299439,0.06740234399548209,0.011479512934787776,0.6162167135276135,1941.99,2.333391292485233,127.95091711956522,False,False,False,False,False,A,LOW,0.0,False
4.179591836734694,0.6082,Dead Flowers.wav,0.22912798821926117,0.8025615374434754,0.1515673235357581,0.03557497549788457,0.7042812840825833,2687.39,5.264267640063361,127.95091711956522,False,False,False,False,False,A,LOW,0.0,False
4.272471655328798,0.6506,Dead Flowers.wav,0.2583099603652954,0.7328003150643012,0.19656094067647678,0.029713957681151006,0.6333996339925324,2069.07,5.375642211620259,127.95091711956522,False,False,False,False,False,A,LOW,0.0,False
4.365351473922902,0.5264,Dead Flowers.wav,0.27613985538482666,1.2098029277880376,0.22791566631284363,0.017788999442204665,0.5622531035277472,1591.45,3.02639540248784,127.95091711956522,False,False,False,False,False,A,LOW,0.0,False
4.458231292517007,0.5265,Dead Flowers.wav,0.15481768548488617,0.6360758428379364,0.18765083031112634,0.017704315561666926,0.6676231929333336,2347.48,3.0727549290372007,127.95091711956522,False,False,False,False,False,A,LOW,0.0,False
4.551111111111111,0.502,Dead Flowers.wav,0.1300528347492218,0.4303933737667494,0.1472548094972295,0.015197842065445541,0.6740136847640318,2403.48,4.2447896840104935,127.95091711956522,False,False,False,False,False,A,LOW,0.0,False
4.6439909297052155,0.5188,Dead Flowers.wav,0.12498333305120468,0.41980963300292645,0.12606131377955054,0.00802806481178172,0.5748165094815607,1666.94,2.6302857740373025,127.95091711956522,False,False,False,False,False,A,LOW,0.0,False
4.73687074829932,0.4979,Dead Flowers.wav,0.12252654880285263,0.4871071509362935,0.08407176966815443,0.007111224434185498,0.5119434841034709,1321.89,2.8958229216414075,127.95091711956522,False,False,False,False,False,A,LOW,0.0,False
4.829750566893424,0.5118,Dead Flowers.wav,0.22559425234794617,0.7587912368302997,0.14219356408750722,0.01015271933112161,0.5435643134323054,1485.43,7.189197789809941,127.95091711956522,False,False,False,False,False,A,LOW,0.0,False
4.922630385487528,0.4953,Dead Flowers.wav,0.19947274029254913,0.9754331464440986,0.10585860058089139,0.007351155934225603,0.46287560512978354,1103.02,2.1953438383048836,127.95091711956522,False,False,False,False,False,A,LOW,0.0,False
5.015510204081632,0.5223,Dead Flowers.wav,0.1553465873003006,0.463611383929612,0.11047259539706285,0.03634497722901624,0.8209103342922142,4132.16,4.609769256962793,127.95091711956522,True,True,False,True,False,A,LOW,0.0,False
5.108390022675737,0.5014,Dead Flowers.wav,0.18271873891353607,0.421526395048164,0.2281886855229262,0.018430283372148214,0.6298212568987173,2041.93,2.606918024191495,127.95091711956522,False,False,False,False,False,A,LOW,0.0,False
5.201269841269841,0.5283,Dead Flowers.wav,0.1695164144039154,0.41724565487059034,0.22530376523869028,0.013897068339243297,0.6077610908771883,1882.35,2.8485111536330088,127.95091711956522,False,False,False,False,False,A,LOW,0.0,False
5.294149659863946,0.507,Dead Flowers.wav,0.15913666784763336,0.34515535678389986,0.2104928300470619,0.02030114451857245,0.6435727054757392,2148.19,4.273229222407702,127.95091711956522,False,False,False,False,False,A,LOW,0.0,False
5.38702947845805,0.5713,Dead Flowers.wav,0.2755618691444397,0.8080749899822803,0.2061264218211746,0.013085821851515403,0.5324851262546857,1425.95,4.2227109695573795,127.95091711956522,False,False,False,False,False,A,LOW,0.0,False
5.479909297052155,0.5308,Dead Flowers.wav,0.144460067152977,0.8148949019732296,0.1786281783502647,0.01295023869430494,0.63130162335396,2053.11,3.245714050937575,127.95091711956522,False,False,False,False,False,A,LOW,0.0,False
5.572789115646258,0.5139,Dead Flowers.wav,0.14230509102344513,0.48530527269408846,0.11148946971884251,0.026352042661526402,0.7532799618741605,3219.81,4.514560931928835,127.95091711956522,False,False,False,False,False,A,LOW,0.0,False
5.6656689342403626,0.496,Dead Flowers.wav,0.19246670603752136,0.4344771832744472,0.21272790425853297,0.02094410782099357,0.6672504114194809,2344.26,4.33979093986808,127.95091711956522,False,False,False,False,False,A,LOW,0.0,False
5.758548752834467,0.5239,Dead Flowers.wav,0.1791176199913025,0.43448058821770247,0.234372051804276,0.02088047961905105,0.645413770991086,2162.83,2.452718490124517,127.95091711956522,False,False,False,False,False,A,LOW,0.0,False
5.851428571428571,0.4987,Dead Flowers.wav,0.19805462658405304,0.47191971168177543,0.2287100085683611,0.020300542847715312,0.6507122840610401,2205.52,3.0389864460625797,127.95091711956522,False,False,False,False,False,A,LOW,0.0,False
5.944308390022676,0.5316,Dead Flowers.wav,0.17447684705257416,0.517919797177801,0.22792495984207656,0.019281926462921775,0.647444210429735,2179.09,3.0746666323999556,127.95091711956522,False,False,False,False,False,A,LOW,0.0,False
6.03718820861678,2.0746,Dead Flowers.wav,0.1494302600622177,0.4162544924689911,0.19354055202941628,0.014200248740571979,0.6168751724692614,1946.71,3.049258314173294,112.34714673913044,False,False,False,False,False,A,LOW,0.0,False
6.130068027210885,0.5234,Dead Flowers.wav,0.17482735216617584,0.4487842882287582,0.16770335379194967,0.01164979221774424,0.5939429186104181,1788.8,5.1321695200447275,112.34714673913044,False,False,False,False,False,A,LOW,0.0,False
6.222947845804988,0.5176,Dead Flowers.wav,0.20169402658939362,0.4580419557955181,0.26926513211996156,0.008451285362328923,0.538367662713016,1457.23,2.651939574809297,112.34714673913044,False,False,False,False,False,A,LOW,0.0,False
6.315827664399093,0.4959,Dead Flowers.wav,0.18464894592761993,0.44098956974616593,0.23497088967125931,0.006598796701258754,0.5134803221641615,1329.4,2.6894620989171645,112.34714673913044,False,False,False,False,False,A,LOW,0.0,False
6.408707482993197,0.52,Dead Flowers.wav,0.18497075140476227,0.4071672778800996,0.24974563963564841,0.006724966991487056,0.5169855415810803,1346.7,2.658966875508592,112.34714673913044,False,False,False,False,False,A,LOW,0.0,False
6.501587301587302,0.5206,Dead Flowers.wav,0.1382741928100586,0.3621180917829536,0.20394647198393534,0.015330680875110305,0.6258851154879881,2012.5,3.2014285626547037,112.34714673913044,False,False,False,False,False,A,LOW,0.0,False
6.594467120181406,0.6089,Dead Flowers.wav,0.11395284533500671,0.3887004584657089,0.11475943295662466,0.0037209312472480196,0.46829607027593395,1125.3,1.7946554160063828,112.34714673913044,False,False,False,False,False,A,LOW,0.0,False
6.6873469387755105,0.5192,Dead Flowers.wav,0.11187568306922913,0.4304994885212935,0.08819774399159666,0.0023014707867510956,0.38715964360533806,834.22,2.315425947049853,112.34714673913044,False,False,False,False,False,A,LOW,0.0,False
6.780226757369615,0.5153,Dead Flowers.wav,0.10485232621431351,0.4145246963337519,0.08667681943633661,0.005165312937066574,0.502797898748426,1278.03,2.8228119833228047,112.34714673913044,True,True,False,True,False,A,LOW,0.0,False
6.873106575963718,0.4943,Dead Flowers.wav,0.10731104761362076,0.4117496950908171,0.06827200482043183,0.009932058890876963,0.6668670446166407,2340.94,2.582431982541359,112.34714673913044,False,False,False,False,False,A,LOW,0.0,False
6.965986394557823,0.5224,Dead Flowers.wav,0.11041273921728134,0.43085924428280364,0.07522719321318916,0.0037997750102971247,0.4829442046663368,1187.78,2.909583166065982,112.34714673913044,False,False,False,False,False,A,LOW,0.0,False
7.058866213151927,0.5016,Dead Flowers.wav,0.10543666779994965,0.43865843763764756,0.062193719471281106,0.0018054966038942805,0.3499084924695429,727.12,2.2557059685758563,112.34714673913044,False,False,False,False,False,A,LOW,0.0,False
7.151746031746032,0.5241,Dead Flowers.wav,0.24870187044143677,0.8357353908790195,0.09720564369603323,0.008137644107022331,0.5024520981903229,1276.4,8.92450508832504,112.34714673913044,False,True,False,False,False,A,LOW,0.0,False
7.244625850340136,0.4975,Dead Flowers.wav,0.21118789911270142,1.0976393931376038,0.09416517697503987,0.00812525578775167,0.4405960169049348,1015.99,1.4573546557778685,112.34714673913044,False,False,False,False,False,A,LOW,0.0,False
7.337505668934241,0.5223,Dead Flowers.wav,0.11453987658023834,0.49482313271647677,0.08613115437037346,0.0058932036798534804,0.4488898338632688,1047.56,2.4532561025025448,112.34714673913044,False,False,False,False,False,A,LOW,0.0,False
7.430385487528345,0.4985,Dead Flowers.wav,0.10868799686431885,0.4210080723254757,0.0830810822921469,0.0056606278886978095,0.4646029848764492,1110.07,1.9603618403308383,112.34714673913044,False,False,False,False,False,A,LOW,0.0,False
7.523265306122449,0.5343,Dead Flowers.wav,0.10624802857637405,0.4480014423892328,0.07395070173939547,0.006533425273098834,0.5092385206881233,1308.76,2.605081926795335,112.34714673913044,False,False,False,False,False,A,LOW,0.0,False
7.616145124716553,0.5119,Dead Flowers.wav,0.10703428089618683,0.42488980707376034,0.0521541640722732,0.005536125104219523,0.4975759056611181,1253.65,2.4646778977396093,112.34714673913044,False,False,False,False,False,A,LOW,0.0,False
7.7090249433106575,0.5167,Dead Flowers.wav,0.2278371900320053,0.8516091820276632,0.104596763478227,0.0035085190018298417,0.31007036310460345,627.74,5.048515498604985,112.34714673913044,False,False,False,False,False,A,LOW,0.0,False
7.801904761904762,0.4998,Dead Flowers.wav,0.1486157327890396,0.7862916885192085,0.06386939164042733,0.002948324276533857,0.3246439818672952,662.41,2.802268754967761,112.34714673913044,False,False,False,False,False,A,LOW,0.0,False
7.894784580498866,0.5195,Dead Flowers.wav,0.17038850486278534,0.4055140574567177,0.18050731775125287,0.027673594374838704,0.6571096266968093,2258.18,6.540030992059446,112.34714673913044,True,True,False,True,False,A,LOW,0.0,False
7.987664399092971,0.52,Dead Flowers.wav,0.18761423230171204,0.4473417272869962,0.20579837443533272,0.023322345339711736,0.6649216382416208,2324.2,2.323116252181575,112.34714673913044,False,False,False,False,False,A,LOW,0.0,False
8.080544217687075,3.0869,Dead Flowers.wav,0.19855070114135742,0.47892158751687014,0.26441961855969104,0.016822498756206464,0.6071645574765355,1878.21,2.3955903241515193,112.34714673913044,False,False,False,False,False,A,LOW,0.0,False
8.17342403628118,0.5958,Dead Flowers.wav,0.17634327709674835,0.43529711966458384,0.2172493108424284,0.0130209607931613,0.6033650917643328,1852.07,3.7932682342174204,112.34714673913044,False,False,False,False,False,A,LOW,0.0,False
8.266303854875284,0.5441,Dead Flowers.wav,0.26384395360946655,0.969278577401428,0.227820255242259,0.008083796302817631,0.47896703866235124,1170.48,4.0537469619060555,112.34714673913044,False,False,False,False,False,A,LOW,0.0,False
8.359183673469389,0.5475,Dead Flowers.wav,0.15264053642749786,0.5018012664897838,0.17863600106760671,0.008145006642234031,0.5674232953204406,1622.09,2.813248082310411,112.34714673913044,False,False,False,False,False,A,LOW,0.0,False
8.452063492063493,0.5352,Dead Flowers.wav,0.18338830769062042,0.39733513947503596,0.22739790063411175,0.013470612285555336,0.6807779501748232,2464.21,2.533962741456671,112.34714673913044,False,False,False,False,False,A,LOW,0.0,False
8.544943310657596,0.5376,Dead Flowers.wav,0.17831598222255707,0.4113108911075926,0.22591302290611376,0.02446326838666384,0.7792438368216423,3543.44,2.3842621234808097,112.34714673913044,False,False,False,False,False,A,LOW,0.0,False
8.6378231292517,0.5418,Dead Flowers.wav,0.19284696877002716,0.42198407774579205,0.2337053701209673,0.029198398665883304,0.7907803319813477,3697.49,3.3795291208342877,112.34714673913044,False,False,False,False,False,A,LOW,0.0,False
8.730702947845804,0.562,Dead Flowers.wav,0.17310397326946259,0.37234381299713876,0.2261295213744049,0.025366933345420357,0.7741790006337335,3477.85,2.1448145181957754,112.34714673913044,False,False,False,False,False,A,LOW,0.0,False
8.823582766439909,0.5534,Dead Flowers.wav,0.12246032059192657,0.31080571595239126,0.2059935974943548,0.019866925096910504,0.7602606521096416,3303.8,2.361965756818255,112.34714673913044,False,False,False,False,False,A,LOW,0.0,False
8.916462585034013,0.5572,Dead Flowers.wav,0.12376994639635086,0.3849408717076378,0.10542231874633418,0.009203497863312093,0.6942017662140518,2589.3,3.0035869313389747,112.34714673913044,False,False,False,False,False,A,LOW,0.0,False
9.009342403628118,0.5933,Dead Flowers.wav,0.1689482182264328,0.4438264811556972,0.17523423057419768,0.014138483541573934,0.6468790568742229,2174.55,5.364037831492383,112.34714673913044,False,False,False,False,False,A,LOW,0.0,False
9.102222222222222,0.6481,Dead Flowers.wav,0.16794100403785706,0.5349584467920738,0.18399467636875672,0.013125245985644123,0.5979139280940522,1815.2,2.5075829000794574,112.34714673913044,False,False,False,False,False,A,LOW,0.0,False
9.195102040816327,0.5275,Dead Flowers.wav,0.16341674327850342,0.48105966851219045,0.19196145336682474,0.013361176294414901,0.5997304888844441,1827.4,2.707124897338194,112.34714673913044,False,False,False,False,False,A,LOW,0.0,False
9.287981859410431,0.5328,Dead Flowers.wav,0.17083920538425446,0.5113329005492986,0.14897143596530812,0.02095798274405515,0.629674774585613,2040.83,3.2350459721802385,112.34714673913044,False,False,False,False,False,A,LOW,0.0,False
9.380861678004536,0.5151,Dead Flowers.wav,0.17430061101913452,0.5576042987951053,0.20349387922124967,0.023085083744788158,0.6817783848960484,2473.32,2.1748099903233857,112.34714673913044,False,False,False,False,False,A,LOW,0.0,False
9.47374149659864,0.539,Dead Flowers.wav,0.16808879375457764,0.5761331295763545,0.15135925773695927,0.009141640814267762,0.6187733620272197,1960.39,2.3243174473099644,112.34714673913044,False,False,False,False,False,A,LOW,0.0,False
9.566621315192744,0.5264,Dead Flowers.wav,0.16910599172115326,0.5859115633655387,0.174551510322346,0.008303570471617788,0.606271181467458,1872.03,2.3545697633777336,112.34714673913044,False,False,False,False,False,A,LOW,0.0,False
9.659501133786849,0.5352,Dead Flowers.wav,0.1279662698507309,0.5001312994236775,0.14490988634119104,0.010699900111029627,0.6753843758985479,2415.66,3.4596878758293768,112.34714673913044,False,False,False,False,False,A,LOW,0.0,False
9.752380952380953,0.5087,Dead Flowers.wav,0.08286319673061371,0.35435652581795735,0.05111763269191415,0.012544467535577192,0.7525696734014427,3211.38,2.613879155364426,112.34714673913044,False,False,False,False,False,A,LOW,0.0,False
9.845260770975056,0.5267,Dead Flowers.wav,0.13502414524555206,0.38626258474869896,0.0699205964876342,0.00932949024856133,0.6777270295262102,2436.63,5.542956766438766,112.34714673913044,False,False,False,False,False,A,LOW,0.0,False
9.93814058956916,0.511,Dead Flowers.wav,0.15410658717155457,0.39347060265262496,0.20133424831678315,0.01762646568308524,0.6429658402848049,2143.38,3.5598236001014203,112.34714673913044,False,False,False,False,False,A,LOW,0.0,False
10.031020408163265,0.5343,Dead Flowers.wav,0.2656340003013611,0.8018293013353635,0.2173616205629166,0.01633004218064777,0.5987994018358211,1821.14,5.850882020803861,112.34714673913044,False,False,False,False,False,A,LOW,0.0,False
10.12390022675737,4.0629,Dead Flowers.wav,0.1772175431251526,0.7529656350437239,0.20787988478866312,0.013020339358594363,0.5793315336976841,1694.94,2.7725388196401037,112.34714673913044,False,False,False,False,False,A,LOW,0.0,False
10.216780045351474,0.5488,Dead Flowers.wav,0.15252703428268433,0.49487605171592797,0.17168661412665626,0.009235249320033185,0.5829315253694004,1717.6,3.382711898509209,112.34714673913044,False,False,False,False,False,A,LOW,0.0,False
10.309659863945578,0.5738,Dead Flowers.wav,0.1424185037612915,0.47617507587884594,0.14678236843552006,0.005556405418961684,0.5219804955192292,1371.75,2.5058642146517993,112.34714673913044,False,False,False,False,False,A,LOW,0.0,False
10.402539682539683,0.5402,Dead Flowers.wav,0.148238405585289,0.45906037615842443,0.11120925087762423,0.03451371562199053,0.7542823556130369,3231.73,2.9391744021295554,112.34714673913044,True,True,False,True,False,A,LOW,0.0,False
10.495419501133787,0.5811,Dead Flowers.wav,0.16017495095729828,0.4447403666532236,0.11075454826379771,0.07414624035405158,0.8813083425006394,5163.44,2.341144490639608,112.34714673913044,False,False,False,False,False,A,LOW,0.0,False
10.588299319727891,0.5754,Dead Flowers.wav,0.24554136395454407,0.8799296639934103,0.16470017618766689,0.039510719795768215,0.742347801665198,3092.54,5.4343688739909775,112.34714673913044,False,False,False,False,False,A,LOW,0.0,False
10.681179138321996,0.5338,Dead Flowers.wav,0.19231511652469635,0.7251783305326103,0.1694125937915992,0.011907132058649874,0.606177903278186,1871.39,2.3834244156016293,112.34714673913044,False,False,False,False,False,A,LOW,0.0,False
10.7740589569161,0.5137,Dead Flowers.wav,0.18011438846588135,0.5425508383860097,0.20780843734066237,0.018877079385320992,0.6316790163020682,2055.97,2.538895363807353,112.34714673913044,False,False,False,False,False,A,LOW,0.0,False
10.866938775510205,0.5728,Dead Flowers.wav,0.12979277968406677,0.5069993470518773,0.1483739963810609,0.009743267335720417,0.5520309956157612,1532.56,2.5187502441672316,112.34714673913044,False,False,False,False,False,A,LOW,0.0,False
10.95981859410431,0.5439,Dead Flowers.wav,0.17377638816833496,0.42500468397162694,0.17864900796021463,0.01857862215343014,0.6802707596184449,2459.6,5.273241305873254,112.34714673913044,False,True,False,False,False,A,LOW,0.0,False
11.052698412698414,0.6251,Dead Flowers.wav,0.2297970950603485,0.39726028765234345,0.21912958132228427,0.028155341845803403,0.6430202562986558,2143.81,3.245894177074804,112.34714673913044,False,False,False,False,False,A,LOW,0.0,False
11.145578231292516,0.7546,Dead Flowers.wav,0.18412578105926514,0.9538091163440886,0.139731916801995,0.0102847807565973,0.4564519085350412,1077.19,4.648947931195983,112.34714673913044,False,False,False,False,False,A,LOW,0.0,False
11.23845804988662,0.5847,Dead Flowers.wav,0.16541741788387299,0.6286288678354808,0.15486813567849372,0.016876120667018636,0.6959866680684386,2606.41,4.300216462672169,112.34714673913044,True,True,False,True,False,A,LOW,0.0,False
11.331337868480725,0.5597,Dead Flowers.wav,0.1684640347957611,0.34315420076468833,0.21058172739074002,0.027001968592421283,0.683170755187512,2486.05,2.9400100013008035,112.34714673913044,False,False,False,False,False,A,LOW,0.0,False
11.42421768707483,0.5486,Dead Flowers.wav,0.1715339720249176,0.2788970678985389,0.22866109902757062,0.03338620356845081,0.6971936159528583,2618.04,3.798920177783718,112.34714673913044,False,False,False,False,False,A,LOW,0.0,False
11.517097505668934,0.5488,Dead Flowers.wav,0.1705048680305481,0.3131153006272124,0.23106986122817694,0.03617171410219013,0.7178516655439608,2825.34,2.8205209609644095,112.34714673913044,False,False,False,False,False,A,LOW,0.0,False
11.609977324263038,0.5458,Dead Flowers.wav,0.131264328956604,0.32239729400071687,0.18087980665539835,0.025085772196087725,0.7178948544374874,2825.79,2.924265278968989,112.34714673913044,False,False,False,False,False,A,LOW,0.0,False
11.702857142857143,0.5547,Dead Flowers.wav,0.16401855647563934,0.42275511895594736,0.10232829447015772,0.05828410311960226,0.8426360934675601,4476.96,3.458088024114195,112.34714673913044,False,False,False,False,False,A,LOW,0.0,False
11.795736961451247,0.5425,Dead Flowers.wav,0.15289688110351562,0.45529327175188583,0.12067050250424474,0.0693635228179148,0.860784474296193,4786.94,2.3756772807167508,112.34714673913044,False,False,False,False,False,A,LOW,0.0,False
11.888616780045352,0.5447,Dead Flowers.wav,0.15704742074012756,0.3695322866423041,0.1939798337289741,0.020453366647429055,0.6580952313299121,2266.41,3.192971958560473,112.34714673913044,False,False,False,False,False,A,LOW,0.0,False
11.981496598639456,0.5878,Dead Flowers.wav,0.16256164014339447,0.3193907906812003,0.19279964922382778,0.0175194761052212,0.6268570293520956,2019.73,2.4099793111476098,112.34714673913044,False,False,False,False,False,A,LOW,0.0,False
12.07437641723356,0.5382,Dead Flowers.wav,0.18004973232746124,0.3825092676785386,0.23012219386616659,0.01601657757474296,0.6240440061929607,1998.88,2.801594676292459,112.34714673913044,False,False,False,False,False,A,LOW,0.0,False
12.167256235827665,3.8934,Dead Flowers.wav,0.1850677728652954,0.4431702739982988,0.23555468978073216,0.026673975608912548,0.6765211535120764,2425.81,3.1488748989384887,112.34714673913044,False,False,False,False,False,A,LOW,0.0,False
12.26013605442177,0.5336,Dead Flowers.wav,0.14205193519592285,0.4150196657608987,0.20057746293980666,0.02119283718138584,0.641194381944033,2129.42,2.134154431541391,112.34714673913044,False,False,False,False,False,A,LOW,0.0,False
12.353015873015874,0.5395,Dead Flowers.wav,0.1587855964899063,0.4151671847012979,0.14180820726454943,0.016614280586328235,0.6545853921567637,2237.25,4.164153556443564,112.34714673913044,False,False,False,False,False,A,LOW,0.0,False
12.445895691609977,0.5335,Dead Flowers.wav,0.186628520488739,0.38991799363278445,0.2336946619980569,0.03199402552213708,0.645098618855368,2160.31,3.49268300276351,112.34714673913044,False,False,False,False,False,A,LOW,0.0,False
12.538775510204081,0.539,Dead Flowers.wav,0.12330566346645355,0.35755471410421014,0.2014638157275349,0.019200516775536865,0.6012006517502486,1837.34,2.972730465631997,112.34714673913044,False,False,False,False,False,A,LOW,0.0,False
12.631655328798185,0.5225,Dead Flowers.wav,0.1125786155462265,0.3336705412500166,0.09324226824337958,0.012231424357857606,0.6671649376900609,2343.52,2.2335670344662213,112.34714673913044,False,False,False,False,False,A,LOW,0.0,False
12.72453514739229,0.5402,Dead Flowers.wav,0.17935125529766083,0.42682228737043815,0.17643626625557607,0.02972936056409331,0.6941877795029355,2589.17,3.8388963222378387,112.34714673913044,False,False,False,False,False,A,LOW,0.0,False
12.817414965986394,0.5208,Dead Flowers.wav,0.1959570348262787,0.36558155222091954,0.23314692948342577,0.04492602419655979,0.6381880134684892,2105.94,2.1671142718088907,112.34714673913044,False,False,False,False,False,A,LOW,0.0,False
12.910294784580499,0.5404,Dead Flowers.wav,0.26214399933815,0.8035885633754983,0.26221237690040883,0.047345413535202274,0.6263265022518407,2015.78,5.510264402741204,112.34714673913044,False,False,False,False,False,A,LOW,0.0,False
13.003174603174603,0.5285,Dead Flowers.wav,0.17336821556091309,0.5526417687986891,0.22486205012347288,0.03720955296243948,0.6433697980029288,2146.58,2.7056209319232427,112.34714673913044,False,False,False,False,False,A,LOW,0.0,False
13.096054421768708,0.5505,Dead Flowers.wav,0.1507340967655182,0.4461359494104754,0.1362247859515226,0.032180149849753814,0.7602806075289753,3304.04,2.6835016145586157,112.34714673913044,False,False,False,False,False,A,LOW,0.0,False
13.188934240362812,0.5277,Dead Flowers.wav,0.17016170918941498,0.4627895491370524,0.0991597648789624,0.08101726388644977,0.8829820274127566,5195.41,2.5426056285593277,112.34714673913044,False,False,False,False,False,A,LOW,0.0,False
13.281814058956916,0.5605,Dead Flowers.wav,0.18455588817596436,0.564026126321403,0.13706057817911674,0.04238764926199288,0.7441518372890632,3113.19,2.85515817415615,112.34714673913044,False,False,False,False,False,A,LOW,0.0,False
13.374693877551021,0.5485,Dead Flowers.wav,0.23939013481140137,0.6014564180470986,0.22430159848311496,0.025019734502892205,0.6143532597641215,1928.68,3.696397638195504,112.34714673913044,False,False,False,False,False,A,LOW,0.0,False
13.467573696145125,0.5956,Dead Flowers.wav,0.23027095198631287,0.9004585019260183,0.2338774176421344,0.019295946180711048,0.5708710779769197,1642.86,4.605761222310127,112.34714673913044,False,False,False,False,False,A,LOW,0.0,False
13.56045351473923,0.5193,Dead Flowers.wav,0.20222102105617523,0.6048571374692602,0.23167377598526617,0.025509954802568395,0.609664464969276,1895.61,2.306925392678227,112.34714673913044,False,False,False,False,False,A,LOW,0.0,False
13.653333333333334,0.5379,Dead Flowers.wav,0.189658522605896,0.48299877783182876,0.2359208159899433,0.03731370871518525,0.6316478866134524,2055.74,2.6384460466796638,112.34714673913044,False,False,False,False,False,A,LOW,0.0,False
13.746213151927437,0.5187,Dead Flowers.wav,0.1782679259777069,0.37056860204042263,0.23022008223448062,0.03479289849564632,0.6085442607218401,1887.79,2.2006419198078775,112.34714673913044,False,False,False,False,False,A,LOW,0.0,False
13.839092970521541,0.5355,Dead Flowers.wav,0.19381816685199738,0.3919752696533743,0.2453176896505723,0.030729829594229426,0.6026890907522823,1847.46,2.168395822051504,112.34714673913044,False,False,False,False,False,A,LOW,0.0,False
13.931972789115646,0.5247,Dead Flowers.wav,0.27975645661354065,0.6597159494168517,0.2686568074143996,0.03258730615996342,0.6230008998916647,1991.2,5.716975139877461,112.34714673913044,False,False,False,False,False,A,LOW,0.0,False
14.02485260770975,0.534,Dead Flowers.wav,0.2478606104850769,0.9171314715912283,0.2742747004431648,0.0346746018154154,0.6099239681974894,1897.43,3.2922603047177588,112.34714673913044,False,False,False,False,False,A,LOW,0.0,False
14.117732426303855,0.5213,Dead Flowers.wav,0.2143562138080597,0.47217964301307747,0.27877235425209945,0.038922754447715306,0.6771002962268398,2431.0,4.146164000753854,112.34714673913044,False,False,False,False,False,A,MID,0.23511913472998608,False
14.210612244897959,3.549,Dead Flowers.wav,0.21632102131843567,0.40737178589578554,0.282660975560547,0.03193651399691986,0.6430085216493701,2143.72,2.439741737198515,112.34714673913044,False,False,False,False,False,A,MID,0.2401227631584969,False
14.303492063492063,0.5495,Dead Flowers.wav,0.23765210807323456,0.38519062468566,0.32905089024740347,0.03696329431527084,0.6616826588573649,2296.6,2.9308672857510234,112.34714673913044,False,False,False,False,False,A,MID,0.24604471752613832,False
14.396371882086168,0.805,Dead Flowers.wav,0.23259732127189636,0.4049530663832245,0.2981312369283627,0.038275881329284965,0.6645733726436055,2321.22,2.9782249492259174,112.34714673913044,False,False,False,False,False,A,MID,0.2514020452672885,False
14.489251700680272,0.7583,Dead Flowers.wav,0.238412544131279,0.4555101014360247,0.33043899894583495,0.03948047137824685,0.6356274406771112,2086.14,3.1466021458025453,112.34714673913044,False,False,False,False,False,A,MID,0.2568000165114912,False
14.582131519274377,0.6006,Dead Flowers.wav,0.201985701918602,0.44706038391939823,0.24576275935730782,0.044841760112385255,0.6583065559760524,2268.18,2.731902519498529,112.34714673913044,False,False,False,False,False,A,MID,0.2598759209370408,False
14.675011337868481,0.5862,Dead Flowers.wav,0.21075725555419922,0.48348238768766744,0.2549395764235591,0.04501571420325388,0.6738845043036727,2402.33,2.73694979665334,112.34714673913044,False,False,False,False,False,A,MID,0.2633204305106042,False
14.767891156462586,0.653,Dead Flowers.wav,0.20130537450313568,0.4429038460834395,0.25418850995938846,0.04653630049886318,0.6867863554898058,2519.43,3.259016919161062,112.34714673913044,False,False,False,False,False,A,MID,0.2660289323065074,False
14.86077097505669,0.5537,Dead Flowers.wav,0.21514463424682617,0.46833190699102767,0.24861504979852297,0.046941874759994714,0.6963981841567739,2610.37,3.8574134335546817,112.34714673913044,False,False,False,False,False,A,LOW,0.0,False
14.953650793650795,0.5315,Dead Flowers.wav,0.21744383871555328,0.5156678743806938,0.26219239112968346,0.03681863301239657,0.6674849527632227,2346.29,3.5253153671948696,112.34714673913044,False,False,False,False,False,A,LOW,0.0,False
15.046530612244897,0.542,Dead Flowers.wav,0.22507308423519135,0.43583034570364987,0.29093440552951344,0.058377544791137624,0.7283238792461003,2936.63,3.005664870941761,112.34714673913044,False,False,False,False,False,A,LOW,0.0,False
15.139410430839002,0.5258,Dead Flowers.wav,0.19582325220108032,0.40243654042739246,0.24856710600562285,0.037984845141661415,0.6859107978768222,2511.31,3.1483200434424314,112.34714673913044,False,False,False,False,False,A,LOW,0.0,False
15.232290249433106,0.5441,Dead Flowers.wav,0.20234879851341248,0.46122453758149456,0.25090515217676734,0.02756757023616782,0.6560960958782855,2249.76,2.8636075580227525,112.34714673913044,False,False,False,False,False,A,MID,0.28013409939169853,False
15.32517006802721,0.5262,Dead Flowers.wav,0.17239895462989807,0.40991055317876723,0.23936445571645731,0.02739592048579167,0.677354309953494,2433.28,2.2539316520224237,112.34714673913044,False,False,False,False,False,A,MID,0.2801061636138485,False
15.418049886621315,0.5434,Dead Flowers.wav,0.15105348825454712,0.3660175177966283,0.18757876842409676,0.029610380153933757,0.733584358391879,2994.17,3.010999241454619,112.34714673913044,False,False,False,False,False,A,MID,0.27845202374710576,False
15.51092970521542,0.5253,Dead Flowers.wav,0.17362262308597565,0.36413162950720707,0.2085221196389288,0.028060377953205953,0.7471858196739042,3148.23,2.515350325405018,112.34714673913044,False,False,False,False,False,A,MID,0.2785947090736947,False
15.603809523809524,0.5591,Dead Flowers.wav,0.17730462551116943,0.3793842367287673,0.215247865466241,0.025366002778761398,0.7319931453325719,2976.64,3.765611446236842,112.34714673913044,False,False,False,False,False,A,MID,0.2789868179831684,False
15.696689342403628,0.6692,Dead Flowers.wav,0.22129999101161957,0.5126161001402904,0.14267927847353135,0.10813008599688699,0.9217297798463874,5993.72,6.333548056326533,112.34714673913044,False,False,False,False,False,A,MID,0.2820784326158461,False
15.789569160997733,0.6755,Dead Flowers.wav,0.22764970362186432,0.4195019469108221,0.26356973622355595,0.047325245475088984,0.731591694730152,2972.24,3.0216000732700805,112.34714673913044,False,False,False,False,True,B,MID,0.2853664067302206,False
15.882448979591837,0.6045,Dead Flowers.wav,0.20047247409820557,0.43812024554533646,0.273832651837975,0.03348623132607997,0.697617912293485,2622.14,3.0294009322761397,112.34714673913044,False,False,False,False,False,B,MID,0.2869217703824103,False
15.975328798185942,0.574,Dead Flowers.wav,0.2513674795627594,0.42769574237167934,0.21539996433801994,0.11070491419403101,0.7711774035682089,3439.56,2.32324300130948,112.34714673913044,False,False,False,False,False,B,MID,0.29120914913277995,False
16.068208616780044,0.5725,Dead Flowers.wav,0.24728059768676758,0.4234891539100994,0.17575146227736402,0.12976020389269652,0.79056744929846,3694.59,2.354143125963807,112.34714673913044,False,False,False,False,False,B,MID,0.29507535843025184,False
16.16108843537415,0.5662,Dead Flowers.wav,0.24781054258346558,0.4228946853597402,0.21296531022397924,0.12627863246569715,0.7871512342669355,3648.32,2.6334279374247362,112.34714673913044,False,False,False,False,False,B,MID,0.2987752300445149,False
16.253968253968253,4.0493,Dead Flowers.wav,0.270706444978714,0.43008292023489614,0.3672115395194452,0.0606541053034302,0.786053349554127,3633.58,3.0407998071048263,112.34714673913044,False,False,False,False,False,B,MID,0.30341324767851874,False
16.34684807256236,0.8436,Dead Flowers.wav,0.14400702714920044,0.42229254568293034,0.2343346198338388,0.03584615317525403,0.740463970446488,3071.13,4.233965704402361,112.34714673913044,False,False,False,False,False,B,MID,0.29999633031233275,False
16.439727891156462,0.6682,Dead Flowers.wav,0.33636581897735596,0.6485699921519869,0.1987647524920538,0.09822415586764033,0.8431156254121817,4484.89,9.498110321161743,112.34714673913044,True,True,False,True,False,B,MID,1.0,False
16.532607709750568,0.5727,Dead Flowers.wav,0.33758535981178284,1.3310759090281696,0.30666136207143885,0.07465843132426561,0.7542729223002631,3231.62,3.1266776751856455,112.34714673913044,False,False,False,False,False,B,MID,0.65,False
16.62548752834467,0.5628,Dead Flowers.wav,0.4788450300693512,1.6898426068703811,0.28252726324137534,0.048002768180726275,0.7083192544833696,2727.72,4.29532529166804,112.34714673913044,False,False,False,False,False,B,MID,0.42250000000000004,False
16.718367346938777,0.5882,Dead Flowers.wav,0.39362356066703796,1.7926953955209926,0.2193175254156422,0.03926524126464706,0.6778270662728215,2437.53,2.6016991894606862,112.34714673913044,False,False,False,False,False,B,MID,0.3164602490734596,False
16.81124716553288,0.563,Dead Flowers.wav,0.3382229506969452,1.150830023350226,0.3361802846618968,0.05083524724753451,0.7108211791146988,2753.01,3.458332301184435,112.34714673913044,False,False,False,False,False,B,MID,0.3170215678057463,False
16.904126984126986,0.5676,Dead Flowers.wav,0.3009032905101776,1.1248841889105423,0.198110752122767,0.08815191105815492,0.7234216794272255,2884.0,2.341699943885706,112.34714673913044,False,False,False,False,False,B,MID,0.3164194269614364,False
16.99700680272109,0.5705,Dead Flowers.wav,0.30870187282562256,1.1120425800450877,0.18305667326696526,0.08062049466768055,0.8187208990265356,4098.93,2.200398522723218,112.34714673913044,False,False,False,False,False,B,MID,0.31609292969443453,False
17.08988662131519,0.5596,Dead Flowers.wav,0.3052431046962738,1.0990762106455634,0.13177696684623227,0.11400766757495502,0.909060444489248,5720.04,2.4697475056364557,112.34714673913044,False,False,False,False,False,B,MID,0.3156744389752694,False
17.182766439909297,0.5694,Dead Flowers.wav,0.4880295395851135,1.7187087318698653,0.2499215349733123,0.060137606268283995,0.7424011913644304,3093.15,6.953779215590713,112.34714673913044,False,False,False,False,False,B,MID,0.31989071702650596,False
17.2756462585034,0.5648,Dead Flowers.wav,0.2841539680957794,1.4312714406843812,0.2464503937092518,0.047197559359527186,0.6765201129096526,2425.8,2.5470462895088946,112.34714673913044,False,False,False,False,False,B,MID,0.31844858606823906,False
17.368526077097506,0.7754,Dead Flowers.wav,0.3213258981704712,1.1409219321823918,0.2724412746395624,0.043410675082434645,0.7069880331232113,2714.36,2.2716323342470788,112.34714673913044,False,False,False,False,False,B,MID,0.31824381233411736,False
17.46140589569161,0.5747,Dead Flowers.wav,0.32458874583244324,1.1237345299775794,0.30410496790071817,0.04107474184098341,0.7138136983348432,2783.57,3.2335456533279934,112.34714673913044,False,False,False,False,False,B,MID,0.31814667059328317,False
17.554285714285715,0.568,Dead Flowers.wav,0.2992657721042633,1.0889097540258434,0.2713299814330403,0.04407744528559794,0.7280682438577364,2933.86,2.695759481692517,112.34714673913044,False,False,False,False,False,B,MID,0.31727854709523634,False
17.647165532879818,0.6093,Dead Flowers.wav,0.31009262800216675,1.1141019655070028,0.22759141366714686,0.055945365836655,0.6981512049418442,2627.3,2.6269744113529403,112.34714673913044,False,False,False,False,False,B,MID,0.31679129237510384,False
17.740045351473924,0.6917,Dead Flowers.wav,0.3280739188194275,1.186664567031102,0.186897613184919,0.09180079884904288,0.7008159249329037,2653.26,2.5002946098712395,112.34714673913044,False,False,False,False,False,B,MID,0.3168700173893948,False
17.832925170068027,0.6682,Dead Flowers.wav,0.3334207534790039,1.2305927090445885,0.18888962216563643,0.06482062535813339,0.6996212372446137,2641.59,4.353309988536505,112.34714673913044,False,False,False,False,False,B,MID,0.3171016506974675,False
17.925804988662133,0.5777,Dead Flowers.wav,0.3576383590698242,1.20405283011293,0.32034517686760045,0.08804738435493635,0.7654526831419127,3367.68,2.6214678463969032,112.34714673913044,False,False,False,False,False,B,MID,0.3180102043996487,False
18.018684807256236,0.5781,Dead Flowers.wav,0.33513087034225464,1.2915314883252242,0.25631656821826704,0.04955588605911207,0.7336692345990868,2995.11,2.9193040216337907,112.34714673913044,False,False,False,False,False,B,MID,0.3182346070952953,False
18.11156462585034,0.5729,Dead Flowers.wav,0.34725284576416016,1.2925076697417048,0.23875569578504807,0.03756847999215391,0.6830440562829714,2484.89,3.0115872417708136,112.34714673913044,False,False,False,False,False,B,MID,0.3187954826282493,False
18.204444444444444,0.5743,Dead Flowers.wav,0.339702308177948,1.3532040065541964,0.25403022740317505,0.033942512630496614,0.674016230847252,2403.5,2.5221499730152153,112.34714673913044,False,False,False,False,False,B,MID,0.31911279179013297,False
18.297324263038547,3.6523,Dead Flowers.wav,0.3490249514579773,1.3614532356313238,0.20826492600177854,0.034709284451606336,0.6971136608960287,2617.27,2.7296190816814203,112.34714673913044,False,False,False,False,False,B,MID,0.3196798529200538,False
18.390204081632653,0.8838,Dead Flowers.wav,0.3615744411945343,1.4355403492709076,0.24054254463931296,0.023791336582351212,0.6477102016983999,2181.23,3.20442237651824,112.34714673913044,False,False,False,False,False,B,MID,0.3205682253324421,False
18.483083900226756,0.8599,Dead Flowers.wav,0.3644041121006012,1.42063512990771,0.24538183817552406,0.02553428399191497,0.6311327446858978,2051.84,2.767958909727645,112.34714673913044,False,False,False,False,False,B,MID,0.32148982829004313,False
18.575963718820862,0.6088,Dead Flowers.wav,0.4838537871837616,1.6655467350923836,0.2867090918567226,0.03285944144697301,0.6249562682688964,2005.61,7.425527000005621,112.34714673913044,False,True,False,False,False,B,MID,0.32532137878090883,False
18.668843537414965,0.711,Dead Flowers.wav,0.3816755414009094,1.9561172302596275,0.25361963727062864,0.03469389358793711,0.636250952046959,2090.94,2.3959694767062376,112.34714673913044,False,False,False,False,False,B,MID,0.32647030092935714,False
18.76172335600907,0.6675,Dead Flowers.wav,0.2714618444442749,1.048139901318645,0.24040989896862577,0.027899034828872352,0.6665885300365715,2338.54,2.511236792143228,112.34714673913044,False,False,False,False,False,B,MID,0.32427469263510533,False
18.854603174603174,0.6012,Dead Flowers.wav,0.2461114227771759,1.046226684317788,0.13766428246609536,0.017542503742359026,0.5943495400354035,1791.49,2.5309229623459824,112.34714673913044,False,False,False,False,False,B,MID,0.3212916426475447,False
18.94748299319728,0.6281,Dead Flowers.wav,0.30215883255004883,1.1265305214758974,0.17187736397274334,0.03853589899128174,0.7165884328992582,2812.21,4.6972959580912566,112.34714673913044,True,True,False,True,False,B,MID,1.0,False
19.040362811791383,0.5753,Dead Flowers.wav,0.2923605144023895,1.0850182272980322,0.2519838286480472,0.03195415702515099,0.6489197506871064,2190.98,2.412252613156302,112.34714673913044,False,False,False,False,False,B,MID,0.65,False
19.13324263038549,0.7917,Dead Flowers.wav,0.4472900927066803,1.71220415887164,0.26053901345396024,0.025638453638306496,0.577887706293388,1685.93,5.560086944343333,112.34714673913044,False,False,False,False,False,B,MID,0.42250000000000004,False
19.22612244897959,0.6238,Dead Flowers.wav,0.3661273419857025,1.5396396786908224,0.2631184677631577,0.01709850185122356,0.5330150453438942,1428.74,2.6143051380628486,112.34714673913044,False,False,False,False,False,B,MID,0.3231442213216212,False
19.319002267573698,0.6139,Dead Flowers.wav,0.3514522910118103,1.1610220791485908,0.2944798192840054,0.06979705427416141,0.7397878066989472,3063.48,4.3499340136409606,112.34714673913044,False,True,False,False,False,B,MID,0.32357803394952683,False
19.4118820861678,0.8512,Dead Flowers.wav,0.30684179067611694,1.0912305539110332,0.30371666631044897,0.0683267959199434,0.7333227846059702,2991.28,2.432213847389514,112.34714673913044,False,False,False,False,False,B,MID,0.32267541866504623,False
19.504761904761907,0.8218,Dead Flowers.wav,0.3061622381210327,1.0898912945429637,0.17247039792101118,0.07715357687957582,0.8332840911630641,4325.15,2.695622321030926,112.34714673913044,False,False,False,False,False,B,MID,0.32179684925085544,False
19.59764172335601,0.6245,Dead Flowers.wav,0.32050755620002747,1.0928632413794201,0.11733809896058227,0.1071534872056452,0.9112615375902335,5766.68,2.929100028524374,112.34714673913044,False,False,False,False,False,B,MID,0.32140012168560367,False
19.690521541950112,0.5979,Dead Flowers.wav,0.4519091546535492,1.815338325356533,0.28854870203791644,0.03974326327211432,0.6801376262997394,2458.39,6.684142015077287,112.34714673913044,False,False,False,False,False,B,MID,0.3244313620989719,False
19.783401360544218,0.5753,Dead Flowers.wav,0.37097248435020447,1.5803697057396078,0.23782559215505006,0.031213927619497234,0.6188436976155506,1960.9,3.2171471442979875,112.34714673913044,False,False,False,False,False,B,MID,0.3250858307441396,False
19.87628117913832,0.5763,Dead Flowers.wav,0.3015994131565094,1.1726675806187874,0.24462743252385838,0.032365009633104104,0.678015314345515,2439.22,2.3122930061027582,112.34714673913044,False,False,False,False,False,B,MID,0.3234720300852076,False
19.969160997732427,0.5664,Dead Flowers.wav,0.3042002320289612,1.1441691049588851,0.23039720644689857,0.024224600639739077,0.6579123145246412,2264.88,4.114481870473543,112.34714673913044,False,False,False,False,False,B,MID,0.3220301441041364,False
20.06204081632653,0.5811,Dead Flowers.wav,0.3908441364765167,1.34187816665798,0.2774292791234195,0.04408676037785688,0.7135485785647566,2780.85,4.257821677503094,112.34714673913044,False,False,False,False,False,B,MID,0.3233826966870526,False
20.154920634920636,0.5797,Dead Flowers.wav,0.3196377456188202,1.3210169853281997,0.26337085799095045,0.03067209815314057,0.643772900657708,2149.77,2.6955342936246516,112.34714673913044,False,False,False,False,False,B,MID,0.3224733578017889,False
20.24780045351474,0.5739,Dead Flowers.wav,0.32544368505477905,1.2172600624522716,0.25872703517432316,0.03829030079819107,0.6991828166070301,2637.32,2.348711463253031,112.34714673913044,False,False,False,False,False,B,MID,0.3218025127108108,False
20.340680272108845,3.9165,Dead Flowers.wav,0.34822648763656616,1.3351867867589555,0.22905557364201382,0.044624830241645624,0.6897941078689055,2547.54,2.3063470926889678,112.34714673913044,False,False,False,False,False,B,MID,0.3218961740201414,False
20.433560090702947,0.8536,Dead Flowers.wav,0.31055837869644165,1.3588312782710332,0.14971080201318135,0.03927692278990176,0.70251437386125,2669.93,2.2187878194342456,112.34714673913044,False,False,False,False,False,B,MID,0.3207532898725351,False
20.526439909297054,0.6202,Dead Flowers.wav,0.3128746747970581,1.3047404389198634,0.12217293091756724,0.018473604326220774,0.6243510100016009,2001.14,3.281398061247607,112.34714673913044,True,True,False,True,False,B,MID,1.0,False
20.619319727891156,0.5755,Dead Flowers.wav,0.31906962394714355,1.273114149951652,0.22305410967203446,0.043650429080264265,0.7289348221381742,2943.25,4.50793837040116,112.34714673913044,False,False,False,False,False,B,MID,0.65,False
20.712199546485262,0.5759,Dead Flowers.wav,0.3263874351978302,1.181777416616744,0.2146783155834471,0.05263184240929419,0.7158474402833817,2804.53,5.258387767497055,112.34714673913044,False,False,False,False,False,B,MID,0.42250000000000004,False
20.805079365079365,0.5824,Dead Flowers.wav,0.3549410104751587,1.2464528599682243,0.3047560993763764,0.0844354935293609,0.7489650935264589,3168.96,2.8514903648898953,112.34714673913044,False,False,False,False,False,B,MID,0.31899922082289395,False
20.897959183673468,0.6044,Dead Flowers.wav,0.44800055027008057,1.4760126703986174,0.2274143143864622,0.0450289873820569,0.6783366024575861,2442.11,5.878948199135268,112.34714673913044,True,True,True,False,False,B,MID,1.0,True
20.990839002267574,0.5853,Dead Flowers.wav,0.40369513630867004,2.0018343680081983,0.2006414621803579,0.04500633882909223,0.626040202535895,2013.65,2.8590843705695748,112.34714673913044,False,False,False,False,False,B,MID,0.65,False
21.083718820861677,0.5696,Dead Flowers.wav,0.3117707669734955,1.3980699015261788,0.25038197038271953,0.044688736918907714,0.7103642570977708,2748.38,2.787320107096349,112.34714673913044,False,False,False,False,False,B,MID,0.42250000000000004,False
21.176598639455783,0.5733,Dead Flowers.wav,0.10482261329889297,0.43006689351783517,0.12934441514159958,0.033850561343803036,0.8098519440373534,3966.99,2.7318507106729135,112.34714673913044,False,False,False,False,False,B,MID,0.3064404684273643,False
21.269478458049885,0.5815,Dead Flowers.wav,0.33942490816116333,0.8352182803407597,0.17225598524045804,0.04305219977911704,0.7546079094780254,3235.62,8.995797241848296,112.34714673913044,False,True,False,False,False,B,MID,0.3071201353519441,False
21.36235827664399,0.6854,Dead Flowers.wav,0.3266000747680664,1.3082218065130675,0.3149921894140749,0.04679421426601761,0.6508151553808921,2206.35,3.270564330392477,112.34714673913044,False,False,False,False,False,B,MID,0.30736210300591993,False
21.455238095238094,0.7607,Dead Flowers.wav,0.45160067081451416,1.7094935796160364,0.2943218476798206,0.04556396324789483,0.646566700430936,2172.04,4.5772145237051465,112.34714673913044,False,False,False,False,False,B,MID,0.3111062128719226,False
21.5481179138322,0.7198,Dead Flowers.wav,0.34133821725845337,1.634019158373023,0.15892295597221606,0.02088183664756761,0.584536201012665,1727.79,2.254569334224482,112.34714673913044,False,False,False,False,False,B,MID,0.311611780491452,False
21.640997732426303,0.7173,Dead Flowers.wav,0.28903624415397644,1.0720856838129997,0.21568336369804936,0.033955391873064476,0.6753040580221704,2414.95,3.7433358129883376,112.34714673913044,True,True,False,True,False,B,MID,1.0,False
21.73387755102041,0.8419,Dead Flowers.wav,0.28657543659210205,0.9835596094048594,0.265750500511602,0.035471506109078905,0.6575987329592086,2262.26,2.6318369300292805,112.34714673913044,False,False,False,False,False,B,MID,0.65,False
21.826757369614512,0.5637,Dead Flowers.wav,0.2567877173423767,0.9474034317390021,0.22456091889996505,0.03772682418295408,0.7091800793255367,2736.4,1.9875910992305117,112.34714673913044,False,False,False,False,False,B,MID,0.42250000000000004,False
21.91963718820862,0.579,Dead Flowers.wav,0.2968941926956177,0.9149981484492409,0.23585336764784728,0.02823177842454204,0.6430552708121383,2144.09,3.242226817646131,112.34714673913044,False,False,False,False,False,B,MID,0.30605044321050584,False
22.01251700680272,0.5975,Dead Flowers.wav,0.50169837474823,1.9295366600140031,0.23873023992587614,0.0329800762172534,0.6437714567558558,2149.76,6.56367374235125,112.34714673913044,True,True,True,False,False,B,MID,1.0,True
22.105396825396827,0.5653,Dead Flowers.wav,0.29641208052635193,1.5082004357527776,0.12043135674591665,0.06203863973568446,0.8291500961437118,4259.69,2.659001764882378,112.34714673913044,False,False,False,False,False,B,MID,0.65,False
22.19827664399093,0.5434,Dead Flowers.wav,0.280266135931015,0.9841343431184475,0.2799404460306984,0.08753860266317753,0.7927157884996439,3723.99,5.793007482804774,112.34714673913044,False,False,False,False,False,B,MID,0.42250000000000004,False
22.291156462585032,0.5641,Dead Flowers.wav,0.250863641500473,0.9158684192198597,0.16151064053987824,0.03537458780878916,0.7197669377901779,2845.38,2.8561893700592402,112.34714673913044,False,False,False,False,False,B,MID,0.3051971552788458,False
22.38403628117914,3.8708,Dead Flowers.wav,0.2799970209598541,1.1150632988052154,0.1753218538988866,0.030483731407792713,0.6706598207694088,2373.93,4.103902225136106,112.34714673913044,False,False,False,False,False,B,MID,0.30372788475843193,False
22.47691609977324,0.7711,Dead Flowers.wav,0.3841548562049866,1.2743881132256547,0.14092880386914866,0.019978037987319355,0.5922593252381427,1777.73,6.330949909464414,112.34714673913044,False,False,False,False,False,B,MID,0.30559039914995056,False
22.569795918367348,0.5854,Dead Flowers.wav,0.46290871500968933,2.08109538933801,0.23620174738944866,0.03701130734696642,0.6402792751255904,2122.25,3.5501636669356085,112.34714673913044,False,False,False,False,False,B,HIGH,0.30939739971144603,False
22.66267573696145,0.5422,Dead Flowers.wav,0.3532981872558594,1.4673953907589652,0.23842430902791403,0.035224219185225614,0.6609787393571777,2290.64,1.8929729272349671,112.34714673913044,False,False,False,False,False,B,HIGH,0.3100930128883433,False
22.755555555555556,0.5641,Dead Flowers.wav,0.30359596014022827,1.2562563877312456,0.21820207892667812,0.031570829725918945,0.653493610331206,2228.26,4.187914317153299,112.34714673913044,False,False,False,False,False,B,HIGH,0.30919437314229925,False
22.84843537414966,0.577,Dead Flowers.wav,0.341583788394928,1.3929470305509777,0.13050482710849082,0.02032512924707965,0.6000834325053351,1829.78,3.8694611188885686,112.34714673913044,True,True,False,True,False,B,HIGH,1.0,False
22.941315192743765,0.554,Dead Flowers.wav,0.3654170632362366,1.4410026843251935,0.231833484282619,0.04166680795458074,0.6834766744691851,2488.86,4.270162461474636,112.34714673913044,False,False,False,False,False,B,HIGH,0.65,False
23.034195011337868,0.5444,Dead Flowers.wav,0.3761102259159088,1.4437973757240754,0.24770362611103036,0.05084852720399336,0.6768687271853746,2428.93,1.7330265886490759,112.34714673913044,False,False,False,False,False,B,HIGH,0.42250000000000004,False
23.127074829931974,0.5552,Dead Flowers.wav,0.37306028604507446,1.5222745442229066,0.20623649953811385,0.06967090693452425,0.6871585985416777,2522.9,2.2619453291216045,112.34714673913044,False,False,False,False,False,B,HIGH,0.31302875251902873,False
23.219954648526077,0.5362,Dead Flowers.wav,0.3765028417110443,1.5315184621751328,0.18015969247415473,0.06993090399040085,0.7804742644525139,3559.56,3.6159998643919935,112.34714673913044,False,False,False,False,False,B,HIGH,0.3142123251599417,False
23.312834467120183,0.5741,Dead Flowers.wav,0.3814767897129059,1.5579220607943587,0.11698070530353258,0.0897240264138507,0.8800763414352045,5140.02,2.128735779986506,112.34714673913044,False,False,False,False,False,B,HIGH,0.3154761247991163,False
23.405714285714286,0.5422,Dead Flowers.wav,0.3625580370426178,1.5219460160677505,0.12691404358961814,0.04964866307372512,0.783860608172196,3604.31,3.7215708899120803,112.34714673913044,False,False,False,False,False,B,HIGH,0.3161389040699407,False
23.49859410430839,0.7548,Dead Flowers.wav,0.3713237941265106,1.5837048206192443,0.16241297043284897,0.02764049656843901,0.6421678677298082,2137.08,2.764688980098664,112.34714673913044,False,False,False,False,False,B,HIGH,0.3170203276135841,False
23.591473922902495,0.6165,Dead Flowers.wav,0.3805118799209595,1.4627715910505115,0.23043750845743796,0.06749637127303387,0.7293618795835308,2947.89,5.243985615903966,112.34714673913044,False,True,False,False,False,B,HIGH,0.31811679099417645,False
23.684353741496597,0.6044,Dead Flowers.wav,0.2944529056549072,1.325219745072004,0.22501391951651453,0.06341767313372675,0.7260851051428254,2912.47,2.483241648435381,112.34714673913044,False,False,False,False,False,B,HIGH,0.31650765683394855,False
23.777233560090703,0.5803,Dead Flowers.wav,0.44444549083709717,1.713703079403278,0.19102269861452398,0.034494682762001176,0.6529266267230995,2223.6,6.02744199873278,112.34714673913044,True,True,True,False,False,B,HIGH,1.0,True
23.870113378684806,0.5536,Dead Flowers.wav,0.33582720160484314,1.4821707700554017,0.23271118921418127,0.03597563487441503,0.6212594237539081,1978.45,2.33691098447274,112.34714673913044,False,False,False,False,False,B,HIGH,0.65,False
23.962993197278912,0.5464,Dead Flowers.wav,0.15469279885292053,0.8642894315049467,0.19657974156368024,0.032673593517319854,0.72112546748697,2859.67,2.980257275646254,112.34714673913044,False,False,False,False,False,B,HIGH,0.42250000000000004,False
24.055873015873015,0.5586,Dead Flowers.wav,0.0940755307674408,0.2340288296845671,0.09628492421270625,0.012977176902752125,0.6932219283687938,2579.96,2.4912456347758805,112.34714673913044,False,False,False,False,False,B,HIGH,0.29528753270320585,False
24.14875283446712,0.5885,Dead Flowers.wav,0.38213691115379333,1.1703755056493064,0.22310748413079484,0.04440395647677694,0.7124115656212697,2769.21,7.93718392074655,112.34714673913044,True,True,False,True,False,B,HIGH,1.0,False
24.241632653061224,0.5568,Dead Flowers.wav,0.3231390416622162,1.2244402685894913,0.2569420018365567,0.05164761081549064,0.6627423975191853,2305.6,3.7562271103851548,112.34714673913044,False,False,False,False,False,B,HIGH,0.65,False
24.33451247165533,0.5407,Dead Flowers.wav,0.43994900584220886,1.8847554891225786,0.2232019021968723,0.04015581004619201,0.6519279013598887,2215.43,5.1309733157576005,112.34714673913044,False,False,False,False,False,B,HIGH,0.42250000000000004,False
24.427392290249433,3.4825,Dead Flowers.wav,0.32864484190940857,1.525143085522924,0.13630682945008207,0.015800971619458704,0.5365593478854576,1447.54,2.3718125830301777,112.34714673913044,False,False,False,False,False,B,HIGH,0.3022384961496939,False
24.52027210884354,1.0389,Dead Flowers.wav,0.27742114663124084,0.9594962455958358,0.2353011084589932,0.04590742467954111,0.6910836133434112,2559.69,4.190890590535923,112.34714673913044,False,True,False,False,False,B,HIGH,0.3010359645432197,False
24.61315192743764,0.6299,Dead Flowers.wav,0.2972959876060486,0.970031106919448,0.2622822303373929,0.04329965680560203,0.6749628677156795,2411.91,2.3700785318729123,112.34714673913044,False,False,False,False,False,B,HIGH,0.30055971640072254,False
24.706031746031748,0.5956,Dead Flowers.wav,0.27364712953567505,0.9665082613101904,0.24935026316349554,0.049575371833257165,0.7243406140194817,2893.79,2.0079874138683564,112.34714673913044,False,False,False,False,False,B,HIGH,0.2993102429219997,False
24.79891156462585,0.5838,Dead Flowers.wav,0.3812655508518219,1.0257900005230016,0.21950941992018164,0.02655041887104758,0.6164388974140916,1943.58,4.991450602762257,112.34714673913044,False,False,False,False,False,B,HIGH,0.301401569943544,False
24.891791383219953,0.5813,Dead Flowers.wav,0.44900667667388916,2.074679796489561,0.18585265698989156,0.04061543313429653,0.6905343806665599,2554.51,3.572712809680337,112.34714673913044,False,False,False,False,False,B,HIGH,0.305111909989792,False
24.98467120181406,0.573,Dead Flowers.wav,0.2853986620903015,1.3033578008158886,0.13335306550672799,0.07049122894557829,0.8444671418978748,4507.31,5.49378688565895,112.34714673913044,False,False,False,False,False,B,HIGH,0.30403760941632807,False
25.077551020408162,0.5719,Dead Flowers.wav,0.2762840688228607,1.021414998420645,0.2794495503078458,0.07542638954916966,0.7658384081240762,3372.48,3.4700194751826197,112.34714673913044,False,False,False,False,False,B,HIGH,0.30270584486169366,False
25.170430839002268,0.5869,Dead Flowers.wav,0.26574838161468506,0.9814500466320929,0.15712371149533283,0.033794213107202965,0.7251957631636895,2902.93,4.549433827713138,112.34714673913044,False,False,False,False,False,B,HIGH,0.30107019662012635,False
25.26331065759637,0.5706,Dead Flowers.wav,0.3061252534389496,1.1974187082331587,0.17976697429231242,0.03189244982282428,0.6460012257083975,2167.52,2.5335449103963583,112.34714673913044,False,False,False,False,False,B,HIGH,0.3008767459494868,False
25.356190476190477,0.5747,Dead Flowers.wav,0.46742475032806396,1.5970133232418435,0.18324772240837867,0.02373485507768985,0.5931865871949707,1783.82,4.932498867512057,112.34714673913044,False,False,False,False,False,B,HIGH,0.3050501987904169,False
25.44907029478458,0.5831,Dead Flowers.wav,0.40895742177963257,2.0620118035859596,0.22107999412412543,0.03989624482402687,0.652916209686482,2223.52,2.023572972331411,112.34714673913044,False,False,False,False,False,B,HIGH,0.3075833710352335,False
25.541950113378686,0.7633,Dead Flowers.wav,0.31467682123184204,1.2814015690490386,0.23591414526619292,0.04339152027707759,0.7092039146360557,2736.64,3.0612608202454035,112.34714673913044,False,False,False,False,False,B,HIGH,0.30733372556849625,False
25.63482993197279,0.606,Dead Flowers.wav,0.29772698879241943,1.2502804669623946,0.15756413224303925,0.015574898082377678,0.5474518799136652,1506.89,2.3183515204586462,112.34714673913044,False,False,False,False,False,B,HIGH,0.3065566324529481,False
25.727709750566895,0.888,Dead Flowers.wav,0.336236834526062,1.2473865391910717,0.14708087967781328,0.03286412699387957,0.6667313112663267,2339.77,4.081612366546495,112.34714673913044,True,True,False,True,False,B,HIGH,1.0,False
25.820589569160997,0.6232,Dead Flowers.wav,0.31126531958580017,1.351894422255056,0.24710760640514692,0.0608820405462617,0.7128681060724855,2773.88,3.843680974358329,112.34714673913044,False,False,False,False,False,B,HIGH,0.65,False
25.913469387755104,0.5896,Dead Flowers.wav,0.295910120010376,1.0022904908020125,0.2301803866523532,0.059026637605119336,0.7579098954477286,3275.27,2.40016131661911,112.34714673913044,False,False,False,False,False,B,HIGH,0.42250000000000004,False
26.006349206349206,0.5909,Dead Flowers.wav,0.26956412196159363,1.0098528721759379,0.2129981288043787,0.05546155996354621,0.718752077662415,2834.74,2.569925279357851,112.34714673913044,False,False,False,False,False,B,HIGH,0.3042225813718945,False
26.09922902494331,0.5789,Dead Flowers.wav,0.2729344367980957,0.8966979757653083,0.1566992912756825,0.10234486112504619,0.9039838202078652,5613.92,2.620254899262181,112.34714673913044,False,False,False,False,False,B,HIGH,0.30276508093484467,False
26.192108843537415,0.5787,Dead Flowers.wav,0.26865479350090027,0.9049507876287489,0.14469148425328718,0.1028086822966197,0.9084609484897033,5707.41,2.369392176929521,112.34714673913044,False,False,False,False,False,B,HIGH,0.30122988092009173,False
26.284988662131518,0.6005,Dead Flowers.wav,0.2640080749988556,1.0860953345411257,0.15164919665534263,0.03198730310325858,0.7346444488314829,3005.9,2.3932232205819712,112.34714673913044,False,False,False,False,False,B,HIGH,0.29960565320812255,False
26.377868480725624,0.6397,Dead Flowers.wav,0.2891947031021118,1.0526392977302201,0.20218703589336115,0.04268960517307922,0.7468114223012849,3143.89,2.3864477545263,112.34714673913044,False,False,False,False,False,B,HIGH,0.29893387629206153,False
26.470748299319727,4.1608,Dead Flowers.wav,0.3295915424823761,0.9889716306090967,0.2578879193521685,0.09786554349557962,0.8169847251789568,4072.76,3.702194274488627,112.34714673913044,False,False,False,False,False,B,HIGH,0.29957337229101993,False
26.563628117913833,0.8446,Dead Flowers.wav,0.3275603652000427,0.9550278992578997,0.15860142246209893,0.14087035839423837,0.9107148884403,5755.06,2.2553365471685396,112.34714673913044,False,False,False,False,False,B,HIGH,0.30011964864640744,False
26.656507936507936,0.7007,Dead Flowers.wav,0.413532018661499,1.6630068153238755,0.21552091264389095,0.07292236102918712,0.7693056577710793,3415.89,5.928364885475953,112.34714673913044,False,False,False,False,False,B,HIGH,0.30301633648383236,False
26.749387755102042,0.6343,Dead Flowers.wav,0.3354721665382385,1.4697835546657818,0.23849191208241372,0.03151533883434995,0.655334199724945,2243.44,3.1049947572531806,112.34714673913044,False,False,False,False,False,B,HIGH,0.30362741701594087,False
26.842267573696144,0.6133,Dead Flowers.wav,0.30064043402671814,1.0652916345663268,0.16491539825191603,0.06473305418173148,0.8285381688962872,4250.09,2.9232474765399417,112.34714673913044,False,False,False,False,False,B,HIGH,0.30313014426170554,False
26.93514739229025,0.5996,Dead Flowers.wav,0.32635271549224854,1.1218213250591091,0.10632896320893427,0.1348437199663542,0.9313479681975415,6210.2,2.7629473833465235,112.34714673913044,False,False,False,False,False,B,HIGH,0.30346203066017363,False
27.028027210884353,0.6019,Dead Flowers.wav,0.32382798194885254,1.2464227415652738,0.24365374450707641,0.057954652297454,0.7449921869975129,3122.86,4.543143555927416,112.34714673913044,False,False,False,False,False,B,HIGH,0.3037005714899063,False
27.12090702947846,0.6019,Dead Flowers.wav,0.3313925266265869,1.206705643322254,0.2785574519613577,0.03606074240243291,0.6702647885581436,2370.47,3.743246430405339,112.34714673913044,False,False,False,False,False,B,HIGH,0.3041557961602706,False
27.213786848072562,0.6174,Dead Flowers.wav,0.22680383920669556,0.6181455621315771,0.31750896385782207,0.040330061842684374,0.717745298543543,2824.24,2.194983156201666,112.34714673913044,False,False,False,False,False,B,HIGH,0.30095770994216203,False
27.30666666666667,0.5765,Dead Flowers.wav,0.16689515113830566,0.3499386891544856,0.23617071596144842,0.028105318970797745,0.7082056996177933,2726.58,4.520132260270508,112.34714673913044,False,False,False,False,False,B,HIGH,0.29505149156024607,False
27.39954648526077,0.5684,Dead Flowers.wav,0.2391122579574585,0.5034776408960127,0.1829605488378616,0.09748700924085543,0.7568259457780772,3262.2,4.0196516309623025,112.34714673913044,False,False,False,False,False,B,HIGH,0.29280262571856863,False
27.492426303854874,0.589,Dead Flowers.wav,0.23029392957687378,0.3373210369235072,0.17899459292444542,0.1286344928239451,0.7878938086762912,3658.33,3.7266782489013335,112.34714673913044,False,False,False,False,False,B,HIGH,0.290314725569184,False
27.58530612244898,0.9094,Dead Flowers.wav,0.22727036476135254,0.394443501936641,0.22227640440291993,0.09878251027190975,0.774700166173205,3484.55,2.611410321909583,112.34714673913044,False,False,False,False,False,B,HIGH,0.28782786215713585,False
27.678185941043083,0.5792,Dead Flowers.wav,0.2401757538318634,0.28865885481224174,0.31750789938263047,0.06151349962055299,0.7705684131746696,3431.84,2.79398603224654,112.34714673913044,False,False,False,False,False,B,HIGH,0.2859817696019596,False
27.77106575963719,0.5523,Dead Flowers.wav,0.10711793601512909,0.2251487333431107,0.2295982062085419,0.033421680294158866,0.7147094445552605,2792.78,3.2102593823746117,112.34714673913044,False,False,False,False,False,B,HIGH,0.27586608332625134,False
27.86394557823129,0.58,Dead Flowers.wav,0.3176221549510956,0.5064560855010201,0.20305198851825862,0.08216871960825224,0.8095923457812885,3963.2,8.02893118423417,112.34714673913044,True,True,True,True,False,B,HIGH,1.0,True
27.956825396825398,0.5416,Dead Flowers.wav,0.33882936835289,1.3584048985657313,0.29609359299301025,0.07994813434154338,0.7615803589144396,3319.92,3.0663915291629875,112.34714673913044,False,False,False,False,False,B,HIGH,0.65,False
28.0497052154195,0.5336,Dead Flowers.wav,0.4422834813594818,1.4641586054489413,0.25324081600177656,0.05897998616315437,0.7399628242838476,3065.45,4.5513518479705555,112.34714673913044,False,False,False,False,False,B,HIGH,0.42250000000000004,False
28.142585034013607,0.5294,Dead Flowers.wav,0.3547469973564148,1.7540690585061915,0.19595377222308674,0.053407869403927576,0.7115350756401825,2760.27,2.1015436723527756,112.34714673913044,False,False,False,False,False,B,HIGH,0.28606843233275026,False
28.23546485260771,0.532,Dead Flowers.wav,0.3017537593841553,1.0875401546068184,0.22449563115890792,0.05738528342590017,0.7524171646123838,3209.57,3.1008470289695453,112.34714673913044,False,False,False,False,False,B,HIGH,0.28648503019854965,False
28.328344671201815,0.529,Dead Flowers.wav,0.31798407435417175,1.0242119316500728,0.22348887069271128,0.10856268114109267,0.7687955264260753,3409.47,1.8035626277400025,112.34714673913044,False,False,False,False,False,B,HIGH,0.2873929842261957,False
28.421224489795918,0.6023,Dead Flowers.wav,0.30221879482269287,1.0452203444210773,0.19035262818155113,0.08689526884189365,0.8099927132551981,3969.05,2.5369958088891664,112.34714673913044,False,False,False,False,False,B,HIGH,0.2877583277373592,False
28.514104308390024,4.7571,Dead Flowers.wav,0.30999210476875305,1.0598146688139052,0.12747318178870629,0.12689453982589985,0.913909952561512,5823.29,2.2518221388233752,112.34714673913044,False,False,False,False,False,B,HIGH,0.28835303721203714,False
28.606984126984127,0.7892,Dead Flowers.wav,0.46905213594436646,1.7089303022415903,0.21791240926390254,0.06721383533410755,0.7577363961283411,3273.17,5.60606093413982,112.34714673913044,False,False,False,False,False,B,HIGH,0.2931907057466917,False
28.69986394557823,0.6061,Dead Flowers.wav,0.31071367859840393,1.414561454767056,0.2685873070025146,0.05223043249858715,0.6992567829414335,2638.04,2.471758246127248,112.34714673913044,False,False,False,False,False,B,HIGH,0.29353653497305415,False
28.792743764172336,0.5706,Dead Flowers.wav,0.3273855149745941,1.1090267089636665,0.2967835921196419,0.05258514659967208,0.7253152452059479,2904.21,2.4921698485387584,112.34714673913044,False,False,False,False,False,B,HIGH,0.2943793674806791,False
28.88562358276644,0.602,Dead Flowers.wav,0.3213600516319275,1.0529622922884194,0.3152348843656624,0.04506816861663929,0.7162938898067795,2809.16,1.9609460927105902,112.34714673913044,False,False,False,False,False,B,HIGH,0.29499657109963306,False
28.978503401360545,0.5694,Dead Flowers.wav,0.35115355253219604,1.0671464737693181,0.35087127008145863,0.04848033511032341,0.7160333540407054,2806.46,3.2150268037995353,112.34714673913044,False,False,False,False,False,B,HIGH,0.2964660729326493,False
29.071383219954647,0.5953,Dead Flowers.wav,0.3151707649230957,1.1429666797306692,0.28849872472046373,0.056717183514652256,0.6894648774831211,2544.45,2.5714222150797665,112.34714673913044,False,False,False,False,False,B,HIGH,0.29678768124955307,False
29.164263038548754,0.5733,Dead Flowers.wav,0.341545432806015,1.2110842895620655,0.2095697602359357,0.09350661670788202,0.7034802121865297,2679.46,3.067021070780862,112.34714673913044,False,False,False,False,False,B,HIGH,0.29788922421370023,False
29.257142857142856,0.607,Dead Flowers.wav,0.34600332379341125,1.2535797967239561,0.20220516038122405,0.07042348601722005,0.6960744579566864,2607.25,3.101587854594244,112.34714673913044,False,False,False,False,False,B,HIGH,0.29906558093086105,False
29.350022675736962,0.8068,Dead Flowers.wav,0.35429275035858154,1.2357168356349582,0.31547265892791115,0.085178542354241,0.7673639892887504,3391.51,3.8633951113724874,112.34714673913044,False,False,False,False,False,B,HIGH,0.30042135950886145,False
29.442902494331065,0.6963,Dead Flowers.wav,0.35883215069770813,1.3979259987799841,0.24781697908841796,0.04437032853679893,0.7117117979504756,2762.07,2.9131058015858113,112.34714673913044,False,False,False,False,False,B,HIGH,0.3018380602417352,False
29.53578231292517,0.6293,Dead Flowers.wav,0.3550240099430084,1.3506685556496727,0.24376887707321251,0.056011490906752955,0.6944153224156735,2591.34,2.497981802553817,112.34714673913044,False,False,False,False,False,B,HIGH,0.3030760314269804,False
29.628662131519274,0.7638,Dead Flowers.wav,0.3727629482746124,1.3895471173005527,0.2122460361407931,0.09774236039743538,0.6975399302464662,2621.39,2.3131954355456474,112.34714673913044,False,False,False,False,False,B,HIGH,0.30474764679317373,False
29.72154195011338,0.5604,Dead Flowers.wav,0.3631155788898468,1.398132607282135,0.23394343713052504,0.06421078830127148,0.7085425112868252,2729.97,2.364945260072255,112.34714673913044,False,False,False,False,False,B,HIGH,0.30606838707399775,False
29.814421768707483,0.55,Dead Flowers.wav,0.3813171684741974,1.3841509910357779,0.3013369173809357,0.037827433038639044,0.6788527411991022,2446.77,3.154134703446561,112.34714673913044,False,False,False,False,False,B,HIGH,0.3078232003117893,False
29.90730158730159,0.5424,Dead Flowers.wav,0.38317084312438965,1.4025413698180729,0.29321203119263173,0.07643481757216362,0.6916776680159947,2565.31,2.2085352895319064,112.34714673913044,False,False,False,False,False,B,HIGH,0.3095402228272976,False
30.00018140589569,0.5355,Dead Flowers.wav,0.4760448634624481,1.5663846098770227,0.2809660269401723,0.061604878201492484,0.6959576023091179,2606.13,4.719096072911092,112.34714673913044,False,False,False,False,False,B,HIGH,0.3134809287619154,False
30.093061224489794,0.5341,Dead Flowers.wav,0.3823849856853485,2.0602207852035406,0.21242043958625204,0.04125725494370212,0.6644894679664293,2320.5,2.0001299099213874,112.34714673913044,False,False,False,False,False,B,HIGH,0.3148939101868427,False
30.1859410430839,0.5348,Dead Flowers.wav,0.2854190170764923,1.0727504253127504,0.16520397968985964,0.03362297753852663,0.7052888709561278,2697.4,2.437672192663144,112.34714673913044,False,False,False,False,False,B,HIGH,0.31333119538214305,False
30.278820861678003,0.5372,Dead Flowers.wav,0.2859003245830536,1.0708148417553756,0.2724865628286318,0.030431564900781534,0.6520405303660508,2216.35,2.8450406293517374,112.34714673913044,False,False,False,False,False,B,HIGH,0.3118628204398929,False
30.37170068027211,0.536,Dead Flowers.wav,0.2756483256816864,1.0163222700074972,0.15484684565866577,0.06179184983552863,0.8254604562676428,4202.11,3.6355204091316144,112.34714673913044,False,False,False,False,False,B,HIGH,0.31011777701407967,False
30.464580498866212,0.5699,Dead Flowers.wav,0.27691519260406494,0.9204812793906736,0.2710140716327229,0.03720430449543087,0.6691295796738413,2360.56,3.327217722312672,112.34714673913044,False,False,False,False,False,B,HIGH,0.3085038210030617,False
30.55746031746032,4.9669,Dead Flowers.wav,0.44089964032173157,1.6120730788731672,0.2801017179879362,0.033132238126301776,0.6012151119748739,1837.44,5.966061323868048,112.34714673913044,False,False,False,False,False,B,HIGH,0.31166283462687877,False
30.65034013605442,0.9105,Dead Flowers.wav,0.3568931818008423,1.5238643286195088,0.2575034496811677,0.02567198918137419,0.5736129683856922,1659.56,2.244548342346276,112.34714673913044,False,False,False,False,False,B,HIGH,0.3124626321335453,False
30.743219954648527,0.6766,Dead Flowers.wav,0.32688573002815247,1.001211417783138,0.3133170127259093,0.06563344338432388,0.7347595761892772,3007.18,4.686373081035896,112.34714673913044,True,True,False,True,False,B,HIGH,1.0,False
30.83609977324263,0.6262,Dead Flowers.wav,0.29856717586517334,0.8900204771305901,0.3553724601628769,0.06116713693719753,0.74246258802509,3093.85,2.728804694471342,112.34714673913044,False,False,False,False,False,B,HIGH,0.65,False
30.928979591836736,0.6168,Dead Flowers.wav,0.23243296146392822,0.8682202403935285,0.22862378113340995,0.03624817285011688,0.7303506482575419,2958.66,2.7105404563573816,112.34714673913044,False,False,False,False,False,B,HIGH,0.42250000000000004,False
31.02185941043084,0.609,Dead Flowers.wav,0.2740798890590668,0.9319562469948001,0.13457405476778225,0.017770041207647212,0.6152986710936736,1935.42,2.5621823835460478,112.34714673913044,False,False,False,False,False,B,HIGH,0.3064080103922508,False
31.114739229024945,0.6143,Dead Flowers.wav,0.45350977778434753,1.7639378272240709,0.304635026193087,0.04368539004722038,0.651479176607848,2211.76,6.4880144238922295,112.34714673913044,False,False,False,False,False,B,HIGH,0.3099759615073715,False
31.207619047619048,0.6224,Dead Flowers.wav,0.3698521852493286,1.5034011360126773,0.24973690409399057,0.049249887118884915,0.6470332853743989,2175.79,3.299288521711191,112.34714673913044,False,False,False,False,False,B,HIGH,0.3112224725965117,False
31.30049886621315,0.6198,Dead Flowers.wav,0.3257412016391754,1.1931772470688737,0.21136001361453685,0.08014676493580518,0.7050316907129913,2694.84,1.9289833791890236,112.34714673913044,False,False,False,False,False,B,HIGH,0.31113119464260774,False
31.393378684807256,0.663,Dead Flowers.wav,0.3272898495197296,1.222344649473174,0.264900769789737,0.05471591635753524,0.6858829310097709,2511.05,3.0111379360918424,112.34714673913044,False,False,False,False,False,B,HIGH,0.31109140129026974,False
31.48625850340136,0.5783,Dead Flowers.wav,0.3726528286933899,1.26694442747806,0.263670928038317,0.05351643085897811,0.7380240676352345,3043.61,4.9133300807685565,112.34714673913044,False,False,False,False,False,B,HIGH,0.31235922586621095,False
31.579138321995465,0.5848,Dead Flowers.wav,0.33001387119293213,1.3541043601240532,0.25633929945270745,0.038680873120238955,0.6837299003759286,2491.19,3.651823643562236,112.34714673913044,False,False,False,False,False,B,HIGH,0.31234015238281426,False
31.672018140589568,0.7783,Dead Flowers.wav,0.33401423692703247,1.2541220905271735,0.25241151968211006,0.03966107387771174,0.7032554761051367,2677.24,3.0327083694539168,112.34714673913044,False,False,False,False,False,B,HIGH,0.31244170019967593,False
31.764897959183674,0.6092,Dead Flowers.wav,0.3474026918411255,1.3219488145816836,0.24155997366592838,0.05366183013800233,0.7104021011490153,2748.76,2.373639277484379,112.34714673913044,False,False,False,False,False,B,HIGH,0.31293094800507726,False
31.857777777777777,0.5747,Dead Flowers.wav,0.32537737488746643,1.366683171309075,0.17477338938856934,0.046737131840995205,0.7104128838622763,2748.87,1.8907432671551674,112.34714673913044,False,False,False,False,False,B,HIGH,0.31274319831367203,False
31.950657596371883,0.5785,Dead Flowers.wav,0.3474355936050415,1.4041229420486028,0.14969071191645628,0.02418425799994784,0.636943377665569,2096.29,4.168290605181151,112.34714673913044,False,False,False,False,False,B,HIGH,0.31370148456966696,False
32.04353741496599,0.5763,Dead Flowers.wav,0.3497574031352997,1.418453239811253,0.23719878140012413,0.050750000717032985,0.7306443143063033,2961.87,3.2655191720001677,112.34714673913044,False,False,False,False,False,B,HIGH,0.314680812662499,False
32.13641723356009,0.5708,Dead Flowers.wav,0.35017630457878113,1.2871993182801922,0.253280277664087,0.052221653903840384,0.7197833000812079,2845.55,5.831568528368351,112.34714673913044,False,False,False,False,False,B,HIGH,0.3156235790158386,False
32.229297052154195,0.582,Dead Flowers.wav,0.3781954348087311,1.2444361826682568,0.3635960648772735,0.08374929854969287,0.7498930874320787,3179.83,2.8946313802415085,112.34714673913044,False,False,False,False,False,B,HIGH,0.31732510815902476,False
32.3221768707483,0.5681,Dead Flowers.wav,0.45078301429748535,1.4608414349896066,0.23330986100314524,0.0516687225768084,0.6955690464393972,2602.4,5.393512070758078,112.34714673913044,False,False,False,False,False,B,HIGH,0.3208463878836888,False
32.41505668934241,0.5873,Dead Flowers.wav,0.41049686074256897,1.9840634105731842,0.2322975837103871,0.049688977960512505,0.6334819103617075,2069.69,2.5210961459791794,112.34714673913044,False,False,False,False,False,B,HIGH,0.3231637486788027,False
32.507936507936506,0.5729,Dead Flowers.wav,0.30320870876312256,1.4211022563582822,0.2339979278220424,0.04732486062417112,0.7145677545439092,2791.33,3.509929537112198,112.34714673913044,False,False,False,False,False,B,HIGH,0.3222151817453092,False
32.60081632653061,4.2268,Dead Flowers.wav,0.11391270160675049,0.5201617217154046,0.11879494354505359,0.03282901015994073,0.8087368227640371,3950.71,1.6811891575938676,112.34714673913044,False,False,False,False,False,B,HIGH,0.3113181005282965,False
32.69369614512472,0.8373,Dead Flowers.wav,0.32563287019729614,0.7982770465009482,0.201565547995022,0.04810103059676234,0.763362294358859,3341.81,8.856402677636884,112.34714673913044,True,True,True,False,False,B,HIGH,1.0,True
32.78657596371882,0.5936,Dead Flowers.wav,0.33891424536705017,1.3077811447484524,0.28192384363844153,0.05838468755647967,0.6696642605505613,2365.22,3.8107516161257746,112.34714673913044,False,False,False,False,False,B,HIGH,0.65,False
32.879455782312924,0.5579,Dead Flowers.wav,0.45453643798828125,1.7307571034331042,0.2681534751188903,0.04885906689699158,0.6480155498224607,2183.68,3.9932245309755574,112.34714673913044,False,False,False,False,False,B,HIGH,0.42250000000000004,False
32.97233560090703,0.566,Dead Flowers.wav,0.3409333825111389,1.6634163893586107,0.13884210475911493,0.018574064498092097,0.5800452143194836,1699.41,2.015867104342083,112.34714673913044,False,False,False,False,False,B,HIGH,0.3168815870266464,False
33.065215419501136,0.5855,Dead Flowers.wav,0.29056820273399353,1.1461677434617017,0.21058952598482608,0.03762904810550824,0.6659068270447092,2332.67,3.779591592811468,112.34714673913044,True,True,False,True,False,B,HIGH,1.0,False
33.158095238095235,0.5654,Dead Flowers.wav,0.3149769604206085,1.0979132447573399,0.25264044861309737,0.03868911433433239,0.6484799589984341,2187.43,3.153719083905539,112.34714673913044,False,False,False,False,False,B,HIGH,0.65,False
33.25097505668934,0.5616,Dead Flowers.wav,0.30522701144218445,1.1026533313605529,0.254748623126405,0.04537530000273494,0.7046493552572922,2691.04,1.9872463202696231,112.34714673913044,False,False,False,False,False,B,HIGH,0.42250000000000004,False
33.34385487528345,0.652,Dead Flowers.wav,0.2915445566177368,1.0618461233835952,0.24871591329690695,0.03357442921799694,0.6609191233451599,2290.14,3.6280126605347043,112.34714673913044,False,False,False,False,False,B,HIGH,0.3141809106454685,False
33.436734693877554,0.7977,Dead Flowers.wav,0.4949820637702942,1.8358121099294473,0.2252911338811489,0.029085487016276786,0.6272691877050353,2022.8,5.236040557120992,112.34714673913044,False,False,False,False,False,B,HIGH,0.3184718651131951,False
33.52961451247165,0.6073,Dead Flowers.wav,0.3116456866264343,1.6321749451546672,0.13911406503645835,0.06135699545297095,0.8097984490854391,3966.21,2.5756382093614802,112.34714673913044,False,False,False,False,False,B,HIGH,0.31769691441191417,False
33.62249433106576,0.5864,Dead Flowers.wav,0.3248275816440582,1.0201078802699115,0.27470329896792434,0.09424699645733985,0.8064338756228304,3917.29,5.370378479357011,112.34714673913044,False,False,False,False,False,B,HIGH,0.3173712108386065,False
33.715374149659866,0.7866,Dead Flowers.wav,0.23908035457134247,0.945591881476453,0.210533736312521,0.04532975219458041,0.722519665207747,2874.42,2.034487718516815,112.34714673913044,False,False,False,False,False,B,HIGH,0.3140998826397625,False
33.80825396825397,0.589,Dead Flowers.wav,0.27677005529403687,1.0320361348971445,0.2245061252744836,0.03462625371173381,0.6827892722220996,2482.56,4.949805564756533,112.34714673913044,False,False,False,False,False,B,HIGH,0.3123870764894594,False
33.90113378684807,0.5766,Dead Flowers.wav,0.37001779675483704,1.0706480267864606,0.16723222947084626,0.022701321411415377,0.6094449660544566,1894.08,6.040633794868832,112.34714673913044,False,False,False,False,False,B,HIGH,0.3136445730965558,False
33.99401360544218,0.5792,Dead Flowers.wav,0.46188223361968994,1.9647541509376825,0.23493128818563835,0.03902861158327568,0.648661349625465,2188.89,4.192289881411981,112.34714673913044,False,False,False,False,False,B,HIGH,0.3171676418799042,False
34.08689342403628,0.5797,Dead Flowers.wav,0.31260445713996887,1.4990505474453928,0.25315377067164513,0.042614267797962686,0.6846720004614258,2499.86,2.5760465420583696,112.34714673913044,False,False,False,False,False,B,HIGH,0.31629308152887925,False
34.17977324263038,0.5879,Dead Flowers.wav,0.2970556616783142,1.0627718970458921,0.2854634913228354,0.040402351370429274,0.679425801134503,2451.95,2.8015090078109384,112.34714673913044,False,False,False,False,False,B,HIGH,0.3149358149747098,False
34.27265306122449,0.631,Dead Flowers.wav,0.3049798607826233,1.1590148403450242,0.15506565657132543,0.02129727971961925,0.6046691893261651,1861.0,3.4662510189886406,112.34714673913044,True,True,False,True,False,B,HIGH,1.0,False
34.365532879818595,0.6398,Dead Flowers.wav,0.3326959013938904,1.2146501336307738,0.28255749723458873,0.050982295506810445,0.7079121948036868,2723.63,3.6287023935384117,112.34714673913044,False,False,False,False,False,B,HIGH,0.65,False
34.4584126984127,0.7128,Dead Flowers.wav,0.33675795793533325,1.1769872563765627,0.2700432502132358,0.06119238406760519,0.7162348483631508,2808.54,2.363374688949101,112.34714673913044,False,False,False,False,False,B,HIGH,0.42250000000000004,False
34.5512925170068,0.6784,Dead Flowers.wav,0.34549015760421753,1.242222332913119,0.2493083168138906,0.07949977999875336,0.7076886377902749,2721.38,2.4437627337203947,112.34714673913044,False,False,False,False,False,B,HIGH,0.3142556337043542,False
34.644172335600906,4.1051,Dead Flowers.wav,0.33441033959388733,1.2983444015490642,0.20288148412798118,0.07422426073238853,0.8133730664855864,4018.86,2.23488220339573,112.34714673913044,False,False,False,False,False,B,HIGH,0.31422958151524727,False
34.73705215419501,0.8428,Dead Flowers.wav,0.35426607728004456,1.3300221811946855,0.11567899107141613,0.10710578795724603,0.9123409114028226,5789.68,2.60649611357432,112.34714673913044,False,False,False,False,False,B,HIGH,0.31481351383220857,False
34.82993197278912,0.6212,Dead Flowers.wav,0.36789974570274353,1.4559506261765063,0.12396103917648621,0.07013436478046203,0.8175674874983734,4081.52,2.939209634908325,112.34714673913044,False,False,False,False,False,B,HIGH,0.3157708707420688,False
34.92281179138322,0.6104,Dead Flowers.wav,0.37798193097114563,1.5953980258734874,0.19488640577108496,0.034322010009913376,0.6310590816902707,2051.28,2.548715224399381,112.34714673913044,False,False,False,False,False,B,HIGH,0.31697076637827026,False
35.015691609977324,0.5995,Dead Flowers.wav,0.3737099766731262,1.3915839272330799,0.26116623981211856,0.06401266110760662,0.6977134298031542,2623.06,4.320111503934519,112.34714673913044,False,True,False,False,False,B,HIGH,0.3179883506257166,False
35.10857142857143,0.6039,Dead Flowers.wav,0.3007308542728424,1.3177879121541343,0.2355260660327622,0.06735617148438389,0.7341671846135361,3000.61,2.5858105564030582,112.34714673913044,False,False,False,False,False,B,HIGH,0.3166728119592301,False
35.20145124716553,0.6283,Dead Flowers.wav,0.46337494254112244,1.6644765068594383,0.20405712270552812,0.03771849980871768,0.6577815267798983,2263.79,4.866511771463431,112.34714673913044,False,False,False,False,False,B,HIGH,0.32008115781042656,False
35.294331065759636,0.6222,Dead Flowers.wav,0.34877580404281616,1.6390383762408856,0.2625394165523827,0.04217272506013693,0.6207061688213028,1974.42,2.180103057115422,112.34714673913044,False,False,False,False,False,B,HIGH,0.3202069599149272,False
35.38721088435374,0.6235,Dead Flowers.wav,0.18066087365150452,0.8919236497206603,0.23512499679581295,0.036768154327864955,0.7189112059257063,2836.41,2.618165080236386,112.34714673913044,False,False,False,False,False,B,HIGH,0.31358919745226754,False
35.48009070294785,0.6079,Dead Flowers.wav,0.09229182451963425,0.24478502131954905,0.10471713856465596,0.014900748418939356,0.6994299894176571,2639.73,2.4354458820969827,112.34714673913044,False,False,False,False,False,B,HIGH,0.29790973757965417,False
35.57297052154195,0.6551,Dead Flowers.wav,0.37216711044311523,1.09302600839155,0.2101714358631756,0.048648682713847535,0.7205324398539059,2853.42,8.559347154405367,112.34714673913044,True,True,True,False,False,B,HIGH,1.0,True
35.66585034013605,0.6387,Dead Flowers.wav,0.3124009072780609,1.2054503355819965,0.2807203793709156,0.06674137509537144,0.6650070152648689,2324.94,3.171914195918562,112.34714673913044,False,False,False,False,False,B,HIGH,0.65,False
35.75873015873016,0.7813,Dead Flowers.wav,0.4323239028453827,1.7288159842286284,0.2381266971170219,0.053314077736469595,0.670534727710416,2372.83,5.405892703498082,112.34714673913044,False,False,False,False,False,B,HIGH,0.42250000000000004,False
35.851609977324266,0.5832,Dead Flowers.wav,0.3192383348941803,1.5114030818994748,0.13977653991657676,0.01982737685769607,0.5875309412543083,1746.99,2.4020463421789007,112.34714673913044,False,False,False,False,False,B,HIGH,0.3039043257540533,False
35.944489795918365,0.5768,Dead Flowers.wav,0.2835957705974579,0.9395954051723517,0.2517171343405253,0.041319607890056974,0.6775577362151985,2435.11,3.215176204418003,112.34714673913044,False,False,False,False,False,B,HIGH,0.3029684506921111,False
36.03736961451247,0.5728,Dead Flowers.wav,0.282680481672287,0.9338535817752733,0.27692183177816937,0.0388869272513935,0.6605442642582551,2286.98,2.3413004298059903,112.34714673913044,False,False,False,False,False,B,HIGH,0.3020483181551373,False
36.13024943310658,0.5804,Dead Flowers.wav,0.2945452034473419,0.8983823547151862,0.2950423482902925,0.049255698702282885,0.7156231605330073,2802.21,1.9865515476892786,112.34714673913044,False,False,False,False,False,B,HIGH,0.30157059226812727,False
36.22312925170068,0.5723,Dead Flowers.wav,0.3321574330329895,0.8975267077679716,0.251360946771187,0.037226703866315936,0.6789202311293846,2447.38,5.2762487358197045,112.34714673913044,False,False,False,False,False,B,HIGH,0.3022956561730779,False
36.31600907029478,0.5848,Dead Flowers.wav,0.4684913158416748,2.0240409418941647,0.21934003743498995,0.03312121047633455,0.6518566719486938,2214.85,4.980689956435769,112.34714673913044,False,False,False,False,False,B,HIGH,0.3065717239419858,False
36.40888888888889,0.5868,Dead Flowers.wav,0.29183951020240784,1.3129717391280047,0.1647387520515212,0.061174839633513944,0.8066829815826855,3920.89,4.568485981548206,112.34714673913044,False,False,False,False,False,B,HIGH,0.3057785713663648,False
36.501768707482995,0.8233,Dead Flowers.wav,0.27823299169540405,0.988189859031102,0.26009468178483125,0.08910173575882326,0.7903053683263203,3691.02,3.5523872529449796,112.34714673913044,False,False,False,False,False,B,HIGH,0.30456587958319004,False
36.594648526077094,0.7109,Dead Flowers.wav,0.2620410919189453,0.9864452034265107,0.16829134949912058,0.03625591332438598,0.7261314254379869,2912.97,3.18826298896876,112.34714673913044,False,False,False,False,False,B,HIGH,0.3028427934061378,False
36.6875283446712,3.7612,Dead Flowers.wav,0.29694920778274536,1.098120331735012,0.20344767173184594,0.033548227182160786,0.6766711175020597,2427.16,3.9412242121847467,112.34714673913044,False,False,False,False,False,B,HIGH,0.30240410306778714,False
36.78040816326531,0.827,Dead Flowers.wav,0.44401732087135315,1.3795522895383066,0.20253610477457037,0.024485495526695496,0.6078173798796939,1882.74,5.305766888037657,112.34714673913044,False,False,False,False,False,B,HIGH,0.30609081494034684,False
36.87328798185941,0.6328,Dead Flowers.wav,0.4139147698879242,2.072728970206148,0.20871137699546233,0.03230463793579247,0.6339462280483997,2073.24,2.6408713100504624,112.34714673913044,False,False,False,False,False,B,HIGH,0.3088436823526567,False
36.96616780045351,0.5784,Dead Flowers.wav,0.3670194447040558,1.5150295976608081,0.2548713668417037,0.03829415595038015,0.6603277568043926,2285.15,3.035932734605838,112.34714673913044,False,False,False,False,False,B,HIGH,0.31021058763878556,False
37.05904761904762,0.6138,Dead Flowers.wav,0.3151957392692566,1.3630729649464592,0.24882796364650206,0.03127618179034738,0.625690167333752,2011.05,3.130819899463015,112.34714673913044,False,False,False,False,False,B,HIGH,0.30998551593696716,False
37.151927437641724,0.6121,Dead Flowers.wav,0.2743971049785614,0.9806983251978941,0.1529389315463752,0.029472747418379873,0.6655076569242723,2329.23,3.7777559399025527,112.34714673913044,True,True,False,True,False,B,HIGH,1.0,False
37.24480725623583,0.596,Dead Flowers.wav,0.2898949086666107,1.0682578463840835,0.23659047403095804,0.04537547194986964,0.7101315880766628,2746.02,2.3288140254812078,112.34714673913044,False,False,False,False,False,B,HIGH,0.65,False
37.33768707482993,0.5748,Dead Flowers.wav,0.2944433093070984,1.02028163073122,0.2528173981243578,0.0525234642870215,0.7043157341482843,2687.73,2.193501301097261,112.34714673913044,False,False,False,False,False,B,HIGH,0.42250000000000004,False
37.430566893424036,0.6897,Dead Flowers.wav,0.27046746015548706,1.002671900638731,0.21534750782368414,0.06415658117465835,0.6931018354014701,2578.82,2.4768959786270854,112.34714673913044,False,False,False,False,False,B,HIGH,0.30519609257104535,False
37.52344671201814,0.6848,Dead Flowers.wav,0.2748057544231415,1.002998256734368,0.17562341335846576,0.06744088773720218,0.8076202811526186,3934.47,2.586602767119596,112.34714673913044,False,False,False,False,False,B,HIGH,0.303893993974624,False
37.61632653061225,0.6199,Dead Flowers.wav,0.27408716082572937,0.9570098130749649,0.126465742196811,0.10289880040363265,0.9059282098572756,5654.33,2.3312377380480114,112.34714673913044,False,False,False,False,False,B,HIGH,0.30263199422160486,False
37.70920634920635,0.7125,Dead Flowers.wav,0.25492775440216064,0.9831526706394741,0.14872973053459648,0.05346744688966903,0.8183514331574003,4093.34,2.7580379344284665,112.34714673913044,False,False,False,False,False,B,HIGH,0.30074535384974815,False
37.802086167800454,0.932,Dead Flowers.wav,0.30852192640304565,1.0270864215351343,0.2639273423827002,0.04779241654992057,0.7080502596032716,2725.02,2.8266567901696047,112.34714673913044,False,False,False,False,False,B,HIGH,0.3007837951507541,False
37.89496598639456,0.5598,Dead Flowers.wav,0.28921496868133545,0.7198626585742527,0.317296030669393,0.09915896776665954,0.7814720621087271,3572.69,3.6332787027067464,112.34714673913044,False,False,False,False,False,B,HIGH,0.30019282672050157,False
37.98784580498866,0.5486,Dead Flowers.wav,0.23849281668663025,0.6134629661308255,0.2664554687418994,0.07729190170973982,0.7856196069444015,3627.77,2.720855013163544,112.34714673913044,False,False,False,False,False,B,HIGH,0.29780205778354363,False
38.080725623582765,0.5401,Dead Flowers.wav,0.2676205337047577,0.9333846236790192,0.18312146915461713,0.05640863420656172,0.7657982020637549,3371.98,2.490399941515035,112.34714673913044,False,False,False,False,False,B,HIGH,0.2966171562180134,False
38.17360544217687,0.5385,Dead Flowers.wav,0.2082725465297699,0.8927976211030353,0.1760027876462918,0.042291769303688366,0.7394309437270685,3059.45,2.8808814569045738,112.34714673913044,False,False,False,False,False,B,HIGH,0.29314449567171064,False
38.26648526077098,0.5455,Dead Flowers.wav,0.15730729699134827,0.4851576423102768,0.17981347499582487,0.03698383001919082,0.7517093107572262,3201.2,3.723648014311062,112.34714673913044,False,False,False,False,False,B,HIGH,0.2872180043914843,False
38.35936507936508,0.5444,Dead Flowers.wav,0.15486569702625275,0.42470154703884955,0.15852767736630646,0.036751275060302464,0.7797443412300241,3549.99,3.219262314476804,112.34714673913044,False,False,False,False,False,B,HIGH,0.2814372468417411,False
38.45224489795918,0.5929,Dead Flowers.wav,0.17470945417881012,0.35431806728161536,0.2052374899163924,0.04178650999873126,0.7157748284353965,2803.78,3.9359758959704316,112.34714673913044,False,False,False,False,False,B,HIGH,0.2770899556446362,False
38.54512471655329,0.6805,Dead Flowers.wav,0.19496533274650574,0.28482788538668485,0.24722069412319772,0.04277431273768855,0.6815430300612009,2471.17,3.716474527769273,112.34714673913044,False,False,False,False,False,B,HIGH,0.27398157313880456,False
38.638004535147395,0.5954,Dead Flowers.wav,0.1733427196741104,0.38241218486974565,0.23661666730153802,0.03880003307850832,0.6542156998293683,2234.2,4.684064379472801,112.34714673913044,False,False,False,False,False,B,HIGH,0.2699334299251293,False
38.730884353741494,4.077,Dead Flowers.wav,0.16247397661209106,0.27885774853910705,0.21285340936541647,0.02195942228188786,0.6572427252230852,2259.29,2.386033498826374,112.34714673913044,False,False,False,False,False,B,HIGH,0.26547629503325787,False
38.8237641723356,0.7975,Dead Flowers.wav,0.19610457122325897,0.16431702808868515,0.2739619430465651,0.030084891239124594,0.6360762885533044,2089.6,3.670515950287752,112.34714673913044,False,False,False,False,False,B,HIGH,0.2630026307032711,False
38.91664399092971,0.5801,Dead Flowers.wav,0.17958180606365204,0.14816795452795936,0.255607436277867,0.02971929396088035,0.635373940591674,2084.19,3.5654857536804108,112.34714673913044,False,False,False,False,False,B,HIGH,0.2598342969599275,False
39.00952380952381,0.5442,Dead Flowers.wav,0.15423713624477386,0.15857243509058094,0.24821148065793067,0.021787427141877064,0.6264026164298301,2016.34,2.43233834256643,112.34714673913044,False,False,False,False,False,B,HIGH,0.2553834403559695,False
39.10240362811791,0.63,Dead Flowers.wav,0.1423240453004837,0.1596712448912335,0.20366967282533607,0.01892827600838036,0.6262344963411236,2015.09,3.385706538060441,112.34714673913044,False,False,False,False,False,B,HIGH,0.2503649247579084,False
39.19528344671202,0.6852,Dead Flowers.wav,0.12478110194206238,0.2009004072314474,0.1938122077264547,0.020108935217528292,0.6143694392088178,1928.8,2.93725093912427,112.34714673913044,False,False,False,False,False,B,HIGH,0.24421619977132292,False
39.288163265306125,0.5835,Dead Flowers.wav,0.14765436947345734,0.20021852183608782,0.18627430619934776,0.02007632620198041,0.6183253635922838,1957.15,3.0448357360200715,112.34714673913044,False,False,False,False,False,B,HIGH,0.24012103683828107,False
39.381043083900224,0.5703,Dead Flowers.wav,0.11326143145561218,0.1475824383483896,0.19207218882839097,0.021681612580018,0.6261082807222089,2014.16,2.804209334055824,112.34714673913044,False,False,False,False,False,B,MID,0.23333504001777905,False
39.47392290249433,0.5785,Dead Flowers.wav,0.12256848812103271,0.13216855713379586,0.1392212614129567,0.01565811592759911,0.6192826885531186,1964.07,4.074181901084609,112.34714673913044,False,False,False,False,False,B,MID,0.22783683870467117,False
39.566802721088436,0.5729,Dead Flowers.wav,0.13283167779445648,0.30219525115875345,0.18267740860024512,0.01596505737185068,0.5727955419243919,1654.56,3.020258148651339,112.34714673913044,False,False,False,False,False,B,MID,0.22348880874476926,False
39.65968253968254,0.6286,Dead Flowers.wav,0.14562922716140747,0.3856371000878488,0.15938082866318634,0.013037473642032416,0.5630086495099905,1595.89,3.5082188513517645,112.34714673913044,False,False,False,False,True,C,LOW,0.0,False
39.75256235827664,0.5682,Dead Flowers.wav,0.1356000155210495,0.1379693978877629,0.2112498778215265,0.011739077337850918,0.5600083842857085,1578.33,2.948386142084928,112.34714673913044,False,False,False,False,False,C,LOW,0.0,False
39.84544217687075,0.764,Dead Flowers.wav,0.12504549324512482,0.11109484485892585,0.19378542372858526,0.01011743669455886,0.5700905472251317,1638.13,3.491350000706429,112.34714673913044,False,False,False,False,False,C,LOW,0.0,False
39.938321995464854,0.5808,Dead Flowers.wav,0.10211703181266785,0.23176143307633232,0.1343203380908089,0.009134871266986953,0.5619590692056387,1589.73,3.3832802402268363,112.34714673913044,False,False,False,False,False,C,LOW,0.0,False
40.03120181405896,0.5673,Dead Flowers.wav,0.1320950835943222,0.25521686993105513,0.13251906389239607,0.010071995923690685,0.5492565753921321,1516.95,3.862074397932337,112.34714673913044,False,False,False,False,False,C,LOW,0.0,False
40.12408163265306,0.5645,Dead Flowers.wav,0.12455770373344421,0.1384075568306859,0.2132801520257437,0.00945465249317231,0.5359655018654262,1444.37,2.981797995399314,112.34714673913044,False,False,False,False,False,C,LOW,0.0,False
40.216961451247165,0.5603,Dead Flowers.wav,0.11203750967979431,0.12072745050843064,0.15942848213505048,0.00911064470893965,0.5324046851732087,1425.52,3.0407973427918713,112.34714673913044,False,False,False,False,False,C,LOW,0.0,False
40.30984126984127,0.5664,Dead Flowers.wav,0.1066565066576004,0.20941457702473876,0.15654286076988166,0.010120850851168043,0.5204851376873619,1364.2,3.695298474929976,112.34714673913044,False,False,False,False,False,C,LOW,0.0,False
40.40272108843537,0.6176,Dead Flowers.wav,0.08618812263011932,0.1266116524483976,0.12217645318541177,0.0080844597699354,0.5255479261453516,1389.92,2.719769601688216,112.34714673913044,False,False,False,False,False,C,LOW,0.0,False
40.49560090702948,0.8224,Dead Flowers.wav,0.0756247416138649,0.05477087973052811,0.12477646399102084,0.007266425936429924,0.537301168966433,1451.51,2.8402250042016433,112.34714673913044,False,False,False,False,False,C,LOW,0.0,False
40.58848072562358,0.6003,Dead Flowers.wav,0.08451119810342789,0.12035965264417287,0.10582653320919062,0.006450946222990729,0.5302271786743558,1414.12,2.890095399467693,112.34714673913044,False,False,False,False,False,C,LOW,0.0,False
40.68136054421769,0.576,Dead Flowers.wav,0.08771047741174698,0.15625599649891478,0.11579119730020514,0.006335144650358836,0.5065159778646801,1295.68,3.468586367070991,112.34714673913044,False,False,False,False,False,C,LOW,0.0,False
40.77424036281179,4.4644,Dead Flowers.wav,0.07042419910430908,0.08406214217572335,0.11431716552568859,0.014123418744190225,0.6660666171135127,2334.04,3.2455117674697944,112.34714673913044,True,True,False,True,False,C,LOW,0.0,False
40.867120181405895,0.8286,Dead Flowers.wav,0.05946768820285797,0.05747979661628129,0.0932454919466922,0.005776153452306023,0.5543274785040072,1545.6,3.108043439132301,112.34714673913044,False,False,False,False,False,C,LOW,0.0,False
40.96,0.6642,Dead Flowers.wav,0.06781947612762451,0.08997275797351248,0.08536584910128024,0.004854273356356008,0.5170670649176955,1347.11,3.3939999427504777,112.34714673913044,False,False,False,False,False,C,LOW,0.0,False
41.05287981859411,0.6759,Dead Flowers.wav,0.06535740941762924,0.17266649542077253,0.09166571582831906,0.0048587359598545755,0.48518303305081717,1197.63,3.106861742286382,112.34714673913044,False,False,False,False,False,C,LOW,0.0,False
41.145759637188206,0.578,Dead Flowers.wav,0.053975775837898254,0.07050584592183763,0.08120166348699089,0.00464415641571467,0.5052993231824291,1289.88,2.267991369969152,112.34714673913044,False,False,False,False,False,C,LOW,0.0,False
41.23863945578231,0.5827,Dead Flowers.wav,0.05004220828413963,0.04724158905835498,0.07676112078859385,0.003800950188494147,0.5123408905380136,1323.83,2.242995339958596,112.34714673913044,False,False,False,False,False,C,LOW,0.0,False
41.33151927437642,0.5656,Dead Flowers.wav,0.05245804414153099,0.09693717573322076,0.0680618068855348,0.0036006947360738115,0.49512431792380096,1242.36,3.376909211631595,112.34714673913044,False,False,False,False,False,C,LOW,0.0,False
41.424399092970525,0.5633,Dead Flowers.wav,0.07988420873880386,0.14172198777179482,0.06932832631117153,0.004993848411647645,0.5120703264655219,1322.51,4.915090718709,112.34714673913044,True,True,True,False,False,C,LOW,0.0,False
41.517278911564624,0.5571,Dead Flowers.wav,0.0913834497332573,0.20072593288323684,0.13925008471506214,0.006720113726107365,0.47817942702893124,1167.08,3.2543631622204847,112.34714673913044,False,False,False,False,False,C,LOW,0.0,False
41.61015873015873,0.5598,Dead Flowers.wav,0.06808638572692871,0.11020547341871856,0.09836847642552389,0.003898877059267166,0.4737571647415655,1148.2,2.0367113628287736,112.34714673913044,False,False,False,False,False,C,LOW,0.0,False
41.703038548752836,0.5708,Dead Flowers.wav,0.0552632175385952,0.11749523112297569,0.08181250529991638,0.0034069929499574657,0.46925802499188096,1129.3,3.4023007261151244,112.34714673913044,False,False,False,False,False,C,LOW,0.0,False
41.795918367346935,0.5583,Dead Flowers.wav,0.058496586978435516,0.1196416443493406,0.0783484977565961,0.0033758536337276175,0.47273316816496663,1143.87,3.0952276700103463,112.34714673913044,False,False,False,False,False,C,LOW,0.0,False
41.88879818594104,0.7717,Dead Flowers.wav,0.04808810353279114,0.06917285522197827,0.07260473151806197,0.002781808111659633,0.4776669130423024,1164.88,2.583275923927562,112.34714673913044,False,False,False,False,False,C,LOW,0.0,False
41.98167800453515,0.5715,Dead Flowers.wav,0.03403492271900177,0.05278446747892692,0.056047002544482305,0.0025088104757816916,0.4984009695637763,1257.47,2.9941976171400757,112.34714673913044,False,False,False,False,False,C,LOW,0.0,False
42.074557823129254,0.5773,Dead Flowers.wav,0.04215807467699051,0.05591048332225782,0.05681009622648161,0.002161171114754309,0.48538034687842324,1198.5,3.5514984026860286,112.34714673913044,False,False,False,False,False,C,LOW,0.0,False
42.16743764172335,0.6228,Dead Flowers.wav,0.09148494154214859,0.05508897704953809,0.11570200033259603,0.02677156909127206,0.6723474015636556,2388.75,3.35505395742584,112.34714673913044,True,True,False,True,False,C,LOW,0.0,False
42.26031746031746,0.6112,Dead Flowers.wav,0.03944147378206253,0.04654365377053268,0.06864789782035097,0.010249657975724141,0.621976558494813,1983.69,2.9489181478077624,112.34714673913044,False,False,False,False,False,C,LOW,0.0,False
42.353197278911566,0.6728,Dead Flowers.wav,0.04112612083554268,0.04624583620040347,0.06083210946226442,0.003353339529756966,0.5130514725819548,1327.3,3.184689558895435,112.34714673913044,False,False,False,False,False,C,LOW,0.0,False
42.44607709750567,0.6923,Dead Flowers.wav,0.03667769953608513,0.060191150455739424,0.051543595008779766,0.0019345398707894697,0.4785677753387181,1168.76,2.4877468723015603,112.34714673913044,False,False,False,False,False,C,LOW,0.0,False
42.53895691609977,0.6473,Dead Flowers.wav,0.03324544429779053,0.05138501755072015,0.04766829453636368,0.0015628769479742368,0.48233797997453176,1185.13,3.8169818585320727,112.34714673913044,False,False,False,False,False,C,LOW,0.0,False
42.63183673469388,0.6189,Dead Flowers.wav,0.03489520773291588,0.04173398462176879,0.051660722581652094,0.0013823664272164023,0.4760558760852801,1157.98,2.6816305162820546,112.34714673913044,False,False,False,False,False,C,LOW,0.0,False
42.72471655328798,0.6048,Dead Flowers.wav,0.032080210745334625,0.050012275057317646,0.04510725848063582,0.001173748680629436,0.4701548840820866,1133.04,3.3089279358065014,112.34714673913044,False,False,False,False,False,C,LOW,0.0,False
42.81759637188209,4.118,Dead Flowers.wav,0.046327125281095505,0.05403714756678433,0.04497164916173401,0.0012212816236698083,0.4688734410733243,1127.7,3.0537439703191835,112.34714673913044,False,False,False,False,False,C,LOW,0.0,False
42.91047619047619,0.9337,Dead Flowers.wav,0.10943377017974854,0.1133045400049815,0.1473612977382159,0.007565028020549507,0.4870648145034329,1205.97,7.747844450495055,112.34714673913044,True,True,True,False,False,C,LOW,0.0,False
43.003356009070295,0.6646,Dead Flowers.wav,0.07959410548210144,0.12502895413656026,0.12326098664414328,0.004060545105517748,0.4205038953036679,943.41,1.9011549534661072,112.34714673913044,False,False,False,False,False,C,LOW,0.0,False
43.0962358276644,0.6752,Dead Flowers.wav,0.06997737288475037,0.11979697122320856,0.10427348248071433,0.002693989232986162,0.4156667852992444,926.73,2.1842782675475862,112.34714673913044,False,False,False,False,False,C,LOW,0.0,False
43.1891156462585,0.5905,Dead Flowers.wav,0.05994130298495293,0.09241725685177005,0.0803263272648369,0.0027806862688746618,0.44416061486972785,1029.44,3.531981541749654,112.34714673913044,False,False,False,False,False,C,LOW,0.0,False
43.281995464852606,0.5671,Dead Flowers.wav,0.055276233702898026,0.0711995655797577,0.08722074463099024,0.0037421931725437744,0.45299655121836524,1063.55,3.896998748816261,112.34714673913044,False,False,False,False,False,C,LOW,0.0,False
43.37487528344671,0.56,Dead Flowers.wav,0.048393938690423965,0.057709686795856,0.07652080625967318,0.0017614503117895511,0.44549351406801435,1034.52,2.652955968500506,112.34714673913044,False,False,False,False,False,C,LOW,0.0,False
43.46775510204082,0.5627,Dead Flowers.wav,0.046569500118494034,0.05487273282809908,0.0675755578940552,0.001695498886932832,0.440688593742618,1016.34,3.2002701915688743,112.34714673913044,False,False,False,False,False,C,LOW,0.0,False
43.56063492063492,0.5638,Dead Flowers.wav,0.09094563126564026,0.04836403190857495,0.08078585997523846,0.010552127508562362,0.5471435227960737,1505.17,2.7835628249579787,112.34714673913044,True,True,False,True,False,C,LOW,0.0,False
43.653514739229024,0.5635,Dead Flowers.wav,0.050402846187353134,0.037353319573178896,0.1201380858888112,0.024754907580929186,0.7251392131387235,2902.33,2.081611068082034,112.34714673913044,False,False,False,False,False,C,LOW,0.0,False
43.74639455782313,0.5804,Dead Flowers.wav,0.03658329322934151,0.03479764502734973,0.05726637683456657,0.0044113385798818005,0.6126292215520389,1916.46,2.155483794234588,112.34714673913044,False,False,False,False,False,C,LOW,0.0,False
43.83927437641724,0.5608,Dead Flowers.wav,0.03377572074532509,0.03389010705530672,0.04964699928703294,0.0018066179106554089,0.5145625448812429,1334.72,2.570917377522269,112.34714673913044,False,False,False,False,False,C,LOW,0.0,False
43.932154195011336,0.76,Dead Flowers.wav,0.04037608951330185,0.03117078747236906,0.05638088196858249,0.0030221200273276632,0.5023532065860072,1275.94,2.7843765066752892,112.34714673913044,False,False,False,False,False,C,LOW,0.0,False
44.02503401360544,0.5754,Dead Flowers.wav,0.052315421402454376,0.09277016674145175,0.05606993458667622,0.001667169426974174,0.4577169440060106,1082.23,3.407666855212978,112.34714673913044,False,False,False,False,False,C,LOW,0.0,False
44.11791383219955,0.5661,Dead Flowers.wav,0.08841649442911148,0.20032447376505927,0.09268945774436382,0.002794517948623428,0.41561253907340917,926.54,5.511799926997735,112.34714673913044,False,False,False,False,False,C,LOW,0.0,False
44.210793650793654,0.5811,Dead Flowers.wav,0.10156136006116867,0.046336457804058304,0.15353639422812446,0.0013251917869187794,0.3959191250786738,861.62,2.5002843182438004,112.34714673913044,False,False,False,False,False,C,LOW,0.0,False
44.30367346938775,0.6329,Dead Flowers.wav,0.12509436905384064,0.17137100249696857,0.15209905894405157,0.005418973995844032,0.437973219501543,1006.21,6.6410383232354375,112.34714673913044,True,True,True,False,False,C,LOW,0.0,False
44.39655328798186,0.588,Dead Flowers.wav,0.12498817592859268,0.33009677131386994,0.1662100064309894,0.004385186165235113,0.36675043764338616,773.72,1.9039677927956549,112.34714673913044,False,False,False,False,False,C,LOW,0.0,False
44.489433106575966,0.5664,Dead Flowers.wav,0.11754749715328217,0.24431514900285248,0.1448308128387631,0.002254300892389942,0.3446481516001668,713.14,3.1462445385338573,112.34714673913044,False,False,False,False,False,C,LOW,0.0,False
44.582312925170065,0.5582,Dead Flowers.wav,0.10396353155374527,0.15128228272258817,0.1731441551868385,0.001884098712288113,0.36973761123008636,782.3,2.2715016344748684,112.34714673913044,False,False,False,False,False,C,LOW,0.0,False
44.67519274376417,0.5567,Dead Flowers.wav,0.08212202042341232,0.11991027587826915,0.12597264043828824,0.002252504714133266,0.4061636405598481,894.81,2.4635463636386685,112.34714673913044,False,False,False,False,False,C,LOW,0.0,False
44.76807256235828,0.5715,Dead Flowers.wav,0.07863261550664902,0.11512313567988572,0.11252222524627674,0.001309119269796087,0.3949637822207148,858.59,2.7980987393459547,112.34714673913044,False,False,False,False,False,C,LOW,0.0,False
44.860952380952384,3.7219,Dead Flowers.wav,0.09734520316123962,0.14521397167188804,0.12175562367905035,0.0011970620320822217,0.3757411636663599,799.82,3.5392301424418124,112.34714673913044,False,False,False,False,False,C,LOW,0.0,False
