timestamp,processing_time_ms,track_id,rms,rms_bass,rms_mid,rms_high,spectral_centroid,spectral_centroid_hz,onset_strength,bpm,is_beat,is_raw_beat,is_beat_bass,is_beat_high,is_section_boundary,current_section,energy_state,dimmer,strobe_bass
0.0,0.8582,Thunderstruck.wav,0.060472358018159866,0.04009381571490526,0.041462550683196306,0.015598104111987152,0.7717025594184801,3446.23,46.21154443705413,120.0,False,False,False,False,False,A,MID,0.014594801056814464,False
0.09287981859410431,0.531,Thunderstruck.wav,0.07422786951065063,0.0468196660598658,0.0856408143436662,0.03597852273222554,0.8178825220775222,4086.27,3.4687576093987773,120.0,False,False,False,False,False,A,MID,0.028459862060788203,False
0.18575963718820862,0.479,Thunderstruck.wav,0.06590164452791214,0.05478472107188649,0.07919873350913682,0.027362561728646564,0.718128845856423,2828.23,4.879481727756508,120.0,False,False,False,False,False,A,MID,0.041631670014563256,False
0.2786394557823129,0.5628,Thunderstruck.wav,0.059541843831539154,0.0407085146046422,0.07663135447853085,0.02129258560086423,0.7239509503305623,2889.63,3.805036186068261,120.0,False,False,False,False,False,A,MID,0.05414488757064956,False
0.37151927437641724,0.4907,Thunderstruck.wav,0.0524289496243,0.0443865603537482,0.06543593510551599,0.02056477149389893,0.7026782821998736,2671.55,4.294265987551465,120.0,False,False,False,False,False,A,MID,0.06603244424893154,False
0.46439909297052157,0.4711,Thunderstruck.wav,0.06168719753623009,0.04170457025015602,0.05536767087776997,0.02402410088765225,0.7686544872573267,3407.69,3.8826304316848566,120.0,False,False,False,False,False,A,MID,0.07732562309329942,False
0.5572789115646258,0.458,Thunderstruck.wav,0.07344990968704224,0.061162266386507326,0.0854844030114982,0.033349652711502795,0.8055190740309749,3904.09,3.264208293491117,120.0,False,False,False,False,False,A,MID,0.08805414299544892,False
0.6501587301587302,0.4561,Thunderstruck.wav,0.06710006296634674,0.03975926972543479,0.08068131711005053,0.029916769807242363,0.7079803838456169,2724.31,3.5498953478059003,120.0,False,False,False,False,False,A,MID,0.09824623690249093,False
0.7430385487528345,0.4464,Thunderstruck.wav,0.06458177417516708,0.05231945655093848,0.07611521257524775,0.024823073795602824,0.7294416176526382,2948.76,3.0534293937116175,120.0,False,False,False,False,False,A,MID,0.10792872611418085,False
0.8359183673469388,0.4468,Thunderstruck.wav,0.059491731226444244,0.04764932498887651,0.07158469100284069,0.024592523454150018,0.6919007503921035,2567.42,3.8001640750421584,120.0,False,False,False,False,False,A,LOW,0.0,False
0.9287981859410431,0.4527,Thunderstruck.wav,0.07218443602323532,0.033981954349659726,0.07308709613125408,0.029380528173424583,0.785979301999841,3632.59,4.365135292544365,120.0,False,False,False,False,False,A,MID,0.12791399050027272,False
1.0216780045351475,0.5154,Thunderstruck.wav,0.07609284669160843,0.03616765083144249,0.10114522595324789,0.02837283688428468,0.7740181213868702,3475.79,2.689403268083044,120.0,False,False,False,False,False,A,MID,0.1415182909752591,False
1.1145578231292517,0.5212,Thunderstruck.wav,0.06398526579141617,0.030427756167253305,0.08540216808042031,0.022791357508985744,0.6961561689063482,2608.04,3.690723540642469,120.0,False,False,False,False,False,A,MID,0.148881640620844,False
1.207437641723356,0.597,Thunderstruck.wav,0.06384214758872986,0.03347697540581875,0.08075067436440314,0.024739927480548037,0.7177415907086663,2824.2,4.027234355747517,120.0,False,False,False,False,False,A,MID,0.15579526383366687,False
1.3003174603174603,0.47,Thunderstruck.wav,0.05550246313214302,0.029449311526831144,0.07132629171090087,0.018859641623942883,0.6908491763086347,2557.48,4.229861856560806,120.0,False,False,False,False,False,A,MID,0.1559140651000624,False
1.3931972789115645,0.4972,Thunderstruck.wav,0.0732145607471466,0.050868940859217976,0.07250183512056826,0.02789515993643689,0.8087693663194505,3951.18,3.8514956033362386,120.0,False,False,False,False,False,A,MID,0.1669734435425608,False
1.486077097505669,0.5041,Thunderstruck.wav,0.07796835154294968,0.026034424509222297,0.09928915561294338,0.030636336568457573,0.7460480660412561,3135.04,3.5420556463810327,120.0,False,False,False,False,False,A,MID,0.17862477136543276,False
1.5789569160997732,0.5307,Thunderstruck.wav,0.06978665292263031,0.0444570374219811,0.0920786859486058,0.02424671672670425,0.7133616421045401,2778.93,3.4163495994973165,120.0,False,False,False,False,False,A,MID,0.18647362454310476,False
1.6718367346938776,0.4586,Thunderstruck.wav,0.06613511592149734,0.033364497375577604,0.08012870673663418,0.028127872978614098,0.7252584683806286,2903.61,3.4687629182826942,120.0,False,False,False,False,False,A,MID,0.192221869435577,False
1.7647165532879818,0.4688,Thunderstruck.wav,0.07310706377029419,0.026546193896307017,0.08103899173006246,0.026871033119994624,0.7057126783269982,2701.62,3.8094540914625927,120.0,False,False,False,False,False,A,MID,0.20078049747717944,False
1.8575963718820863,0.4575,Thunderstruck.wav,0.08167898654937744,0.04558427835089614,0.09532221676709714,0.03586900879357138,0.8162125906691023,4061.17,3.549875215679893,120.0,False,False,False,False,False,A,MID,0.21074147260332046,False
1.9504761904761905,1.0992,Thunderstruck.wav,0.06858698278665543,0.058059140891499834,0.08713644148915886,0.030398471780947237,0.7393782787596949,3058.85,4.510023111311971,143.5546875,False,False,False,False,False,A,MID,0.2154757125194692,False
2.043356009070295,0.4881,Thunderstruck.wav,0.053680263459682465,0.07388404832045992,0.06617444477775153,0.02035605798039111,0.7185028701472842,2832.14,3.0219392868130424,143.5546875,False,False,False,False,False,A,MID,0.20947574954695164,False
2.136235827664399,0.4601,Thunderstruck.wav,0.04275622218847275,0.044830201096982776,0.052109352748273,0.021878825177101657,0.7222099886133533,2871.14,3.2361812708051096,143.5546875,False,False,False,False,False,A,MID,0.19900196206960405,False
2.2291156462585033,0.4713,Thunderstruck.wav,0.04674280807375908,0.048259467287875245,0.05229198292285606,0.013921082317952641,0.7008718821912607,2653.8,5.275657488290235,143.5546875,False,False,False,False,False,A,MID,0.19615108427446662,False
2.3219954648526078,0.458,Thunderstruck.wav,0.0495888888835907,0.025226349316732587,0.04304522943735536,0.030983619946249277,0.8966326748878853,5463.73,3.2951134838785223,143.5546875,False,False,False,False,False,A,MID,0.19541273760454422,False
2.414875283446712,0.4696,Thunderstruck.wav,0.038806457072496414,0.02334350634127234,0.03589876913325839,0.019837190755689658,0.8002733962812619,3829.27,4.675129545961557,143.5546875,False,False,False,False,False,A,MID,0.185642100724317,False
2.507755102040816,0.4566,Thunderstruck.wav,0.035259686410427094,0.01912672176217872,0.036737154651242374,0.018290861420363503,0.7802739273882194,3556.93,4.804442603902596,143.5546875,False,False,False,False,False,A,LOW,0.0,False
2.6006349206349206,0.4684,Thunderstruck.wav,0.03621090203523636,0.014036783832196626,0.03519665568095297,0.018240336530596177,0.7442900306800478,3114.78,8.280636682043463,143.5546875,False,False,False,False,False,A,LOW,0.0,False
2.693514739229025,0.4546,Thunderstruck.wav,0.048210423439741135,0.020244315866094736,0.04427408927802501,0.01634759384315323,0.7195091764918302,2842.67,4.612434398847542,143.5546875,False,False,False,False,False,A,LOW,0.0,False
2.786394557823129,0.4724,Thunderstruck.wav,0.04138646647334099,0.011918151843895239,0.0395302509124448,0.031087696079248595,0.9047668792459069,5630.16,3.6818787681355882,143.5546875,False,False,False,False,False,A,LOW,0.0,False
2.8792743764172335,0.4623,Thunderstruck.wav,0.03913860395550728,0.04360637456479133,0.0406274644814062,0.016711777494024027,0.7694223974932178,3417.36,6.757615751781249,143.5546875,False,False,False,False,False,A,LOW,0.0,False
2.972154195011338,0.5298,Thunderstruck.wav,0.04149772226810455,0.015025453797087777,0.04237071555631878,0.01790440342173074,0.776189365476824,3503.74,6.408075149963173,143.5546875,False,False,False,False,False,A,LOW,0.0,False
3.0650340136054424,0.6116,Thunderstruck.wav,0.03796568885445595,0.024801303588642763,0.043595724243427975,0.0159097810903621,0.6967494527395168,2613.75,7.304118612755083,143.5546875,False,False,False,False,False,A,LOW,0.0,False
3.1579138321995464,0.5161,Thunderstruck.wav,0.05483084172010422,0.01789496841467168,0.04431207604010579,0.02098321781522556,0.7759962765086638,3501.25,4.44815231254104,143.5546875,False,False,False,False,False,A,LOW,0.0,False
3.250793650793651,0.4975,Thunderstruck.wav,0.04316410422325134,0.011568409444520382,0.04021418935103668,0.03330518464505603,0.8891651997644179,5315.28,8.237259464033153,143.5546875,False,False,False,False,False,A,LOW,0.0,False
3.3436734693877552,0.4945,Thunderstruck.wav,0.03633302450180054,0.0416192750260799,0.03430100715751916,0.018233731978664073,0.7425404738268242,3094.74,7.244941663757349,143.5546875,False,False,False,False,False,A,LOW,0.0,False
3.436553287981859,0.5009,Thunderstruck.wav,0.06236264109611511,0.06715242384029527,0.05957899360506446,0.023507896108156227,0.7583459818939347,3280.54,5.1821765520899294,143.5546875,False,False,False,False,False,A,LOW,0.0,False
3.5294331065759637,0.4965,Thunderstruck.wav,0.0626913383603096,0.05037189438520435,0.06467544372921424,0.02767163207952811,0.7394470784702021,3059.63,3.648474105657203,143.5546875,False,False,False,False,False,A,LOW,0.0,False
3.622312925170068,0.5058,Thunderstruck.wav,0.07487931847572327,0.06815578289071463,0.07280408400301018,0.03143323648768489,0.8038079398347688,3879.52,2.8787902688538494,143.5546875,False,False,False,False,False,A,LOW,0.0,False
3.7151927437641725,0.4941,Thunderstruck.wav,0.07687252759933472,0.04103188284344445,0.0911024909062591,0.03501032099490718,0.7757062424842495,3497.5,3.5777031992561894,143.5546875,False,False,False,False,False,A,LOW,0.0,False
3.8080725623582765,0.4912,Thunderstruck.wav,0.06917296350002289,0.03288619300375037,0.08502185163122676,0.028629545246040295,0.7093453878979027,2738.07,3.0096121318853672,143.5546875,False,False,False,False,False,A,LOW,0.0,False
3.900952380952381,0.53,Thunderstruck.wav,0.0592084676027298,0.06903549251424125,0.07911106084575234,0.022635688276600546,0.7148761377985265,2794.5,4.24721923431079,143.5546875,False,False,False,False,False,A,LOW,0.0,False
3.9938321995464854,1.6629,Thunderstruck.wav,0.053190648555755615,0.050344232609095776,0.0663619423853433,0.020787235828893753,0.6966491365741527,2612.79,2.570620020399227,139.77693256578948,False,False,False,False,False,A,LOW,0.0,False
4.08671201814059,0.5536,Thunderstruck.wav,0.07297192513942719,0.03256668935422856,0.0713811313690488,0.028817520215676077,0.8234156484582644,4170.53,3.3136711070580636,139.77693256578948,False,False,False,False,False,A,LOW,0.0,False
4.179591836734694,0.5412,Thunderstruck.wav,0.07034328579902649,0.0516506562552134,0.09002222873201063,0.026731761034062645,0.7549142422453833,3239.28,3.7146967798541777,139.77693256578948,False,False,False,False,False,A,LOW,0.0,False
4.272471655328798,0.6267,Thunderstruck.wav,0.0632006973028183,0.06367872776634094,0.07852339404082617,0.0240157854540407,0.711865179053901,2763.64,2.6402315532273923,139.77693256578948,False,False,False,False,False,A,LOW,0.0,False
4.365351473922902,0.5483,Thunderstruck.wav,0.06439821422100067,0.055202863993442076,0.07618808331692255,0.028351064266995775,0.7247376783313865,2898.03,4.052030690340485,139.77693256578948,False,False,False,False,False,A,LOW,0.0,False
4.458231292517007,0.5453,Thunderstruck.wav,0.06737610697746277,0.02809780369309438,0.07844299243671983,0.02629882029767857,0.7092922043696882,2737.53,3.157668203580762,139.77693256578948,False,False,False,False,False,A,LOW,0.0,False
4.551111111111111,0.4973,Thunderstruck.wav,0.08168289810419083,0.032307266992279406,0.08689538546624677,0.03416836476366965,0.8241882984674749,4182.43,3.4309310746221158,139.77693256578948,False,False,False,False,False,A,LOW,0.0,False
4.6439909297052155,0.5117,Thunderstruck.wav,0.0713018849492073,0.03865161472714274,0.09563614472184197,0.028062770163027946,0.7334858778154248,2993.08,3.064776240570574,139.77693256578948,False,False,False,False,False,A,LOW,0.0,False
4.73687074829932,0.4945,Thunderstruck.wav,0.06665972620248795,0.04999397451706667,0.0793721260526878,0.024584468382591963,0.7270902080552841,2923.29,3.76510613409817,139.77693256578948,False,False,False,False,False,A,LOW,0.0,False
4.829750566893424,0.5127,Thunderstruck.wav,0.06797940284013748,0.05882096425752977,0.08209436820044036,0.027520380769738888,0.7146488062965513,2792.16,3.972711288381982,139.77693256578948,False,False,False,False,False,A,LOW,0.0,False
4.922630385487528,0.508,Thunderstruck.wav,0.06996188312768936,0.05950971249587446,0.07735225911698927,0.025089808849690365,0.7190666232159606,2838.04,3.54080327525698,139.77693256578948,False,False,False,False,False,A,LOW,0.0,False
5.015510204081632,0.5146,Thunderstruck.wav,0.08081783354282379,0.04832479621055181,0.09367719548479563,0.03264468571954875,0.8288633034252395,4255.19,4.351099435941899,139.77693256578948,False,False,False,False,False,A,LOW,0.0,False
5.108390022675737,0.4958,Thunderstruck.wav,0.07350917905569077,0.03327325489071567,0.09928683745494005,0.02605907156992005,0.714751489480019,2793.22,4.093617600418493,139.77693256578948,False,False,False,False,False,A,LOW,0.0,False
5.201269841269841,0.5121,Thunderstruck.wav,0.07131598889827728,0.030977636823684807,0.08411746751749953,0.0297455742895293,0.7284560297272406,2938.06,3.3800378873548125,139.77693256578948,False,False,False,False,False,A,MID,0.2831882391314711,False
5.294149659863946,0.4961,Thunderstruck.wav,0.07040184736251831,0.025879732393674696,0.08227310648182891,0.030826733938289875,0.7270565101636928,2922.93,4.60918364538991,139.77693256578948,False,False,False,False,False,A,MID,0.28665152505873776,False
5.38702947845805,0.5138,Thunderstruck.wav,0.08023452013731003,0.040571060271169045,0.08763926744543149,0.030894014977621752,0.7491073815003906,3170.63,4.120119813216674,139.77693256578948,False,False,False,False,False,A,MID,0.2920328646032992,False
5.479909297052155,0.4955,Thunderstruck.wav,0.0809449777007103,0.039221557529315026,0.10167724783000905,0.03533792292674919,0.8017765796455734,3850.56,3.3404525531424696,139.77693256578948,False,False,False,False,False,A,MID,0.29728608515076527,False
5.572789115646258,0.5402,Thunderstruck.wav,0.06284235417842865,0.05285023047835021,0.08786444740802007,0.025484639557519242,0.714492423701962,2790.55,3.9281982749663498,139.77693256578948,False,False,False,False,False,A,MID,0.2982072597834494,False
5.6656689342403626,0.4951,Thunderstruck.wav,0.05760200321674347,0.06253180067055439,0.06579419246138551,0.02476353716817393,0.7385885336976441,3049.95,3.040888294456821,139.77693256578948,False,False,False,False,False,A,MID,0.2976406626674659,False
5.758548752834467,0.5873,Thunderstruck.wav,0.04466632381081581,0.04489999251804787,0.0552734481874181,0.01813127332970391,0.7104999154044758,2749.75,3.969601216559959,139.77693256578948,False,False,False,False,False,A,MID,0.29243902897142915,False
5.851428571428571,0.5327,Thunderstruck.wav,0.05550437420606613,0.03715044045865178,0.048336129018288786,0.025595747449413283,0.8041107616975699,3883.86,2.9192315969839906,139.77693256578948,False,False,False,False,False,A,MID,0.2915322369298082,False
5.944308390022676,0.5522,Thunderstruck.wav,0.038295503705739975,0.021400556685663357,0.02715726463677815,0.028574284801351463,0.8755434496281763,5054.79,3.5018713985513235,139.77693256578948,False,False,False,False,False,A,MID,0.2827451015132817,False
6.03718820861678,2.4755,Thunderstruck.wav,0.038331758230924606,0.022672751741765494,0.038415663658238265,0.021011213838297977,0.7527444241556828,3213.45,4.677906321335154,135.99917763157896,False,False,False,False,False,A,MID,0.27442864815522694,False
6.130068027210885,0.5875,Thunderstruck.wav,0.039561014622449875,0.0076617301143193746,0.038903318786237075,0.01989645504257914,0.7906765379453226,3696.08,2.633343959575363,135.99917763157896,False,False,False,False,False,A,MID,0.26749025403098065,False
6.222947845804988,0.5976,Thunderstruck.wav,0.03864353522658348,0.022424759056780468,0.037119596748571425,0.017935470040357563,0.6893907363081302,2543.76,6.305008383287818,135.99917763157896,False,False,False,False,False,A,MID,0.26019799369331836,False
6.315827664399093,0.608,Thunderstruck.wav,0.05168914794921875,0.014653227789124087,0.03823916074558415,0.02801362508993697,0.8465215394649592,4541.59,4.751855446826702,135.99917763157896,True,True,False,True,False,A,MID,1.0,False
6.408707482993197,0.5853,Thunderstruck.wav,0.038677722215652466,0.01252620430983946,0.030374133003963525,0.024875229977369528,0.8443031757027433,4504.58,8.118240678668009,135.99917763157896,False,False,False,False,False,A,MID,0.65,False
6.501587301587302,0.5412,Thunderstruck.wav,0.03821317106485367,0.01694366407329039,0.043951989479745705,0.016865606424697647,0.7308589249977877,2964.22,6.376275485299803,135.99917763157896,False,False,False,False,False,A,MID,0.42250000000000004,False
6.594467120181406,0.5764,Thunderstruck.wav,0.03683435171842575,0.013442717048556528,0.03420588266065759,0.022023799412436807,0.7799660480590638,3552.9,3.8932938300667517,135.99917763157896,False,False,False,False,False,A,MID,0.27462500000000006,False
6.6873469387755105,0.5398,Thunderstruck.wav,0.037154071033000946,0.02098716140470357,0.03640702843342131,0.015309999898063715,0.6727596854421454,2392.39,7.130207603323474,135.99917763157896,False,False,False,False,False,A,MID,0.23064809594198663,False
6.780226757369615,0.654,Thunderstruck.wav,0.053289130330085754,0.01233723312359149,0.041990610661002715,0.027838327741013986,0.8758431102201352,5060.38,4.6014359641714355,135.99917763157896,False,True,False,False,False,A,MID,0.23212709492206984,False
6.873106575963718,0.675,Thunderstruck.wav,0.0374164879322052,0.02495213236943296,0.03670054792632352,0.02384306816631261,0.8160805513160964,4059.2,7.327740540053372,135.99917763157896,False,False,False,False,False,A,MID,0.22547701060674258,False
6.965986394557823,0.5735,Thunderstruck.wav,0.04961184039711952,0.034008457098307354,0.04859975484618343,0.01621566537395873,0.7439946275797533,3111.39,5.205984703371688,135.99917763157896,False,False,False,False,False,A,MID,0.22593306512952974,False
7.058866213151927,0.7172,Thunderstruck.wav,0.05592285096645355,0.04707401282918949,0.06386563064169161,0.02656494681843529,0.7374714885750736,3037.41,2.6858077611929856,135.99917763157896,False,False,False,False,False,A,LOW,0.0,False
7.151746031746032,0.5766,Thunderstruck.wav,0.06034759432077408,0.04922936459212438,0.06711922763774375,0.020065591958341542,0.7217372578828732,2866.13,3.283790854267583,135.99917763157896,False,False,False,False,False,A,LOW,0.0,False
7.244625850340136,0.5193,Thunderstruck.wav,0.07943171262741089,0.0648362319735696,0.07805016578456896,0.03509982022053298,0.8312893381027865,4293.44,2.918489405729654,135.99917763157896,False,False,False,False,False,A,LOW,0.0,False
7.337505668934241,0.5163,Thunderstruck.wav,0.06540922075510025,0.04677357717613979,0.08334784975188252,0.028932268754930938,0.7357663299544392,3018.37,2.8845297596063157,135.99917763157896,False,False,False,False,False,A,LOW,0.0,False
7.430385487528345,0.504,Thunderstruck.wav,0.06969241052865982,0.05214787693298078,0.08141046636703725,0.026855089360573788,0.7322207964173706,2979.14,3.555015663956621,135.99917763157896,False,False,False,False,False,A,LOW,0.0,False
7.523265306122449,0.5163,Thunderstruck.wav,0.05674007907509804,0.03131459043830813,0.07631537037928487,0.023069655571240875,0.6989494739640537,2635.05,4.7263720501218165,135.99917763157896,False,False,False,False,False,A,LOW,0.0,False
7.616145124716553,0.5608,Thunderstruck.wav,0.059798337519168854,0.03873453261840159,0.06597317478672023,0.021990706901513238,0.7103378837734401,2748.11,3.859729212952799,135.99917763157896,False,False,False,False,False,A,LOW,0.0,False
7.7090249433106575,0.601,Thunderstruck.wav,0.07420746982097626,0.027124785580141794,0.08525965436661725,0.03202311719019952,0.8328457130875234,4318.16,4.413561721329513,135.99917763157896,False,False,False,False,False,A,LOW,0.0,False
7.801904761904762,0.5877,Thunderstruck.wav,0.06572310626506805,0.047308445267108507,0.08267421124407187,0.02439099392803473,0.7194291624739314,2841.83,3.4977122704244192,135.99917763157896,False,False,False,False,False,A,LOW,0.0,False
7.894784580498866,0.563,Thunderstruck.wav,0.06474371999502182,0.04355116916732579,0.07824165467437516,0.026079909040891917,0.7261103572260156,2912.74,3.7010635941353174,135.99917763157896,False,False,False,False,False,A,LOW,0.0,False
7.987664399092971,0.6095,Thunderstruck.wav,0.06152599677443504,0.04644810504375981,0.07293650653255031,0.025170897624428545,0.7036825722434499,2681.46,4.352102919393958,135.99917763157896,False,False,False,False,False,A,LOW,0.0,False
8.080544217687075,3.2761,Thunderstruck.wav,0.07414610683917999,0.05918910244090896,0.08139617146785771,0.023153004930628385,0.7168894288994542,2815.33,3.6667737473715722,135.99917763157896,False,False,False,False,False,A,LOW,0.0,False
8.17342403628118,0.601,Thunderstruck.wav,0.07486860454082489,0.05079342397004139,0.09644048410174937,0.03346994943259585,0.7985747117590632,3805.35,3.0703482204209056,135.99917763157896,False,False,False,False,False,A,LOW,0.0,False
8.266303854875284,0.5727,Thunderstruck.wav,0.06659522652626038,0.03777043747198379,0.08675403851081552,0.024746217401506433,0.711648517429889,2761.43,3.668221360756354,135.99917763157896,False,False,False,False,False,A,LOW,0.0,False
8.359183673469389,0.5429,Thunderstruck.wav,0.07335100322961807,0.026787110037437584,0.08726245805308239,0.027058260483671825,0.7297367001116056,2951.97,3.2169000612675474,135.99917763157896,False,False,False,False,False,A,LOW,0.0,False
8.452063492063493,0.5693,Thunderstruck.wav,0.06077531725168228,0.02241273006994822,0.08012524381191455,0.024091678877810763,0.6931930550417962,2579.69,3.6765252695386192,135.99917763157896,False,False,False,False,False,A,LOW,0.0,False
8.544943310657596,0.5423,Thunderstruck.wav,0.07285063713788986,0.047382443674494686,0.07621413155382485,0.02416231981847049,0.7415765684949038,3083.76,3.447872460530488,135.99917763157896,False,False,False,False,False,A,LOW,0.0,False
8.6378231292517,0.5562,Thunderstruck.wav,0.07795185595750809,0.041844232175364114,0.10047890001136285,0.031989671159716015,0.7888232704497709,3670.9,2.737232609561942,135.99917763157896,False,False,False,False,False,A,LOW,0.0,False
8.730702947845804,0.5683,Thunderstruck.wav,0.0703020915389061,0.03203539401512256,0.08927393963643047,0.02608562669271679,0.710480778416265,2749.56,4.12855892599033,135.99917763157896,False,False,False,False,False,A,LOW,0.0,False
8.823582766439909,0.6045,Thunderstruck.wav,0.06925882399082184,0.03131530870129612,0.08861544606858038,0.026512867512448114,0.728734553753277,2941.08,4.070857458305583,135.99917763157896,False,False,False,False,False,A,LOW,0.0,False
8.916462585034013,0.5596,Thunderstruck.wav,0.07032021135091782,0.03371785816704602,0.08417771184774943,0.026286693691411473,0.7132347157366208,2777.63,4.740016216717288,135.99917763157896,False,False,False,False,False,A,MID,0.30283535977665066,False
9.009342403628118,0.8528,Thunderstruck.wav,0.08242102712392807,0.051508830585099946,0.09409169135882949,0.03238305382567508,0.7758279070751483,3499.07,5.437245400260171,135.99917763157896,False,False,False,False,False,A,MID,0.30769359178781813,False
9.102222222222222,0.5452,Thunderstruck.wav,0.07692775875329971,0.03133358073954488,0.09163387550399973,0.033659296174908315,0.7708404342162618,3435.28,3.9190039093595743,135.99917763157896,False,False,False,False,False,A,MID,0.31121420024110247,False
9.195102040816327,0.5454,Thunderstruck.wav,0.060067035257816315,0.06532483892170246,0.07722314548767922,0.026162421446326176,0.717423891219078,2820.89,4.587325766007786,135.99917763157896,False,False,False,False,False,A,MID,0.3105886262577248,False
9.287981859410431,0.5177,Thunderstruck.wav,0.04947297275066376,0.04958357959781961,0.06880468475496575,0.022110923996959703,0.7328659407150676,2986.24,3.362758444209031,135.99917763157896,False,False,False,False,False,A,MID,0.3066539364154459,False
9.380861678004536,0.5322,Thunderstruck.wav,0.04356477037072182,0.038707254784792554,0.044551609195756896,0.020111266486634288,0.7456391408241936,3130.32,2.6766374524273404,135.99917763157896,False,False,False,False,False,A,MID,0.3004034732455447,False
9.47374149659864,0.5755,Thunderstruck.wav,0.19547507166862488,0.6173859700097055,0.11719348122355594,0.046255848919818626,0.77318604909266,3465.14,14.379413922220744,135.99917763157896,True,True,True,False,False,A,MID,1.0,True
9.566621315192744,0.5373,Thunderstruck.wav,0.11469659209251404,0.4152751620424509,0.11659463993507264,0.03864832385440909,0.7659598898172052,3373.99,2.805898388566725,135.99917763157896,False,False,False,False,False,A,MID,0.65,False
9.659501133786849,0.5141,Thunderstruck.wav,0.08545351028442383,0.3256224939222215,0.0713577970464857,0.02697133846534582,0.7626531899293755,3333.08,2.876678093958661,135.99917763157896,False,False,False,False,False,A,MID,0.42250000000000004,False
9.752380952380953,0.5386,Thunderstruck.wav,0.07317785918712616,0.2541448050208189,0.05795372251465678,0.023331620074322535,0.7543181169903973,3232.16,3.200295146018622,135.99917763157896,False,False,False,False,False,A,MID,0.29654882888375655,False
9.845260770975056,0.5136,Thunderstruck.wav,0.10640408843755722,0.32144844812140333,0.04303896518021485,0.015486083364375236,0.704775997093776,2692.3,3.2058650457495332,135.99917763157896,False,False,False,False,False,A,MID,0.2955498489782868,False
9.93814058956916,0.5273,Thunderstruck.wav,0.22068606317043304,0.7654398429857667,0.1351077104391974,0.06420380614999446,0.7665923515609083,3381.87,11.257444684289045,135.99917763157896,False,False,False,False,False,A,MID,0.30077235652937245,False
10.031020408163265,0.5145,Thunderstruck.wav,0.1141081154346466,0.4765252424930901,0.09642817496477171,0.03549342760509474,0.7715167981011052,3443.87,2.3386194739244868,135.99917763157896,False,False,False,False,False,A,MID,0.2992925495271457,False
10.12390022675737,3.3058,Thunderstruck.wav,0.09755541384220123,0.30474491676122634,0.08123570145662387,0.029537497471381634,0.7749302953809799,3487.5,2.733148915486972,135.99917763157896,False,False,False,False,False,A,MID,0.29650956289149566,False
10.216780045351474,0.5442,Thunderstruck.wav,0.0860745757818222,0.331056691325792,0.07483061728529383,0.02673678375425306,0.7460358742333811,3134.9,3.0083898790718333,135.99917763157896,False,False,False,False,False,A,MID,0.2927884411433682,False
10.309659863945578,0.5473,Thunderstruck.wav,0.09104161709547043,0.3319157225309045,0.06308350583635261,0.0193636386624298,0.7077807660864993,2722.31,3.430017639455443,135.99917763157896,False,False,False,False,False,A,MID,0.28973422201550275,False
10.402539682539683,0.5221,Thunderstruck.wav,0.06707321107387543,0.23186547767546511,0.05106286396303989,0.02822794290809708,0.8334921302295928,4328.47,2.9065845942901776,135.99917763157896,False,False,False,False,False,A,MID,0.28422279704621906,False
10.495419501133787,0.5466,Thunderstruck.wav,0.05831720679998398,0.18600543818947213,0.03781951470426922,0.02218959789315559,0.7765907443791311,3508.93,3.322500848724294,135.99917763157896,False,False,False,False,False,A,MID,0.27776525407888536,False
10.588299319727891,0.5194,Thunderstruck.wav,0.058478765189647675,0.13509401423194714,0.04567482346212086,0.01816113588782542,0.7411501234485196,3078.91,3.6408589510833145,135.99917763157896,False,False,False,False,False,A,MID,0.2716552355818582,False
10.681179138321996,0.5304,Thunderstruck.wav,0.06758017092943192,0.19516793848854821,0.0602312362800832,0.027914527201134225,0.7210265734030541,2858.63,2.9365148182108953,135.99917763157896,False,False,False,False,False,A,MID,0.2671124907753496,False
10.7740589569161,0.5219,Thunderstruck.wav,0.16085496544837952,0.13911056125151045,0.06170268404255096,0.02049448495158236,0.6980317975395968,2626.15,4.0994437177596055,135.99917763157896,False,False,False,False,False,A,MID,0.27051099019208535,False
10.866938775510205,0.5753,Thunderstruck.wav,0.1843421310186386,0.8712649259738933,0.11167396583501482,0.06073734974969334,0.7844003166848108,3611.49,10.409152443648502,135.99917763157896,True,True,True,True,False,A,MID,1.0,True
10.95981859410431,0.5199,Thunderstruck.wav,0.07540693134069443,0.32655663974795585,0.08426138765910995,0.02825129179190211,0.7425233457965047,3094.55,3.0322956527515976,135.99917763157896,False,False,False,False,False,A,MID,0.65,False
11.052698412698414,0.5366,Thunderstruck.wav,0.06691116094589233,0.10551134493477289,0.07858048382123625,0.023042218756655103,0.7302981655177141,2958.09,4.134903605296022,135.99917763157896,False,False,False,False,False,A,MID,0.42250000000000004,False
11.145578231292516,0.5218,Thunderstruck.wav,0.058362945914268494,0.11883778387393167,0.06997328731264287,0.022081830058212144,0.7051959059954616,2696.47,2.291105398264728,135.99917763157896,False,False,False,False,False,A,MID,0.27462500000000006,False
11.23845804988662,0.5303,Thunderstruck.wav,0.05887814238667488,0.08966977415003329,0.0563793702627985,0.020945507458211693,0.704102573762328,2685.62,2.760937528946833,135.99917763157896,False,False,False,False,False,A,LOW,0.0,False
11.331337868480725,0.6948,Thunderstruck.wav,0.07861363887786865,0.07051498006911427,0.07898845969655817,0.037273591536080855,0.8304509765717651,4280.18,4.5261020630776985,135.99917763157896,False,False,False,False,False,A,LOW,0.0,False
11.42421768707483,0.6341,Thunderstruck.wav,0.06383277475833893,0.05209178101470423,0.07738632884074308,0.027199967412330925,0.7409552103821049,3076.7,2.84454066207058,135.99917763157896,False,False,False,False,False,A,LOW,0.0,False
11.517097505668934,0.5461,Thunderstruck.wav,0.06415900588035583,0.04990638831177345,0.07300859702254085,0.026813706495922816,0.7298096563228845,2952.76,2.603725881048053,135.99917763157896,False,False,False,False,False,A,LOW,0.0,False
11.609977324263038,0.5516,Thunderstruck.wav,0.05970340222120285,0.05422111741870242,0.07218918303141039,0.027659359490244752,0.704491012612364,2689.47,2.8940357983979,135.99917763157896,False,False,False,False,False,A,LOW,0.0,False
11.702857142857143,0.5157,Thunderstruck.wav,0.2076231837272644,0.48711063261385656,0.09476429465789232,0.04509568172224577,0.7321403544889731,2978.26,9.824786723393482,135.99917763157896,False,True,False,False,False,A,MID,0.2484300995516044,False
11.795736961451247,0.5347,Thunderstruck.wav,0.12904061377048492,0.7688476474303756,0.10420236309276494,0.041175405696133933,0.7580069203232211,3276.44,1.6417978335525523,135.99917763157896,False,False,False,False,False,A,MID,0.25067955808380615,False
11.888616780045352,0.5251,Thunderstruck.wav,0.07552170753479004,0.15487713135370998,0.08633145494200999,0.026001331757997098,0.7276410869047695,2929.24,4.167556254767969,135.99917763157896,False,False,False,False,False,A,MID,0.24813501533478782,False
11.981496598639456,0.5345,Thunderstruck.wav,0.07377316057682037,0.1381562160364982,0.08906354125467125,0.023771984773901043,0.7149582020541793,2795.35,3.5961800810644444,135.99917763157896,False,False,False,False,False,A,MID,0.2455181134621447,False
12.07437641723356,0.5195,Thunderstruck.wav,0.06480997055768967,0.12786582719099218,0.08098261349588176,0.023482030263235136,0.6902710746846297,2552.03,3.976332422038858,135.99917763157896,False,False,False,False,False,A,MID,0.2419214151276828,False
12.167256235827665,3.5399,Thunderstruck.wav,0.07049207389354706,0.09805090924001605,0.06923796851718082,0.02662668563057943,0.7724905928189816,3456.26,3.875091026235479,135.99917763157896,False,False,False,False,False,A,MID,0.23922687212982482,False
12.26013605442177,0.5812,Thunderstruck.wav,0.0751228779554367,0.06571678860839222,0.08995405090003292,0.03204527487962904,0.7946273003814054,3750.34,2.7579036187440664,135.99917763157896,False,False,False,False,False,A,MID,0.2372098625141018,False
12.353015873015874,0.5804,Thunderstruck.wav,0.0715784877538681,0.06446979980414777,0.08881024587358287,0.026439911799246187,0.7143785254877345,2789.38,3.8448914110413157,135.99917763157896,False,False,False,False,False,A,MID,0.23488158000262294,False
12.445895691609977,0.5229,Thunderstruck.wav,0.07388298958539963,0.05161051039167763,0.0857884301938894,0.027862606695357974,0.7340551569180813,2999.37,3.352788246961013,135.99917763157896,False,False,False,False,False,A,MID,0.23285223265193383,False
12.538775510204081,0.5446,Thunderstruck.wav,0.0740203782916069,0.03688038547624882,0.08557428562065009,0.029407232250673144,0.7298914244141074,2953.66,3.3820241546918712,135.99917763157896,False,False,False,False,False,A,MID,0.23092906712070563,False
12.631655328798185,0.5649,Thunderstruck.wav,0.23645806312561035,0.7885082523906418,0.1351452661115555,0.057620601787575096,0.7600118871461639,3300.77,11.948212231385012,135.99917763157896,True,True,True,False,False,A,MID,1.0,True
12.72453514739229,0.5467,Thunderstruck.wav,0.09249664843082428,0.473621744841114,0.10325239989590125,0.03146549313370572,0.7411581206858198,3079.0,2.8650004765127917,135.99917763157896,False,False,False,False,False,A,MID,0.65,False
12.817414965986394,0.5228,Thunderstruck.wav,0.06289170682430267,0.13862215139296571,0.07509056060277082,0.027470736617707648,0.7270174261529956,2922.51,2.7050640489681905,135.99917763157896,False,False,False,False,False,A,MID,0.42250000000000004,False
12.910294784580499,0.5393,Thunderstruck.wav,0.057131316512823105,0.13498012196006004,0.057409454249971875,0.025010912309806108,0.7327403003443618,2984.86,2.581057662297412,135.99917763157896,False,False,False,False,False,A,LOW,0.0,False
13.003174603174603,0.5288,Thunderstruck.wav,0.0641276016831398,0.11145207118898956,0.04556367484220801,0.020119080527215866,0.7774438260992413,3519.99,2.4163353491144974,135.99917763157896,False,False,False,False,False,A,LOW,0.0,False
13.096054421768708,0.5338,Thunderstruck.wav,0.2033824920654297,0.5470571920847049,0.16888597162740207,0.05848022925799897,0.7812428756688601,3569.67,8.63301138096592,135.99917763157896,False,False,False,False,False,A,LOW,0.0,False
13.188934240362812,0.5246,Thunderstruck.wav,0.123784638941288,0.35754856357319464,0.1419723503628761,0.042669330195578725,0.7510947533728906,3193.96,2.7840392717927163,135.99917763157896,False,False,False,False,False,A,MID,0.23587449949714992,False
13.281814058956916,0.5454,Thunderstruck.wav,0.0940583273768425,0.33598559198225536,0.09085587220671595,0.030734097813223938,0.7465166510305326,3140.47,2.373938935395141,135.99917763157896,False,False,False,False,False,A,MID,0.2354146420634314,False
13.374693877551021,0.5295,Thunderstruck.wav,0.07858821749687195,0.2762716833961202,0.05994217509930909,0.02382661241340588,0.7446966410523151,3119.45,2.60244654488334,135.99917763157896,False,False,False,False,False,A,MID,0.23346499210206986,False
13.467573696145125,0.5361,Thunderstruck.wav,0.09843038022518158,0.2818460522702751,0.05207827122624689,0.01708003153076383,0.70491849369044,2693.72,3.154320961128087,135.99917763157896,False,False,False,False,False,A,MID,0.23351132336216712,False
13.56045351473923,0.5206,Thunderstruck.wav,0.2670303285121918,0.962912192027217,0.16116553271148626,0.06529315183923269,0.7567829397733541,3261.68,8.001067032180536,135.99917763157896,False,False,False,False,False,A,MID,0.24183575719405875,False
13.653333333333334,0.5962,Thunderstruck.wav,0.1276201456785202,0.4597999237826846,0.1187424909430113,0.039956694909677,0.7571159390207247,3265.69,3.5250521164152353,135.99917763157896,False,False,False,False,False,A,MID,0.24284656515056793,False
13.746213151927437,0.5716,Thunderstruck.wav,0.0945785641670227,0.3764528446332151,0.08465911659323319,0.03158664313911034,0.7585893866290079,3283.49,3.448015970478395,135.99917763157896,False,False,False,False,False,A,MID,0.2413710546329568,False
13.839092970521541,0.5578,Thunderstruck.wav,0.09154315292835236,0.2890515033733022,0.06738745533131364,0.02980207133656762,0.7653660532113088,3366.61,3.113337123252077,135.99917763157896,False,False,False,False,False,A,MID,0.2397106918402563,False
13.931972789115646,0.5202,Thunderstruck.wav,0.09344391524791718,0.3408524313679052,0.051333568484710664,0.023931643086288732,0.7441604710324333,3113.29,2.4109218634716765,135.99917763157896,False,False,False,False,False,A,MID,0.23829618720479398,False
14.02485260770975,0.5449,Thunderstruck.wav,0.06811989843845367,0.2730961413202988,0.04516287467740663,0.03316035032425329,0.8619688340484711,4807.9,2.380514960795681,135.99917763157896,False,False,False,False,False,A,MID,0.23445467454943464,False
14.117732426303855,0.5247,Thunderstruck.wav,0.054072506725788116,0.1492280440789186,0.03820845516350985,0.020211584331467646,0.7874519770333063,3652.37,3.3667264925230427,135.99917763157896,False,False,False,False,False,A,MID,0.22888924309055494,False
14.210612244897959,3.5638,Thunderstruck.wav,0.052989427000284195,0.15351014784091246,0.04420346328211059,0.018002660254576197,0.7363035942224823,3024.35,3.7799815726316366,135.99917763157896,False,False,False,False,False,A,MID,0.2234231203369103,False
14.303492063492063,0.5384,Thunderstruck.wav,0.0735035240650177,0.1733828558868132,0.06936999839655131,0.025970245091689183,0.7048020596198942,2692.56,3.5845817501818638,135.99917763157896,False,False,False,False,False,A,MID,0.2209294752180006,False
14.396371882086168,0.6002,Thunderstruck.wav,0.2043033242225647,0.3610346376960186,0.08198122108046137,0.03701389679395518,0.7304792117961959,2960.07,10.581886688243438,135.99917763157896,True,True,False,True,False,A,MID,1.0,False
14.489251700680272,0.5451,Thunderstruck.wav,0.1447022706270218,0.861681840914929,0.10728411059562985,0.05209812900821382,0.7694941079832499,3418.26,3.3969591743662475,135.99917763157896,False,False,False,False,False,A,MID,0.65,False
14.582131519274377,0.591,Thunderstruck.wav,0.0778445154428482,0.20116426103727447,0.095848482614023,0.028185920331978975,0.7255688848324943,2906.93,2.5898341312265702,135.99917763157896,False,False,False,False,False,A,MID,0.42250000000000004,False
14.675011337868481,0.549,Thunderstruck.wav,0.0722782090306282,0.158697594903625,0.08156682071302837,0.024929630971447844,0.7249197486140865,2899.98,3.781496659104561,135.99917763157896,False,False,False,False,False,A,MID,0.27462500000000006,False
14.767891156462586,0.5371,Thunderstruck.wav,0.06267095357179642,0.15023937334001938,0.0728739713364781,0.01936155991520232,0.6943004449356103,2590.25,2.959030009625672,135.99917763157896,False,False,False,False,False,A,LOW,0.0,False
14.86077097505669,0.5276,Thunderstruck.wav,0.07308845221996307,0.12914385734179634,0.07088112625270876,0.024170648465366425,0.747713756689139,3154.37,4.0870676348468375,135.99917763157896,False,False,False,False,False,A,LOW,0.0,False
14.953650793650795,0.5467,Thunderstruck.wav,0.07941336929798126,0.11059496580778234,0.08729938350166071,0.034878157981460316,0.7947935748163895,3752.64,2.6795670896735815,135.99917763157896,False,False,False,False,False,A,LOW,0.0,False
15.046530612244897,0.5271,Thunderstruck.wav,0.0673573911190033,0.08243092942992354,0.09060082189427791,0.024692759617125228,0.7043963608161161,2688.53,3.5602478897096352,135.99917763157896,False,False,False,False,False,A,LOW,0.0,False
15.139410430839002,0.5383,Thunderstruck.wav,0.07789891958236694,0.0628934531081073,0.08166550331086866,0.030619153773651816,0.7252651991184054,2903.68,2.677285070196163,135.99917763157896,False,False,False,False,False,A,LOW,0.0,False
15.232290249433106,0.5189,Thunderstruck.wav,0.06666211038827896,0.07648098992153116,0.0763780597138301,0.02916011488572323,0.7023958282801511,2668.76,3.8495689303971465,135.99917763157896,False,False,False,False,False,A,LOW,0.0,False
15.32517006802721,0.5394,Thunderstruck.wav,0.23026160895824432,0.7232146720923243,0.10992354784220826,0.0576297836340587,0.7553133493586576,3244.05,8.307865877010459,135.99917763157896,False,False,False,False,False,A,MID,0.2177406516675269,False
15.418049886621315,0.5402,Thunderstruck.wav,0.09970621764659882,0.5868994842448658,0.09671933893856431,0.034652748031486276,0.7550596202650499,3241.01,2.741983661121667,135.99917763157896,False,False,False,False,False,A,MID,0.21794101022052187,False
15.51092970521542,0.5421,Thunderstruck.wav,0.07223938405513763,0.13389827283442626,0.08624109740375886,0.024921847630896395,0.7271495025063088,2923.93,2.537194247081785,135.99917763157896,False,False,False,False,False,A,MID,0.21558419158127926,False
15.603809523809524,0.5372,Thunderstruck.wav,0.07055097073316574,0.1366378204262164,0.07781902477428554,0.026810670893303724,0.7291305645611119,2945.38,3.206514806944786,135.99917763157896,False,False,False,False,False,A,LOW,0.0,False
15.696689342403628,0.5926,Thunderstruck.wav,0.06490181386470795,0.1219657913078915,0.07274831429892649,0.02437152400646208,0.6978684771428034,2624.56,2.7375131751758452,135.99917763157896,False,False,False,False,False,A,LOW,0.0,False
15.789569160997733,0.6743,Thunderstruck.wav,0.08079883456230164,0.08916710711853429,0.07741009442262307,0.03139618188765908,0.805344262138118,3901.57,3.3751243541359397,135.99917763157896,False,False,False,False,False,A,LOW,0.0,False
15.882448979591837,0.5954,Thunderstruck.wav,0.07849733531475067,0.06476403419479239,0.10513648249058526,0.029771512214671808,0.7564524571391116,3257.71,2.773954101246796,135.99917763157896,False,False,False,False,False,A,LOW,0.0,False
15.975328798185942,0.5833,Thunderstruck.wav,0.06970944255590439,0.06943611689363602,0.08954744911061226,0.02561484991172261,0.7185552217188838,2832.69,3.7123377787660865,135.99917763157896,False,False,False,False,False,A,LOW,0.0,False
16.068208616780044,0.5508,Thunderstruck.wav,0.07014477998018265,0.05843556680214296,0.0810345869678497,0.029915565909278054,0.7270274627264264,2922.61,2.984967964651349,135.99917763157896,False,False,False,False,False,A,LOW,0.0,False
16.16108843537415,0.568,Thunderstruck.wav,0.07284200936555862,0.04000279284492926,0.08260575161469154,0.0285944651779642,0.722159300536454,2870.6,3.464593597278612,135.99917763157896,False,False,False,False,False,A,LOW,0.0,False
16.253968253968253,3.9183,Thunderstruck.wav,0.22981461882591248,0.8024680047302123,0.11644556238694853,0.05860377605272391,0.7793714496238411,3545.11,8.793578896803291,135.99917763157896,False,True,False,False,False,A,LOW,0.0,False
16.34684807256236,0.5734,Thunderstruck.wav,0.08021444082260132,0.4122571365968413,0.08755598191251066,0.029683260576863168,0.7418559580099634,3086.94,3.281048944439043,135.99917763157896,False,False,False,False,False,A,LOW,0.0,False
16.439727891156462,0.5756,Thunderstruck.wav,0.06847181171178818,0.13533486675897619,0.07586942841984037,0.026084242022922404,0.7330111776697861,2987.84,2.5379621346556456,135.99917763157896,False,False,False,False,False,A,LOW,0.0,False
16.532607709750568,0.5582,Thunderstruck.wav,0.05648187920451164,0.14042529623982936,0.060183281859718836,0.025090286361174344,0.722508151996557,2874.3,2.7252388636996345,135.99917763157896,False,False,False,False,False,A,LOW,0.0,False
16.62548752834467,3.9846,Thunderstruck.wav,0.09849266707897186,0.11235622109256571,0.050671701379388014,0.018083640006365056,0.7919875860886074,3714.0,3.8706002435072073,135.99917763157896,False,False,False,False,False,A,LOW,0.0,False
16.718367346938777,0.722,Thunderstruck.wav,0.2654820680618286,0.8404050082547696,0.19652919822873505,0.05957256135211236,0.75827443176603,3279.68,10.834131955574655,135.99917763157896,False,False,False,False,False,A,LOW,0.0,False
16.81124716553288,0.6444,Thunderstruck.wav,0.17217208445072174,0.8201590388461864,0.11315525776659563,0.035722569240347064,0.7116426263185581,2761.37,2.6348074442207126,135.99917763157896,False,False,False,False,False,A,LOW,0.0,False
16.904126984126986,0.598,Thunderstruck.wav,0.1211179718375206,0.4340294594401478,0.08603917538780494,0.02848484344152983,0.7345539826139448,3004.9,4.098301390386373,135.99917763157896,False,False,False,False,False,A,LOW,0.0,False
16.99700680272109,0.5883,Thunderstruck.wav,0.10822466015815735,0.46243879164051915,0.05486563775322209,0.025042213228293524,0.7007105451239856,2652.22,2.18389618010296,135.99917763157896,False,False,False,False,False,A,LOW,0.0,False
17.08988662131519,0.5824,Thunderstruck.wav,0.2584431767463684,0.6153758163841555,0.08197508274825213,0.040872206034963506,0.7178234117342117,2825.05,10.01211337519511,135.99917763157896,False,False,False,False,False,A,MID,0.22899124873911944,False
17.182766439909297,0.5943,Thunderstruck.wav,0.2002488374710083,1.0296989956812772,0.1771112632115627,0.06387802797223424,0.7257448151610297,2908.82,3.058131131023325,135.99917763157896,False,False,False,False,False,A,MID,0.23456113778318624,False
17.2756462585034,0.5791,Thunderstruck.wav,0.11300995200872421,0.4578043843742547,0.12279551769389409,0.034766174530362404,0.7410955466003379,3078.29,3.1972332912981045,135.99917763157896,False,False,False,False,False,A,MID,0.23459063675941297,False
17.368526077097506,0.5788,Thunderstruck.wav,0.14475497603416443,0.48138544994828325,0.09148660599790938,0.029296225659673082,0.7452063245279615,3125.33,3.4133259944361196,135.99917763157896,False,False,False,False,False,A,MID,0.2368130121050358,False
17.46140589569161,0.6282,Thunderstruck.wav,0.1288849264383316,0.5784403774370184,0.07006100335928561,0.02514537428140437,0.7184237881138388,2831.31,3.2601065104231806,135.99917763157896,False,False,False,False,False,A,MID,0.23788329794317406,False
17.554285714285715,0.6287,Thunderstruck.wav,0.12001306563615799,0.3745558162212167,0.05346032539885881,0.025223164615483972,0.7686483345386308,3407.62,5.735306125260419,135.99917763157896,False,False,False,False,False,A,LOW,0.0,False
17.647165532879818,0.5822,Thunderstruck.wav,0.14291179180145264,0.5941017828699021,0.05628809338492185,0.03338796242579232,0.7686945922674685,3408.2,4.806620493247453,135.99917763157896,False,False,False,False,False,A,LOW,0.0,False
17.740045351473924,0.5688,Thunderstruck.wav,0.09248799830675125,0.5217741372391991,0.03952570115697986,0.019361228137460693,0.6899632903396604,2549.13,3.141688216064847,135.99917763157896,False,False,False,False,False,A,LOW,0.0,False
17.832925170068027,0.5871,Thunderstruck.wav,0.1281806379556656,0.375138075167227,0.05927103751664811,0.02398616859278375,0.7019340978606667,2664.22,6.090499185478752,135.99917763157896,False,False,False,False,False,A,LOW,0.0,False
17.925804988662133,0.5685,Thunderstruck.wav,0.09986302256584167,0.4656025770347087,0.07376383276427835,0.02555789532651716,0.6726881352848634,2391.76,2.6219480980336254,135.99917763157896,False,False,False,False,False,A,LOW,0.0,False
18.018684807256236,0.5868,Thunderstruck.wav,0.24416829645633698,0.778746672093329,0.10287058736549969,0.05758676839572678,0.7521955848736346,3206.95,9.12049916786521,135.99917763157896,False,True,False,False,False,A,LOW,0.0,False
18.11156462585034,0.5643,Thunderstruck.wav,0.12400124967098236,0.6763562953922277,0.10157420676080595,0.034731244394033585,0.7306795009185854,2962.25,2.439525180805674,135.99917763157896,False,False,False,False,False,A,LOW,0.0,False
18.204444444444444,0.5728,Thunderstruck.wav,0.09777452051639557,0.3229317655042089,0.08955563201954528,0.030104984568175,0.7024179920334848,2668.98,3.266821590581086,135.99917763157896,False,False,False,False,False,A,LOW,0.0,False
18.297324263038547,3.8977,Thunderstruck.wav,0.116954006254673,0.431338322110086,0.08736495633271346,0.025715376223406645,0.6652556659780713,2327.07,4.775346422635302,135.99917763157896,False,False,False,False,False,A,LOW,0.0,False
18.390204081632653,0.7618,Thunderstruck.wav,0.0702635869383812,0.3051820222672418,0.06678405440082147,0.019847685625930974,0.6645527309572684,2321.04,3.0538955968865316,135.99917763157896,False,False,False,False,False,A,LOW,0.0,False
18.483083900226756,0.6104,Thunderstruck.wav,0.14781887829303741,0.44176429852316945,0.07782759400696816,0.029271754121231446,0.7770140364713924,3514.42,4.963224811538983,135.99917763157896,False,False,False,False,False,A,LOW,0.0,False
18.575963718820862,0.5755,Thunderstruck.wav,0.11902539432048798,0.5223013245349373,0.09705680125215317,0.029767828977892322,0.7005295892272114,2650.45,3.4635846212188617,135.99917763157896,False,False,False,False,False,A,LOW,0.0,False
18.668843537414965,0.5977,Thunderstruck.wav,0.10599937289953232,0.22954780922727522,0.09238339034628787,0.023173059770302814,0.6776954470395316,2436.34,5.633641460443287,135.99917763157896,False,False,False,False,False,A,LOW,0.0,False
18.76172335600907,0.5706,Thunderstruck.wav,0.10490347445011139,0.4271363024454749,0.09443915000463193,0.02732862965841338,0.6683658279454648,2353.92,3.319691864806017,135.99917763157896,False,False,False,False,False,A,LOW,0.0,False
18.854603174603174,0.5885,Thunderstruck.wav,0.0986059308052063,0.2355896667074443,0.08156564729977493,0.028308398572885144,0.678029393379757,2439.35,3.200914133165098,135.99917763157896,False,False,False,False,False,A,LOW,0.0,False
18.94748299319728,0.5601,Thunderstruck.wav,0.22844037413597107,0.7803884273125197,0.12996568308697343,0.06042189811057531,0.7638047464660488,3347.27,9.943439603597984,135.99917763157896,False,True,False,False,False,A,LOW,0.0,False
19.040362811791383,0.589,Thunderstruck.wav,0.09975509345531464,0.5049555613064179,0.1009354269471727,0.029557669239777488,0.7050142111163323,2694.67,3.345251013753262,135.99917763157896,False,False,False,False,False,A,LOW,0.0,False
19.13324263038549,0.5609,Thunderstruck.wav,0.1258838027715683,0.31573037875995186,0.09376136345983112,0.027146354137788698,0.7070213244982685,2714.69,4.658236444803396,135.99917763157896,False,False,False,False,False,A,LOW,0.0,False
19.22612244897959,0.5997,Thunderstruck.wav,0.12225319445133209,0.5354850818125487,0.08227196204292797,0.0263301038413051,0.6694872912765115,2363.68,3.079048563232886,135.99917763157896,False,False,False,False,False,A,LOW,0.0,False
19.319002267573698,0.5598,Thunderstruck.wav,0.08351730555295944,0.2972087431628722,0.08861341356955012,0.02176624084608959,0.6789090593226728,2447.28,3.2298201816763035,135.99917763157896,False,False,False,False,False,A,LOW,0.0,False
19.4118820861678,0.781,Thunderstruck.wav,0.1854427605867386,0.5930813552383308,0.11112539538843098,0.036744715708767126,0.7758442349855926,3499.28,5.900594012536332,135.99917763157896,False,False,False,False,False,A,LOW,0.0,False
19.504761904761907,0.5742,Thunderstruck.wav,0.1203019842505455,0.5409850218860868,0.1067339101793259,0.02905324220678011,0.6838868931341056,2492.63,2.460333121044966,135.99917763157896,False,False,False,False,False,A,LOW,0.0,False
19.59764172335601,0.5896,Thunderstruck.wav,0.12834510207176208,0.323681788272668,0.10345193060773586,0.03184529056353888,0.6849091930298827,2502.05,5.462653763112211,135.99917763157896,False,False,False,False,False,A,LOW,0.0,False
19.690521541950112,0.5605,Thunderstruck.wav,0.12279818952083588,0.4684321079869874,0.10069659465537549,0.03189484888785213,0.6768960919785648,2429.17,3.776911230779198,135.99917763157896,False,False,False,False,False,A,LOW,0.0,False
19.783401360544218,0.5797,Thunderstruck.wav,0.20685115456581116,0.38117685757582576,0.12063534408487489,0.04216589913679318,0.7093080670071783,2737.69,9.29552431959513,135.99917763157896,False,True,False,False,False,A,LOW,0.0,False
19.87628117913832,0.861,Thunderstruck.wav,0.21836145222187042,1.0497199865555795,0.12909921631041457,0.05854073377254327,0.7511432465669978,3194.53,4.222094774687897,135.99917763157896,False,False,False,False,False,A,LOW,0.0,False
19.969160997732427,0.5885,Thunderstruck.wav,0.09249243140220642,0.44444779048561944,0.09047923872572483,0.029673427247533146,0.7022713459000365,2667.54,3.0086988129631025,135.99917763157896,False,False,False,False,False,A,LOW,0.0,False
20.06204081632653,0.5518,Thunderstruck.wav,0.13369226455688477,0.4479469942865963,0.08523661832306872,0.02702326847270879,0.6825738517128004,2480.59,5.530873480756139,135.99917763157896,False,False,False,False,False,A,LOW,0.0,False
20.154920634920636,0.5401,Thunderstruck.wav,0.09954444319009781,0.4373316177648893,0.058317307018177146,0.023312266058426467,0.68110058234376,2467.14,3.52623573453529,135.99917763157896,False,False,False,False,False,A,LOW,0.0,False
20.24780045351474,0.6139,Thunderstruck.wav,0.2148725539445877,0.33183287284402946,0.09717724230097932,0.03070951244212526,0.8115328813799639,3991.67,8.843949460290442,135.99917763157896,False,False,False,False,False,A,LOW,0.0,False
20.340680272108845,4.0017,Thunderstruck.wav,0.19147607684135437,0.8769900989721156,0.20034503288671673,0.05875915715582291,0.7360698334234554,3021.75,5.183188285803296,129.19921875,False,False,False,False,False,A,LOW,0.0,False
20.433560090702947,0.8052,Thunderstruck.wav,0.16035377979278564,0.6001453208383362,0.12428114279854469,0.035134006247568295,0.7177824934377136,2824.62,3.1873047300910216,129.19921875,False,False,False,False,False,A,LOW,0.0,False
20.526439909297054,0.594,Thunderstruck.wav,0.16906285285949707,0.6777453038245437,0.08719535693256197,0.028011244564645627,0.7049356775819479,2693.89,3.0653697459774785,129.19921875,False,False,False,False,False,A,LOW,0.0,False
20.619319727891156,0.5498,Thunderstruck.wav,0.1462710052728653,0.6492221135358465,0.05743165182572746,0.02253945180771739,0.6760145648573491,2421.28,3.554483714968627,129.19921875,False,False,False,False,False,A,LOW,0.0,False
20.712199546485262,0.554,Thunderstruck.wav,0.2787957191467285,0.8326874371276395,0.14742252250579224,0.05982717708139328,0.7257910235939213,2909.32,8.517855523387384,129.19921875,False,False,False,False,False,A,LOW,0.0,False
20.805079365079365,0.548,Thunderstruck.wav,0.15082378685474396,0.8192449351255061,0.1445010481761791,0.045822076841867135,0.736670496740444,3028.45,1.9348625242911157,129.19921875,False,False,False,False,False,A,LOW,0.0,False
20.897959183673468,0.553,Thunderstruck.wav,0.1336340606212616,0.4995406034895656,0.10682905551769448,0.0320512405596149,0.7394287603816813,3059.42,3.2007497593913827,129.19921875,False,False,False,False,False,A,LOW,0.0,False
20.990839002267574,0.543,Thunderstruck.wav,0.15636694431304932,0.6073117562485405,0.08376964872165699,0.03031719884825126,0.7227911831734125,2877.3,4.320318209820166,129.19921875,False,False,False,False,False,A,LOW,0.0,False
21.083718820861677,0.5502,Thunderstruck.wav,0.0907367542386055,0.41975666255710076,0.06223903914529789,0.02566230872312386,0.7073672807066589,2718.16,3.416486752050166,129.19921875,False,False,False,False,False,A,LOW,0.0,False
21.176598639455783,0.5382,Thunderstruck.wav,0.18814049661159515,0.6220336683155056,0.0649761552504387,0.030570168584005474,0.7638515056838896,3347.85,4.977537909345629,129.19921875,False,False,False,False,False,A,LOW,0.0,False
21.269478458049885,0.5545,Thunderstruck.wav,0.10632309317588806,0.663050357579321,0.04351544870755148,0.028146624319706277,0.7560165448097488,3252.47,2.292712705937896,129.19921875,False,False,False,False,False,A,LOW,0.0,False
21.36235827664399,0.5373,Thunderstruck.wav,0.0897330492734909,0.24033705114236895,0.04737962490304235,0.017191397816818426,0.7053883507423381,2698.39,4.9115800416342665,129.19921875,False,False,False,False,False,A,LOW,0.0,False
21.455238095238094,0.724,Thunderstruck.wav,0.13520190119743347,0.5190260219450404,0.07334124299967155,0.02494634509411948,0.6725508758682985,2390.54,4.817503041186982,129.19921875,False,False,False,False,False,A,LOW,0.0,False
21.5481179138322,0.5827,Thunderstruck.wav,0.08480587601661682,0.3890421524496621,0.08146943233156295,0.026275030656624898,0.6782557790271941,2441.39,2.5560053605144053,129.19921875,False,False,False,False,False,A,LOW,0.0,False
21.640997732426303,0.7778,Thunderstruck.wav,0.2731105387210846,1.012119581496632,0.1059196369490059,0.05432871222491191,0.7521214145602519,3206.07,6.796025067587202,129.19921875,False,False,False,False,False,A,LOW,0.0,False
21.73387755102041,0.6095,Thunderstruck.wav,0.1322942078113556,0.6326824649460865,0.09882693963228774,0.03268272175867012,0.6949467523566051,2596.43,2.795566929297431,129.19921875,False,False,False,False,False,A,LOW,0.0,False
21.826757369614512,0.576,Thunderstruck.wav,0.12295079231262207,0.299522816324325,0.09668455524492399,0.025172677043277754,0.6901416834628349,2550.81,4.392547932155617,129.19921875,False,False,False,False,False,A,LOW,0.0,False
21.91963718820862,0.5719,Thunderstruck.wav,0.13674476742744446,0.616910284889768,0.08208571661220178,0.02440970418207703,0.6434109848527877,2146.91,2.955562910012476,129.19921875,False,False,False,False,False,A,LOW,0.0,False
22.01251700680272,0.5695,Thunderstruck.wav,0.07617786526679993,0.3493571535184112,0.07659296622228953,0.02023765597373913,0.6673676518938352,2345.27,2.549930437929722,129.19921875,False,False,False,False,False,A,LOW,0.0,False
22.105396825396827,0.5759,Thunderstruck.wav,0.1770673394203186,0.5550746180150309,0.10724868489531471,0.034788888222702576,0.7683460550305949,3403.82,5.399188456227535,129.19921875,False,False,False,False,False,A,LOW,0.0,False
22.19827664399093,0.5662,Thunderstruck.wav,0.131524920463562,0.538367707740069,0.11523687744253157,0.032129932753291464,0.6910034495981104,2558.93,3.315062694351337,129.19921875,False,False,False,False,False,A,LOW,0.0,False
22.291156462585032,0.567,Thunderstruck.wav,0.13316264748573303,0.381191701983815,0.09972723907583629,0.027556755322733068,0.6640737151593217,2316.95,6.1721097371377915,129.19921875,False,False,False,False,False,A,LOW,0.0,False
22.38403628117914,3.7463,Thunderstruck.wav,0.12235561013221741,0.5209463865120989,0.08914355120189568,0.03064855195880683,0.6565566949659317,2253.58,2.2528940681798253,129.19921875,False,False,False,False,False,A,LOW,0.0,False
22.47691609977324,0.835,Thunderstruck.wav,0.1948723942041397,0.34417647870848916,0.09577771079556695,0.03480381340379985,0.7023874682122696,2668.68,9.832686283679752,129.19921875,True,True,True,True,False,A,LOW,0.0,False
22.569795918367348,0.5868,Thunderstruck.wav,0.2120804339647293,1.0167708305213983,0.13344585765347672,0.05613166112764385,0.7479735335900916,3157.39,5.641149134270658,129.19921875,False,False,False,False,False,A,LOW,0.0,False
22.66267573696145,0.5786,Thunderstruck.wav,0.109087735414505,0.47193130386870247,0.1069191190988161,0.030505365585768458,0.7014285136535912,2659.26,2.170039505553178,129.19921875,False,False,False,False,False,A,LOW,0.0,False
22.755555555555556,0.589,Thunderstruck.wav,0.1399461328983307,0.42058564796082315,0.09394906335386087,0.03093903682695003,0.6853843307074937,2506.44,5.2048330264813965,129.19921875,False,False,False,False,False,A,LOW,0.0,False
22.84843537414966,0.5715,Thunderstruck.wav,0.11622462421655655,0.49184546591992023,0.0872884779139017,0.027704137755397377,0.6676927429972079,2348.09,3.8795089912403933,129.19921875,False,False,False,False,False,A,LOW,0.0,False
22.941315192743765,0.5645,Thunderstruck.wav,0.12911035120487213,0.24037288216301145,0.09110432556599793,0.022859768084284946,0.6749089100942364,2411.43,4.91401269000433,129.19921875,False,False,False,False,False,A,LOW,0.0,False
23.034195011337868,0.5659,Thunderstruck.wav,0.17326056957244873,0.6926751140524432,0.12306722481255822,0.038770943857806675,0.7461445705226774,3136.16,4.084960134544973,129.19921875,False,False,False,False,False,A,LOW,0.0,False
23.127074829931974,0.5666,Thunderstruck.wav,0.1212197095155716,0.5157240753123289,0.11110621627153175,0.02977831848471728,0.6777892463543871,2437.19,2.7366037601737774,129.19921875,False,False,False,False,False,A,LOW,0.0,False
23.219954648526077,0.5689,Thunderstruck.wav,0.14783719182014465,0.44177934791117723,0.10413234491982908,0.03351089721971559,0.6802577793786706,2459.48,5.645922034149047,129.19921875,False,False,False,False,False,A,LOW,0.0,False
23.312834467120183,0.5606,Thunderstruck.wav,0.1235327199101448,0.48141448348950283,0.09656084733234964,0.03383568362093661,0.6874158801770561,2525.29,2.6818602094222554,129.19921875,False,False,False,False,False,A,LOW,0.0,False
23.405714285714286,0.566,Thunderstruck.wav,0.22561800479888916,0.47265617990608205,0.1265927920318266,0.04855474832622044,0.7270326444679646,2922.67,8.403786257059686,129.19921875,True,True,True,False,False,A,LOW,0.0,False
23.49859410430839,0.7401,Thunderstruck.wav,0.19765503704547882,0.988190821887637,0.13609627636707328,0.05741341405102519,0.7396811345163153,3062.27,3.1120100814331257,129.19921875,False,False,False,False,False,A,LOW,0.0,False
23.591473922902495,0.5946,Thunderstruck.wav,0.1069658100605011,0.4430779546560565,0.10206280749865908,0.02921611232040776,0.6953346805385876,2600.15,2.8119305782337674,129.19921875,False,False,False,False,False,A,LOW,0.0,False
23.684353741496597,0.6836,Thunderstruck.wav,0.15844610333442688,0.535236518192335,0.0927644198943108,0.030291855160860737,0.6787519102091987,2445.86,4.65375423185317,129.19921875,False,False,False,False,False,A,LOW,0.0,False
23.777233560090703,0.6878,Thunderstruck.wav,0.10167090594768524,0.5089693193055477,0.06607378897024252,0.021392211030032787,0.6917991578495646,2566.46,2.791020399585975,129.19921875,False,False,False,False,False,A,LOW,0.0,False
23.870113378684806,0.5853,Thunderstruck.wav,0.25316929817199707,0.4644280078803496,0.1430185017094932,0.0480817271614677,0.8295984042167718,4266.74,10.611399701138112,129.19921875,False,True,False,False,False,A,LOW,0.0,False
23.962993197278912,0.5649,Thunderstruck.wav,0.2083238661289215,0.9638250742994527,0.2061694473602419,0.05426408574662556,0.7260678736010266,2912.29,1.7281286366995763,129.19921875,False,False,False,False,False,A,MID,0.26974345321300786,False
24.055873015873015,0.5645,Thunderstruck.wav,0.1645762324333191,0.7071968622578003,0.13501522857824322,0.03642511420915994,0.7289466098356617,2943.38,3.4716374959346696,129.19921875,False,False,False,False,False,A,MID,0.2707734882016551,False
24.14875283446712,0.5885,Thunderstruck.wav,0.17417295277118683,0.6216415992801964,0.08850747195093422,0.02848552276949408,0.7115459081230799,2760.38,4.354075557825032,129.19921875,False,False,False,False,False,A,MID,0.2722135129295426,False
24.241632653061224,0.5614,Thunderstruck.wav,0.1610037386417389,0.7004788572490563,0.06793875946121058,0.021575182758721133,0.6731509694775276,2395.84,2.6277239076668844,129.19921875,False,False,False,False,False,A,MID,0.2727949961010525,False
24.33451247165533,0.631,Thunderstruck.wav,0.3011312186717987,1.0346587548472703,0.17355744685483424,0.06742444429230175,0.7428197513263789,3097.93,6.933227677241848,129.19921875,True,True,False,True,False,A,MID,1.0,False
24.427392290249433,4.1373,Thunderstruck.wav,0.1645764261484146,0.7558157920327144,0.16358184500122874,0.0464098551672029,0.7073876971961724,2718.36,1.7841481509487203,129.19921875,False,False,False,False,False,A,MID,0.65,False
24.52027210884354,1.0373,Thunderstruck.wav,0.15480731427669525,0.41551815634332895,0.11257362935009689,0.03696649558537053,0.726568887079903,2917.68,4.42266953546814,129.19921875,False,False,False,False,False,A,MID,0.42250000000000004,False
24.61315192743764,0.6961,Thunderstruck.wav,0.18006369471549988,0.7174321079332014,0.09484541117589824,0.03062127494325532,0.7045676745023789,2690.23,2.4906683777240732,129.19921875,False,False,False,False,False,A,MID,0.27901008053057186,False
24.706031746031748,0.6396,Thunderstruck.wav,0.11059273034334183,0.6101562864815119,0.07038842952371276,0.022402377447815227,0.6782610026697921,2441.43,2.427551811552819,129.19921875,False,False,False,False,False,A,MID,0.27513317612180194,False
24.79891156462585,0.6215,Thunderstruck.wav,0.16315174102783203,0.5789943028444297,0.06933612254839572,0.028851784952385766,0.7645591043662077,3356.6,6.397474665506529,129.19921875,False,False,False,False,False,A,MID,0.2750905540055113,False
24.891791383219953,0.5905,Thunderstruck.wav,0.12224078923463821,0.5629716439155037,0.04077590098839344,0.02574355108969907,0.7467013105860846,3142.61,4.3362631402069125,129.19921875,False,False,False,False,False,A,MID,0.2723430818644509,False
24.98467120181406,0.5967,Thunderstruck.wav,0.12963517010211945,0.40732108959721786,0.05555133459997547,0.014595276463884796,0.6597619224990169,2280.38,7.0192177374225135,129.19921875,False,False,False,False,False,A,MID,0.27027925799795033,False
25.077551020408162,0.5711,Thunderstruck.wav,0.13942748308181763,0.6662432292015609,0.09030835642530931,0.028157303270603,0.6661373473987251,2334.65,4.3595837181136,129.19921875,False,False,False,False,False,A,MID,0.2689975623756753,False
25.170430839002268,0.5943,Thunderstruck.wav,0.09427714347839355,0.3543780394196534,0.08369850004670458,0.024995833033564407,0.67497071468666,2411.98,2.6413497597826514,129.19921875,False,False,False,False,False,A,MID,0.2641051496141964,False
25.26331065759637,0.6075,Thunderstruck.wav,0.2701944410800934,0.9698110165666262,0.1223017036622837,0.057764082659138835,0.7621530504555074,3326.94,7.034751272666123,129.19921875,True,True,True,True,False,A,MID,1.0,True
25.356190476190477,0.5974,Thunderstruck.wav,0.11751192808151245,0.5782008568228765,0.11255487100514852,0.03494648594647737,0.6969830589421108,2616.01,3.152544240601349,129.19921875,False,False,False,False,False,A,MID,0.65,False
25.44907029478458,0.5687,Thunderstruck.wav,0.1338600069284439,0.3146209896090981,0.09960073825804808,0.030503994680226985,0.6933897770445808,2581.56,5.244072356365789,129.19921875,False,False,False,False,False,A,MID,0.42250000000000004,False
25.541950113378686,0.81,Thunderstruck.wav,0.1308586150407791,0.604112491480194,0.08362469573262908,0.027169430641516917,0.6531663823030024,2225.57,2.963773393567157,129.19921875,False,False,False,False,False,A,MID,0.27462500000000006,False
25.63482993197279,0.6381,Thunderstruck.wav,0.08342346549034119,0.3058011859700634,0.0743376966401596,0.02161498922639374,0.6719620272316874,2385.36,2.444170559657342,129.19921875,False,False,False,False,False,A,MID,0.2578933196497182,False
25.727709750566895,0.6049,Thunderstruck.wav,0.20071819424629211,0.6683233328817368,0.11660090976584483,0.03620483734454804,0.7576470361578311,3272.1,7.372305904529024,129.19921875,False,False,False,False,False,A,MID,0.26072854454146427,False
25.820589569160997,0.5663,Thunderstruck.wav,0.14830754697322845,0.6236471983743074,0.12086459156656665,0.029982164396801327,0.6549608856606035,2240.35,2.8909779514609912,129.19921875,False,False,False,False,False,A,MID,0.26050316249502803,False
25.913469387755104,0.5941,Thunderstruck.wav,0.13813404738903046,0.40099040970475863,0.10786285342617528,0.02866447488235644,0.658950574185409,2273.57,3.9431691517198626,129.19921875,False,False,False,False,False,A,MID,0.25962319659556254,False
26.006349206349206,0.565,Thunderstruck.wav,0.13653051853179932,0.5628293412076237,0.10405945096497349,0.03289863481414975,0.6425130934015134,2139.81,2.302679561441327,129.19921875,False,False,False,False,False,A,MID,0.25867822702482635,False
26.09922902494331,0.6336,Thunderstruck.wav,0.20118865370750427,0.3924496775877592,0.10902545059935456,0.036985500763947896,0.6976197180117438,2622.16,7.475983433775665,129.19921875,True,True,False,True,False,A,MID,1.0,False
26.192108843537415,0.5744,Thunderstruck.wav,0.22957387566566467,1.079768498779671,0.13599574698453695,0.05562980915997656,0.7277629230514046,2930.55,4.525779971700213,129.19921875,False,False,False,False,False,A,MID,0.65,False
26.284988662131518,0.5917,Thunderstruck.wav,0.13197512924671173,0.570219572301814,0.1042607820617082,0.03167547384594546,0.6881980244371797,2532.59,2.595280857567806,129.19921875,False,False,False,False,False,A,MID,0.42250000000000004,False
26.377868480725624,0.5633,Thunderstruck.wav,0.14458096027374268,0.42099015858908173,0.11555534831079418,0.034418923370439045,0.6825013226973177,2479.92,4.465998517311078,129.19921875,False,False,False,False,False,A,MID,0.27462500000000006,False
26.470748299319727,4.3221,Thunderstruck.wav,0.138419046998024,0.5314263227851923,0.10517439895600587,0.0311690393686516,0.6500561812927299,2200.18,2.974025412120151,129.19921875,False,False,False,False,False,A,MID,0.2616503924491164,False
26.563628117913833,0.8,Thunderstruck.wav,0.15041309595108032,0.3440176491120816,0.102937707446393,0.030160784604054282,0.7052873390693783,2697.38,6.269127205480652,129.19921875,False,False,False,False,False,A,MID,0.26093257185147806,False
26.656507936507936,0.5718,Thunderstruck.wav,0.19852355122566223,0.7726085800497068,0.1463742695618662,0.04409967913018178,0.72427474137349,2893.09,4.587808174574385,129.19921875,False,False,False,False,False,A,MID,0.2631967226436438,False
26.749387755102042,0.5479,Thunderstruck.wav,0.1286376565694809,0.5218920271613411,0.13319675549682747,0.04013999198970036,0.6685337561795022,2355.38,2.9881260161915346,129.19921875,False,False,False,False,False,A,MID,0.2607422477038159,False
26.842267573696144,0.6012,Thunderstruck.wav,0.18403849005699158,0.543918003233193,0.13320548968870405,0.0409332651787642,0.6686532877812446,2356.42,6.607060822839384,129.19921875,False,False,False,False,False,A,MID,0.2622042219263733,False
26.93514739229025,0.5725,Thunderstruck.wav,0.14889377355575562,0.5094794103722716,0.14394041990274276,0.0414438062519872,0.672515709220738,2390.23,2.744311729438273,129.19921875,False,False,False,False,False,A,MID,0.2613516142932786,False
27.028027210884353,0.6686,Thunderstruck.wav,0.2416822761297226,0.6156814444039466,0.16493460818657524,0.05868003336992097,0.7212843882933283,2861.35,8.284009635718444,129.19921875,True,True,True,True,False,A,MID,1.0,True
27.12090702947846,0.5427,Thunderstruck.wav,0.20227454602718353,0.9384943229683721,0.15799619929121575,0.04814643396648236,0.708261463115718,2727.14,2.3959910397375395,129.19921875,False,False,False,False,False,A,MID,0.65,False
27.213786848072562,0.5564,Thunderstruck.wav,0.11892205476760864,0.466068838511582,0.10839836136450787,0.03193799942873494,0.6848961410665271,2501.93,2.511330600140053,129.19921875,False,False,False,False,False,A,MID,0.42250000000000004,False
27.30666666666667,0.5376,Thunderstruck.wav,0.15840700268745422,0.5785535921174041,0.09254936288991636,0.03010037188472608,0.6743354991297432,2406.33,4.094374772508555,129.19921875,False,False,False,False,False,A,MID,0.27462500000000006,False
27.39954648526077,0.5482,Thunderstruck.wav,0.10575363039970398,0.4917578279766364,0.063790108951201,0.023292671652948675,0.7218502691774052,2867.33,2.685405269940447,129.19921875,False,False,False,False,False,A,MID,0.25945502423404615,False
27.492426303854874,0.5368,Thunderstruck.wav,0.23697735369205475,0.5046417861486538,0.14658084956494352,0.05979189739236133,0.8345157464063403,4344.84,9.659645694308196,129.19921875,False,False,False,False,False,A,MID,0.26373116069225855,False
27.58530612244898,0.7925,Thunderstruck.wav,0.2021547257900238,0.7986752099308027,0.20228629994674122,0.05343864250470705,0.7362294614381996,3023.53,2.1917210683781874,129.19921875,False,False,False,False,False,A,MID,0.2660509117534091,False
27.678185941043083,0.584,Thunderstruck.wav,0.16629762947559357,0.6510000323651373,0.14322840868091874,0.03993116181200138,0.7411916806233323,3079.38,3.011939217741619,129.19921875,False,False,False,False,False,A,MID,0.26617219584867785,False
27.77106575963719,0.5745,Thunderstruck.wav,0.1581561118364334,0.6156090657298764,0.0974790302088397,0.029495066516189893,0.7094129112601558,2738.75,4.37081058645548,129.19921875,False,False,False,False,False,A,MID,0.26575761329355224,False
27.86394557823129,0.5357,Thunderstruck.wav,0.15885378420352936,0.6467931928520778,0.070529569567319,0.021437032736008124,0.6812286590266718,2468.31,2.679595078535608,129.19921875,False,False,False,False,False,A,MID,0.2654101823223807,False
27.956825396825398,0.5866,Thunderstruck.wav,0.2972892224788666,0.9559322545714168,0.17167367171611841,0.06802841512226378,0.747474784197338,3151.59,8.250190156293726,129.19921875,True,True,False,True,False,A,MID,1.0,False
28.0497052154195,0.5392,Thunderstruck.wav,0.17901188135147095,0.7827220592991818,0.16801115475763867,0.047279697359658715,0.7191568083238544,2838.98,2.495278640277465,129.19921875,False,False,False,False,False,A,MID,0.65,False
28.142585034013607,0.552,Thunderstruck.wav,0.13708540797233582,0.5711496304639558,0.11308062116153919,0.035118717805813666,0.7233048251920698,2882.75,3.894392748421362,129.19921875,False,False,False,False,False,A,MID,0.42250000000000004,False
28.23546485260771,0.5321,Thunderstruck.wav,0.11939346045255661,0.4726414567713743,0.09226749116142405,0.03365050418879429,0.7275413245879501,2928.16,3.9312147843107943,129.19921875,False,False,False,False,False,A,MID,0.27462500000000006,False
28.328344671201815,0.5498,Thunderstruck.wav,0.09405152499675751,0.32799353289943045,0.06461052744035925,0.02440862180776181,0.72565833170441,2907.89,2.944602008677523,129.19921875,False,False,False,False,False,A,MID,0.25971676630375357,False
28.421224489795918,0.538,Thunderstruck.wav,0.20027965307235718,0.7368008470137906,0.07434536442487641,0.030777622127589596,0.7648772400187325,3360.54,7.7940360746876465,129.19921875,False,False,False,False,False,A,MID,0.26199302971759286,False
28.514104308390024,3.9622,Thunderstruck.wav,0.11784674227237701,0.6692605371730677,0.03520826725400277,0.024449552062897763,0.7379168392002753,3042.41,3.4074198893029077,135.99917763157896,False,False,False,False,False,A,MID,0.25818678921022264,False
28.606984126984127,0.7823,Thunderstruck.wav,0.13311448693275452,0.36877866857491676,0.057823488012673147,0.01416060851142905,0.6854196751884484,2506.76,6.588039988745995,135.99917763157896,False,False,False,False,False,A,MID,0.25598776785172533,False
28.69986394557823,0.5636,Thunderstruck.wav,0.17042696475982666,0.6920812300451286,0.10231638471290223,0.03371058444610891,0.6539444734748682,2231.97,3.323525387526185,135.99917763157896,False,False,False,False,False,A,MID,0.2566561523923006,False
28.792743764172336,0.5393,Thunderstruck.wav,0.14439283311367035,0.4521577014154938,0.09232057596620227,0.028254815339685577,0.6743097340663929,2406.11,2.357969069284788,135.99917763157896,False,False,False,False,False,A,MID,0.2554506407082424,False
28.88562358276644,0.5703,Thunderstruck.wav,0.2490766942501068,0.9074238826725148,0.16940543720906306,0.05970842550980431,0.7552959261745673,3243.84,7.732488477488961,135.99917763157896,True,True,False,True,False,A,MID,1.0,False
28.978503401360545,0.5313,Thunderstruck.wav,0.14483793079853058,0.6260036361569563,0.13605773925367762,0.036578466158521804,0.6796616702102166,2454.08,2.862499354924765,135.99917763157896,False,False,False,False,False,A,MID,0.65,False
29.071383219954647,0.5347,Thunderstruck.wav,0.1606873720884323,0.47961338565645156,0.1192096498704134,0.030739250063134514,0.6737442207545928,2401.09,5.065796251810165,135.99917763157896,False,False,False,False,False,A,MID,0.42250000000000004,False
29.164263038548754,0.5853,Thunderstruck.wav,0.1367170214653015,0.5963555283332269,0.09341245461864575,0.024473402289307992,0.6536513490042838,2229.56,2.2195181202558976,135.99917763157896,False,False,False,False,False,A,MID,0.27462500000000006,False
29.257142857142856,0.567,Thunderstruck.wav,0.13565398752689362,0.39546319012008935,0.09085075611378615,0.019152095633822183,0.6664674144293075,2337.5,4.824468043745734,135.99917763157896,False,False,False,False,False,A,MID,0.2550688329510425,False
29.350022675736962,0.5367,Thunderstruck.wav,0.20046308636665344,0.7408391445981238,0.15705265330125423,0.043401594904784846,0.743615638024244,3107.04,6.127710877583658,135.99917763157896,False,False,False,False,False,A,MID,0.25758774286619673,False
29.442902494331065,0.5492,Thunderstruck.wav,0.13531772792339325,0.5283436573053455,0.1429286055546946,0.03464260383685895,0.6621309084140798,2300.4,2.6989993302192676,135.99917763157896,False,False,False,False,False,A,MID,0.2556051109542363,False
29.53578231292517,0.5315,Thunderstruck.wav,0.16422876715660095,0.49621062635478974,0.12183182343418193,0.03265276319233716,0.6595069735021731,2278.24,5.869547442165663,135.99917763157896,False,False,False,False,False,A,MID,0.25588256384270497,False
29.628662131519274,0.7451,Thunderstruck.wav,0.13475395739078522,0.5432209543528863,0.11401940288632294,0.032739125975016777,0.6474969831943631,2179.51,2.351553858726429,135.99917763157896,False,False,False,False,False,A,MID,0.25393785071541636,False
29.72154195011338,0.6465,Thunderstruck.wav,0.19816966354846954,0.3201505773005542,0.13099285875252173,0.0388137739929519,0.6954573113174473,2601.32,9.479437156285707,135.99917763157896,True,True,True,True,False,A,MID,1.0,True
29.814421768707483,0.5828,Thunderstruck.wav,0.20936228334903717,0.9479323180239595,0.1588361383739582,0.05646979140142817,0.7353452056813881,3013.68,4.001842920149828,135.99917763157896,False,False,False,False,False,A,MID,0.65,False
29.90730158730159,0.5333,Thunderstruck.wav,0.11265090107917786,0.4132251423282755,0.13010645657620903,0.0336115962542627,0.6922864564117386,2571.07,2.446702299792221,135.99917763157896,False,False,False,False,False,A,MID,0.42250000000000004,False
30.00018140589569,0.5583,Thunderstruck.wav,0.15982399880886078,0.4929853946981482,0.13156473875435717,0.03032708690786811,0.666069067878316,2334.06,6.389195765831651,135.99917763157896,False,False,False,False,False,A,MID,0.27462500000000006,False
30.093061224489794,0.5427,Thunderstruck.wav,0.12587568163871765,0.4740094501078144,0.11427024235274015,0.02663453274353347,0.653173160093444,2225.63,2.8570760201001044,135.99917763157896,False,False,False,False,False,A,MID,0.25242090595554767,False
30.1859410430839,0.5463,Thunderstruck.wav,0.17241334915161133,0.39556518965833765,0.11403755124110761,0.02641560662250821,0.6763789632903977,2424.54,5.450600469229109,135.99917763157896,False,False,False,False,False,A,MID,0.2533959205685895,False
30.278820861678003,0.527,Thunderstruck.wav,0.17621725797653198,0.7180128500083874,0.1517182774302448,0.04312997372103116,0.7333207419156145,2991.26,1.727122218553948,135.99917763157896,False,False,False,False,False,A,MID,0.25456388191469337,False
30.37170068027211,0.545,Thunderstruck.wav,0.13378287851810455,0.4741784650807826,0.13850652034047056,0.035838024261141355,0.6753345972074449,2415.22,2.7948951197191256,135.99917763157896,False,False,False,False,False,A,MID,0.2526029744060603,False
30.464580498866212,0.5333,Thunderstruck.wav,0.1781819760799408,0.5667790356447151,0.1409977754435412,0.039338990979720406,0.6715300041178883,2381.56,4.835785675877733,135.99917763157896,False,False,False,False,False,A,MID,0.25393345795947975,False
30.55746031746032,3.5065,Thunderstruck.wav,0.14300502836704254,0.4918551084153893,0.13323845528799608,0.04248671299723607,0.687394367338759,2525.09,3.044752249605834,135.99917763157896,False,False,False,False,False,A,LOW,0.0,False
30.65034013605442,0.783,Thunderstruck.wav,0.2463759332895279,0.6375907553455343,0.17098887356040962,0.06498390929236056,0.7495138815221285,3175.38,5.825721631418029,135.99917763157896,False,False,False,False,False,A,MID,0.2577365919258615,False
30.743219954648527,0.5608,Thunderstruck.wav,0.1751089245080948,0.768013645227137,0.1654967591729389,0.04665367293770512,0.7262493252794695,2914.24,3.0172605008589333,135.99917763157896,False,False,False,False,False,A,MID,0.2586176224346503,False
30.83609977324263,0.5392,Thunderstruck.wav,0.14786359667778015,0.38227705796966543,0.1324550618596406,0.03326145471335653,0.68460578053109,2499.25,3.373521556536116,135.99917763157896,False,False,False,False,False,A,MID,0.25757930712492444,False
30.928979591836736,0.5517,Thunderstruck.wav,0.15385550260543823,0.680853470935288,0.11078065730243469,0.025312234420226655,0.6539334317462324,2231.88,5.003277948018621,135.99917763157896,False,False,False,False,False,A,LOW,0.0,False
31.02185941043084,0.5347,Thunderstruck.wav,0.11256036907434464,0.496694089495044,0.06581220217674195,0.0195148336493449,0.7165367332267998,2811.67,3.068295008263131,135.99917763157896,False,False,False,False,False,A,LOW,0.0,False
31.114739229024945,0.548,Thunderstruck.wav,0.33016306161880493,0.662582671699843,0.3116877139682415,0.07296765304090604,0.7701183331806561,3426.15,7.622466342824108,135.99917763157896,False,False,False,False,False,A,MID,0.2602747184933076,False
31.207619047619048,0.5285,Thunderstruck.wav,0.21340911090373993,0.7822126033954618,0.2485782592187997,0.05835251102506864,0.7196514952326153,2844.17,2.8484899747495662,135.99917763157896,False,False,False,False,False,A,MID,0.2623793471553281,False
31.30049886621315,0.5547,Thunderstruck.wav,0.19467641413211823,0.6493331684858525,0.17053506762642437,0.05026375046117417,0.7175948920311007,2822.67,3.106534966247937,135.99917763157896,False,False,False,False,False,A,MID,0.26340307231106874,False
31.393378684807256,0.5473,Thunderstruck.wav,0.202323779463768,0.7973639823288676,0.13300961761064095,0.04167976079160759,0.7133078661952297,2778.38,3.15276470837095,135.99917763157896,False,False,False,False,False,A,MID,0.26478340889810714,False
31.48625850340136,0.5471,Thunderstruck.wav,0.17726443707942963,0.6928725933101318,0.09123636400488229,0.036149367030536395,0.7293498643764079,2947.76,3.972334748719683,135.99917763157896,False,False,False,False,False,A,MID,0.26470132011592706,False
31.579138321995465,0.5711,Thunderstruck.wav,0.3319578170776367,1.1277319940477564,0.23490679992336388,0.08577914959542125,0.7351345402356354,3011.34,6.31663115436893,135.99917763157896,True,True,True,False,False,A,MID,1.0,True
31.672018140589568,0.7955,Thunderstruck.wav,0.19474202394485474,0.6196896118111616,0.20158937628967868,0.05483962657927996,0.7138089997447504,2783.52,2.0133577381731045,135.99917763157896,False,False,False,False,True,B,MID,0.65,False
31.764897959183674,0.664,Thunderstruck.wav,0.19409681856632233,0.6187058316101121,0.16293353918230055,0.04213665831739809,0.7307283020230013,2962.79,3.5469004218000837,135.99917763157896,False,False,False,False,False,B,MID,0.42250000000000004,False
31.857777777777777,0.78,Thunderstruck.wav,0.17321094870567322,0.7604613071137664,0.1256872847429279,0.032415915278899594,0.7115412827402798,2760.34,2.9978277901437123,135.99917763157896,False,False,False,False,False,B,MID,0.27462500000000006,False
31.950657596371883,0.6225,Thunderstruck.wav,0.13657799363136292,0.575788811989937,0.0835567033815267,0.031257584708993716,0.6921506265907796,2569.79,2.620405494329569,135.99917763157896,False,False,False,False,False,B,MID,0.2680461454842272,False
32.04353741496599,0.6543,Thunderstruck.wav,0.2142074704170227,0.7817036649267459,0.10453602670833836,0.03759473418268439,0.7674306987886063,3392.35,6.094097491814918,135.99917763157896,False,False,False,False,False,B,MID,0.2695816943364992,False
32.13641723356009,0.6055,Thunderstruck.wav,0.15696899592876434,0.7812779475727538,0.06422845634800325,0.02836049008908981,0.6946089634673696,2593.2,3.396543985523402,135.99917763157896,False,False,False,False,False,B,MID,0.26760141330783194,False
32.229297052154195,0.6314,Thunderstruck.wav,0.1698523759841919,0.4643872073491768,0.10076081623303795,0.025108742592624373,0.6622069924090116,2301.05,6.2047056438215895,135.99917763157896,False,False,False,False,False,B,MID,0.26659555451227496,False
32.3221768707483,0.6059,Thunderstruck.wav,0.18131759762763977,0.8559130212473735,0.11964554420761027,0.019288541360510166,0.5402403085638289,1467.33,2.0396450512641024,135.99917763157896,False,False,False,False,False,B,MID,0.26636083326784143,False
32.41505668934241,0.6763,Thunderstruck.wav,0.2301575094461441,0.5866738656200923,0.09951634272130913,0.04000767008086906,0.6703469962462528,2371.19,8.386669867048113,135.99917763157896,True,True,False,True,False,B,MID,1.0,False
32.507936507936506,0.6019,Thunderstruck.wav,0.23842978477478027,1.1767061504219578,0.1006588418001112,0.053770501936453004,0.7521882187228783,3206.86,2.7931270711071865,135.99917763157896,False,False,False,False,False,B,MID,0.65,False
32.60081632653061,4.0435,Thunderstruck.wav,0.14345140755176544,0.6997974350710927,0.07154951570938275,0.02484665638742103,0.6747778011452616,2410.26,3.514041533574679,135.99917763157896,False,False,False,False,False,B,MID,0.42250000000000004,False
32.69369614512472,0.8585,Thunderstruck.wav,0.17109696567058563,0.6029056469068725,0.080633142619974,0.02045341007561718,0.64709031432295,2176.24,6.631626031167198,135.99917763157896,False,False,False,False,False,B,MID,0.27462500000000006,False
32.78657596371882,0.6206,Thunderstruck.wav,0.14177130162715912,0.6185210057580848,0.09802764416142268,0.017247373266452565,0.5782139139589628,1687.96,2.936039145543113,135.99917763157896,False,False,False,False,False,B,MID,0.2644060683302389,False
32.879455782312924,0.5821,Thunderstruck.wav,0.17868627607822418,0.502681353933377,0.1025800006470029,0.029844840372079746,0.6653403385843438,2327.8,8.054190431242796,135.99917763157896,False,True,False,False,False,B,MID,0.2641196386475943,False
32.97233560090703,0.5929,Thunderstruck.wav,0.17448793351650238,0.8415902189993135,0.08153296103811354,0.032357168421355484,0.7684002022076307,3404.5,2.691044702257985,135.99917763157896,False,False,False,False,False,B,MID,0.2635852476953061,False
33.065215419501136,0.5699,Thunderstruck.wav,0.13231684267520905,0.5878610082938065,0.0924304061152429,0.030930065401690902,0.6632373502057207,2309.81,3.2874295020294646,135.99917763157896,False,False,False,False,False,B,MID,0.2599572066669628,False
33.158095238095235,0.6013,Thunderstruck.wav,0.19057463109493256,0.6730854720545285,0.12240386806225433,0.02749460360978353,0.6315755608613449,2055.19,5.969706949840004,135.99917763157896,False,False,False,False,False,B,MID,0.2606034134880553,False
33.25097505668934,0.5672,Thunderstruck.wav,0.13935253024101257,0.6212137207005092,0.10638586750234155,0.020808121827230845,0.5735103938938105,1658.93,4.471606058746587,135.99917763157896,False,False,False,False,False,B,MID,0.2577263434889027,False
33.34385487528345,0.6273,Thunderstruck.wav,0.2822774350643158,0.8317076613856788,0.1290944976834513,0.05615263348495318,0.7190700906081685,2838.07,8.50205109281918,135.99917763157896,True,True,False,True,False,B,MID,1.0,False
33.436734693877554,0.5708,Thunderstruck.wav,0.16928866505622864,0.9998861763902874,0.08451982960201074,0.030316976161062555,0.7068237742488678,2712.71,3.1662453584497348,135.99917763157896,False,False,False,False,False,B,MID,0.65,False
33.52961451247165,0.5963,Thunderstruck.wav,0.12329582870006561,0.5434520902471559,0.05638762285940847,0.024746463631700168,0.6848721486428048,2501.71,3.3198549867368006,135.99917763157896,False,False,False,False,False,B,MID,0.42250000000000004,False
33.62249433106576,0.5858,Thunderstruck.wav,0.177913099527359,0.6697133410978084,0.1117407563868006,0.020906228666055505,0.6190607160657122,1962.47,7.696723698840765,135.99917763157896,False,False,False,False,False,B,MID,0.27462500000000006,False
33.715374149659866,0.7783,Thunderstruck.wav,0.12718163430690765,0.5756627015696982,0.08728137612898115,0.024530888545543073,0.5891119117636423,1757.21,4.3695172090312004,135.99917763157896,False,False,False,False,False,B,MID,0.2539012529612929,False
33.80825396825397,0.6742,Thunderstruck.wav,0.2017599195241928,0.6838152675602763,0.10165890039606772,0.02821151875281617,0.7094784857981733,2739.41,6.679065553379056,135.99917763157896,False,True,False,False,False,B,MID,0.2554801543780964,False
33.90113378684807,0.6232,Thunderstruck.wav,0.16267763078212738,0.778352890265239,0.05307491732275623,0.02719608428464304,0.7487709087624619,3166.69,5.417741029255931,135.99917763157896,False,False,False,False,False,B,MID,0.254602390206264,False
33.99401360544218,0.6145,Thunderstruck.wav,0.15842188894748688,0.4924759970244904,0.08061890826728586,0.02566217242255326,0.6478085387909697,2182.02,8.254822632772255,135.99917763157896,True,True,True,False,False,B,MID,1.0,True
34.08689342403628,0.5537,Thunderstruck.wav,0.1870822310447693,0.8405274663570335,0.11111772535766934,0.02080511482678938,0.5707735330231439,1642.27,4.145184974464002,135.99917763157896,False,False,False,False,False,B,MID,0.65,False
34.17977324263038,0.5376,Thunderstruck.wav,0.12069927155971527,0.6135462380807698,0.09119565028265025,0.021385505756355668,0.5322301419719203,1424.61,2.1015780281793917,135.99917763157896,False,False,False,False,False,B,MID,0.42250000000000004,False
34.27265306122449,0.6379,Thunderstruck.wav,0.2898779809474945,1.0251332387190188,0.11486588380715963,0.05366780542285738,0.7497684266531298,3178.37,9.30000331050764,135.99917763157896,True,True,False,True,False,B,MID,1.0,False
34.365532879818595,0.7268,Thunderstruck.wav,0.1655273586511612,0.8751715583974878,0.07539287033957505,0.02726262051306016,0.6909943225450016,2558.85,2.512265785403569,135.99917763157896,False,False,False,False,False,B,MID,0.65,False
34.4584126984127,0.5707,Thunderstruck.wav,0.1527235358953476,0.4966502897915969,0.065093935119461,0.01994406270514814,0.679185509921822,2449.77,5.854350173128118,135.99917763157896,False,False,False,False,False,B,MID,0.42250000000000004,False
34.5512925170068,0.5732,Thunderstruck.wav,0.16852878034114838,0.7422823468465577,0.09826675263340062,0.030132038089155818,0.6217704917769424,1982.18,2.080532321465831,135.99917763157896,False,False,False,False,False,B,MID,0.27462500000000006,False
34.644172335600906,3.8975,Thunderstruck.wav,0.16081257164478302,0.5471507290176625,0.08923496975847922,0.025893183330511212,0.7550259190357391,3240.61,4.06929940082885,135.99917763157896,False,False,False,False,False,B,MID,0.2523029904799738,False
34.73705215419501,0.949,Thunderstruck.wav,0.31060588359832764,0.9517089086225727,0.24354496166146822,0.07970295355732987,0.7741659973927119,3477.69,11.066889210403406,135.99917763157896,False,False,False,False,False,B,MID,0.2588876717782098,False
34.82993197278912,0.6396,Thunderstruck.wav,0.1856222003698349,0.7324707721627206,0.180123249012314,0.051940226106366595,0.7089353950295416,2733.93,1.9717185935519383,135.99917763157896,False,False,False,False,False,B,MID,0.2592970096091702,False
34.92281179138322,0.5912,Thunderstruck.wav,0.21180284023284912,0.7103685017612493,0.14916879243445313,0.04129683053762571,0.7043856318072277,2688.43,4.688342085100922,135.99917763157896,False,False,False,False,False,B,MID,0.2611445416661114,False
35.015691609977324,0.5832,Thunderstruck.wav,0.1772974282503128,0.8003349192492769,0.13523740863627054,0.02926502716320871,0.6645409080017434,2320.94,2.4085254678224994,135.99917763157896,False,False,False,False,False,B,MID,0.2609351338073691,False
35.10857142857143,0.6175,Thunderstruck.wav,0.2484503984451294,0.7197260735008026,0.09554065255751727,0.041375336673780676,0.6967119588813987,2613.39,5.1224335628307704,135.99917763157896,True,True,False,True,False,B,MID,1.0,False
35.20145124716553,0.5846,Thunderstruck.wav,0.27359291911125183,1.0429632570990963,0.24603173399884512,0.0771935257691331,0.7259947183162464,2911.5,6.62607646965248,135.99917763157896,False,False,False,False,False,B,MID,0.65,False
35.294331065759636,0.5773,Thunderstruck.wav,0.17533522844314575,0.7384648688793045,0.1647281727936157,0.04757364040643042,0.7024517803732753,2669.32,2.1871539990086943,135.99917763157896,False,False,False,False,False,B,MID,0.42250000000000004,False
35.38721088435374,0.5765,Thunderstruck.wav,0.21965765953063965,0.6784418937474845,0.1424289140377683,0.03820830122635862,0.7022196497651223,2667.03,4.4252198896809345,135.99917763157896,False,False,False,False,False,B,MID,0.27462500000000006,False
35.48009070294785,0.5735,Thunderstruck.wav,0.16823776066303253,0.808486191198457,0.11293622257790609,0.02671031206208123,0.6652267189302508,2326.82,2.711351559273997,135.99917763157896,False,False,False,False,False,B,MID,0.26882310064112036,False
35.57297052154195,0.577,Thunderstruck.wav,0.17304196953773499,0.47685764509695744,0.09365772403035416,0.02495649392483434,0.6769994108872466,2430.1,6.399824818576687,135.99917763157896,False,False,False,False,False,B,MID,0.2674985066007989,False
35.66585034013605,0.589,Thunderstruck.wav,0.19874316453933716,0.9397062068084587,0.08832041823280432,0.035220555163736345,0.7625482343082486,3331.79,3.158917538373114,135.99917763157896,False,False,False,False,False,B,MID,0.26789527327920626,False
35.75873015873016,0.822,Thunderstruck.wav,0.09496179223060608,0.5304395524097589,0.059589611434260246,0.022799491054872455,0.690998891913628,2558.89,3.4216373992550917,135.99917763157896,False,False,False,False,False,B,MID,0.25609376683989293,False
35.851609977324266,0.6419,Thunderstruck.wav,0.1564280241727829,0.53728836679766,0.09107991670763431,0.028180884788297594,0.6333815464529057,2068.93,6.521685832865195,135.99917763157896,False,False,False,False,False,B,MID,0.2541724666318307,False
35.944489795918365,0.5696,Thunderstruck.wav,0.15616557002067566,0.597094232331947,0.1000359022668193,0.023030481750905548,0.5887930437066357,1755.14,2.5679719648608237,135.99917763157896,False,False,False,False,False,B,MID,0.25232639261785494,False
36.03736961451247,0.5984,Thunderstruck.wav,0.23544907569885254,0.7318603225089617,0.12267977698742753,0.039165906501905545,0.6589299103631615,2273.4,10.637406437103719,135.99917763157896,True,True,False,True,False,B,MID,1.0,False
36.13024943310658,0.5972,Thunderstruck.wav,0.21117232739925385,1.0185770019081621,0.08191066622526576,0.043516546091673214,0.7404961949867112,3071.49,1.8070127124594138,135.99917763157896,False,False,False,False,False,B,MID,0.65,False
36.22312925170068,0.5657,Thunderstruck.wav,0.12356675416231155,0.6204534431590187,0.05292385019553919,0.02336131767160266,0.6816934419338471,2472.54,3.6653467630722125,135.99917763157896,False,False,False,False,False,B,HIGH,0.42250000000000004,False
36.31600907029478,0.5682,Thunderstruck.wav,0.18626588582992554,0.7029997927022534,0.10208593684524069,0.01879657846944355,0.6273087352740052,2023.09,6.663171033674852,135.99917763157896,False,False,False,False,False,B,HIGH,0.27462500000000006,False
36.40888888888889,0.5641,Thunderstruck.wav,0.15176427364349365,0.6508161400098575,0.10140709145857867,0.014998557579313296,0.5637214603812857,1600.09,3.846826255387749,135.99917763157896,False,False,False,False,False,B,HIGH,0.2503755141679516,False
36.501768707482995,0.5859,Thunderstruck.wav,0.1920449286699295,0.55792780926,0.11636949603195115,0.02578202857129244,0.6555725684574724,2245.41,11.953903157697553,135.99917763157896,False,True,False,False,False,B,HIGH,0.2512206919862766,False
36.594648526077094,0.5639,Thunderstruck.wav,0.17439734935760498,0.8574686939569075,0.0872893538296296,0.033388332221183065,0.7483202000104604,3161.43,4.694052895706388,135.99917763157896,False,False,False,False,False,B,HIGH,0.25087028247319326,False
36.6875283446712,4.0842,Thunderstruck.wav,0.1414772868156433,0.5260992785826257,0.08533992431096263,0.030654408704237832,0.6649944492022558,2324.83,4.08460388611789,135.99917763157896,False,False,False,False,False,B,HIGH,0.2479355908700206,False
36.78040816326531,0.8599,Thunderstruck.wav,0.20762541890144348,0.7888039456391237,0.1296408097755711,0.025515346057457065,0.5883517205437926,1752.29,7.425116049481015,135.99917763157896,False,False,False,False,False,B,HIGH,0.24982982352865638,False
36.87328798185941,0.5538,Thunderstruck.wav,0.14142033457756042,0.6814020287819261,0.10521013559577948,0.020325261251680403,0.5067167790317936,1296.64,3.816292870627276,135.99917763157896,False,False,False,False,False,B,HIGH,0.24694190817224157,False
36.96616780045351,0.5907,Thunderstruck.wav,0.26728591322898865,0.9436466538384576,0.12915590025360532,0.059758091897031074,0.7394529004674532,3059.69,10.609017890171378,135.99917763157896,True,True,False,True,False,B,HIGH,1.0,False
37.05904761904762,0.5398,Thunderstruck.wav,0.16972550749778748,0.788263083257451,0.08404335413499539,0.038889620254310885,0.7194078488457011,2841.61,2.6750737326672422,135.99917763157896,False,False,False,False,False,B,HIGH,0.65,False
37.151927437641724,0.5542,Thunderstruck.wav,0.11077176034450531,0.4433688601633752,0.06266119548965428,0.020553364589335914,0.6787858064210621,2446.16,3.8414148965616732,135.99917763157896,False,False,False,False,False,B,HIGH,0.42250000000000004,False
37.24480725623583,0.535,Thunderstruck.wav,0.14826692640781403,0.6210061895124158,0.08290572308480466,0.022151505384429143,0.6325844657387846,2062.85,4.05919250275868,135.99917763157896,False,False,False,False,False,B,HIGH,0.27462500000000006,False
37.33768707482993,0.5482,Thunderstruck.wav,0.12340143322944641,0.49711740078810185,0.0852881227219152,0.02940361360433609,0.6200216682976197,1969.44,5.362911721338266,135.99917763157896,False,False,False,False,False,B,MID,0.23819494677364686,False
37.430566893424036,0.5327,Thunderstruck.wav,0.21119318902492523,0.710262579592521,0.1189930434114299,0.033336892911814964,0.7527102279254226,3213.05,6.327256771818732,135.99917763157896,False,False,False,False,False,B,MID,0.24077855148164842,False
37.52344671201814,0.5646,Thunderstruck.wav,0.1523578017950058,0.7477662111476991,0.05787382687899125,0.025470582043277876,0.6914614305162399,2563.26,4.218787527080186,135.99917763157896,False,False,False,False,False,B,MID,0.2392942621119263,False
37.61632653061225,0.5388,Thunderstruck.wav,0.14935097098350525,0.46150303675597865,0.07319028799076958,0.02422916740975834,0.6507289068996001,2205.65,8.000724466283316,135.99917763157896,False,False,False,False,False,B,MID,0.23763320361263005,False
37.70920634920635,0.5623,Thunderstruck.wav,0.16712155938148499,0.7570594280668618,0.09612388556261904,0.02347073047850185,0.550005352862541,1521.15,2.3959783676231035,135.99917763157896,False,False,False,False,False,B,MID,0.23744652967830468,False
37.802086167800454,0.7928,Thunderstruck.wav,0.1958218216896057,0.5580313048623031,0.08566572374750875,0.02277814107459428,0.617771370933392,1953.16,5.624204248536312,135.99917763157896,True,True,False,True,False,B,MID,1.0,False
37.89496598639456,0.6296,Thunderstruck.wav,0.2211606204509735,1.0059443872724023,0.12022520414434752,0.059727257993153045,0.7598476229173888,3298.77,8.7067800845692,135.99917763157896,False,False,False,False,False,B,MID,0.65,False
37.98784580498866,0.5443,Thunderstruck.wav,0.12307213991880417,0.6164209968377853,0.06824628854932728,0.02262939946136629,0.7070733368789949,2715.21,2.2689041846156757,135.99917763157896,False,False,False,False,False,B,MID,0.42250000000000004,False
38.080725623582765,0.5538,Thunderstruck.wav,0.16759710013866425,0.5516900330699172,0.08830845727908228,0.02234740858756103,0.6636878472417433,2313.65,8.044029125538914,135.99917763157896,False,False,False,False,False,B,MID,0.27462500000000006,False
38.17360544217687,0.5381,Thunderstruck.wav,0.155157670378685,0.6783043362571869,0.10780437356419383,0.021457551689620453,0.6170994536107692,1948.32,2.7828891159719396,135.99917763157896,False,False,False,False,False,B,MID,0.2365634280399533,False
38.26648526077098,0.5484,Thunderstruck.wav,0.2523135244846344,0.45415752385228003,0.13626379160920318,0.035425596925345595,0.7779134050041832,3526.09,11.063916674530288,135.99917763157896,False,False,False,False,False,B,MID,0.24133801349452155,False
38.35936507936508,0.533,Thunderstruck.wav,0.2990109324455261,1.136828083045145,0.3178553659772241,0.0811619395237921,0.7202887098939734,2850.86,5.611440198021048,135.99917763157896,False,False,False,False,False,B,MID,0.24795562143965233,False
38.45224489795918,0.5468,Thunderstruck.wav,0.2113061100244522,0.6487976289299282,0.20002952427634238,0.05845385084478929,0.7241936045999839,2892.22,3.069688912511139,135.99917763157896,False,False,False,False,False,B,MID,0.25003146552762473,False
38.54512471655329,0.5303,Thunderstruck.wav,0.18940390646457672,0.690388661090177,0.15427127600751753,0.04463100141169171,0.6988078060776519,2633.67,4.3183982260373694,135.99917763157896,False,False,False,False,False,B,MID,0.2506944062811943,False
38.638004535147395,0.5519,Thunderstruck.wav,0.16936659812927246,0.5948206871711118,0.13602189026847816,0.033083710933421585,0.7140132421934351,2785.62,2.4881509488911404,135.99917763157896,False,False,False,False,False,B,MID,0.24997186340750988,False
38.730884353741494,3.8188,Thunderstruck.wav,0.3192201852798462,0.8318909716579941,0.18198008871714988,0.07422816676140585,0.7479691134221266,3157.34,5.531028079163971,135.99917763157896,False,False,False,False,False,B,MID,0.25697730127540763,False
38.8237641723356,0.756,Thunderstruck.wav,0.267036110162735,1.0949617731531327,0.25211868135930027,0.08134616422915451,0.7165414982309574,2811.72,2.049911616554707,135.99917763157896,False,False,False,False,False,B,MID,0.2614201011520744,False
38.91664399092971,0.5693,Thunderstruck.wav,0.18708451092243195,0.6932701444504972,0.2014358172163161,0.05173368525191599,0.7137242215064882,2782.65,2.7845838105423852,135.99917763157896,False,False,False,False,False,B,MID,0.26136565583488724,False
39.00952380952381,0.5402,Thunderstruck.wav,0.20251941680908203,0.6756050214084558,0.17578014123202876,0.042256329770941604,0.7230387921989851,2879.93,3.579323836075803,135.99917763157896,False,False,False,False,False,B,MID,0.2622634848377884,False
39.10240362811791,0.5666,Thunderstruck.wav,0.15745429694652557,0.6626841131381642,0.09979544088730471,0.031722626100294325,0.7102598539534565,2747.32,3.3155936737048135,135.99917763157896,False,False,False,False,False,B,MID,0.26006189116753564,False
39.19528344671202,0.5395,Thunderstruck.wav,0.18416650593280792,0.5783590221920817,0.10663391035335068,0.030704010296607055,0.7252407413078323,2903.42,4.480457257347306,135.99917763157896,False,False,False,False,False,B,MID,0.25988630038494415,False
39.288163265306125,0.5511,Thunderstruck.wav,0.17866124212741852,0.7811092283073227,0.06149229768999994,0.03390701087383107,0.7273564618798466,2926.16,2.3823022133607354,135.99917763157896,False,False,False,False,False,B,MID,0.25935339177912703,False
39.381043083900224,0.5347,Thunderstruck.wav,0.15430153906345367,0.7107964530725014,0.07680844713127294,0.0317307716688067,0.6535629200240866,2228.83,2.9386079423053935,135.99917763157896,False,False,False,False,False,B,MID,0.25704354419127695,False
39.47392290249433,0.5519,Thunderstruck.wav,0.19500967860221863,0.7803025422873685,0.10548321276995919,0.026889677576615246,0.6240895352267569,1999.21,7.330601738546817,135.99917763157896,False,False,False,False,False,B,MID,0.2577054834570546,False
39.566802721088436,0.5477,Thunderstruck.wav,0.14339856803417206,0.619338893880858,0.08523072668698495,0.017872644132939233,0.5797021983847868,1697.26,1.9304957675301075,135.99917763157896,False,False,False,False,False,B,MID,0.2545385244630784,False
39.65968253968254,0.6449,Thunderstruck.wav,0.285977303981781,1.0183401919676163,0.11905606175114875,0.06029583803302109,0.7585857836140106,3283.45,9.37389858130615,135.99917763157896,True,True,False,True,False,B,MID,1.0,False
39.75256235827664,0.5864,Thunderstruck.wav,0.17571865022182465,0.9022948989416513,0.07919042139483197,0.03592954427016046,0.7031093882267597,2675.8,1.9710881468468673,135.99917763157896,False,False,False,False,False,B,MID,0.65,False
39.84544217687075,0.7374,Thunderstruck.wav,0.14498409628868103,0.4762866108390066,0.05764376131608114,0.019338893494068678,0.6822905953251651,2478.0,7.2341448824465155,135.99917763157896,False,False,False,False,False,B,MID,0.42250000000000004,False
39.938321995464854,0.6416,Thunderstruck.wav,0.17331664264202118,0.8067442672579169,0.09242943217255943,0.023748646583177612,0.5928709879826606,1781.74,3.8688357527602646,135.99917763157896,False,False,False,False,False,B,MID,0.27462500000000006,False
40.03120181405896,0.6312,Thunderstruck.wav,0.11805708706378937,0.5280941132261581,0.09253199120819894,0.020587407899851702,0.5829735355474758,1717.86,2.173499097267955,135.99917763157896,False,False,False,False,False,B,MID,0.2495666767026217,False
40.12408163265306,0.5825,Thunderstruck.wav,0.22724463045597076,0.7878566491920762,0.11651443612770493,0.034912807339694235,0.7548789613980577,3238.85,10.178632338918236,135.99917763157896,False,True,False,False,False,B,MID,0.25243175728040695,False
40.216961451247165,0.5815,Thunderstruck.wav,0.1476893126964569,0.7184159717158288,0.08271730325833138,0.025560899387130947,0.6892626531083771,2542.55,3.1178282221570415,135.99917763157896,False,False,False,False,False,B,MID,0.24991075353638098,False
40.30984126984127,0.564,Thunderstruck.wav,0.1561632603406906,0.4591213507172121,0.09580275542470033,0.0241029764048638,0.6532093145339707,2225.92,6.794450694596125,135.99917763157896,False,False,False,False,False,B,MID,0.2482237478725388,False
40.40272108843537,0.5591,Thunderstruck.wav,0.1656760573387146,0.7634835388114491,0.09685785750673104,0.016187881665132017,0.5453615069924483,1495.31,2.6680882773725685,135.99917763157896,False,False,False,False,False,B,MID,0.247354724858619,False
40.49560090702948,0.6027,Thunderstruck.wav,0.15029077231884003,0.5014163180869939,0.06010889023910654,0.015062683419323437,0.5949021035983993,1795.14,6.519101566993226,135.99917763157896,True,True,False,True,False,B,MID,1.0,False
40.58848072562358,0.5667,Thunderstruck.wav,0.2395683079957962,0.9107789208460958,0.1309769680922463,0.06497753238432667,0.7665758273396791,3381.66,10.501826481111333,135.99917763157896,False,True,False,False,False,B,MID,0.65,False
40.68136054421769,0.5595,Thunderstruck.wav,0.12958590686321259,0.6986565239387735,0.07191875621402749,0.02723493461941137,0.7018164752257784,2663.07,2.161183144724176,135.99917763157896,False,False,False,False,False,B,MID,0.42250000000000004,False
40.77424036281179,4.8588,Thunderstruck.wav,0.17750591039657593,0.6159377625586538,0.08583885385382213,0.02292750057641713,0.6499988375337987,2199.72,4.942091425578315,135.99917763157896,False,False,False,False,False,B,MID,0.27462500000000006,False
40.867120181405895,0.851,Thunderstruck.wav,0.13637807965278625,0.6192040412274449,0.07968975072610533,0.02556423592515003,0.6148892687864836,1932.5,5.403579955621939,135.99917763157896,False,False,False,False,False,B,MID,0.2418500021430358,False
40.96,0.6076,Thunderstruck.wav,0.14240510761737823,0.415942070646126,0.08741453554552356,0.02459278467830041,0.6550948003657198,2241.46,6.266282739016819,135.99917763157896,False,True,False,False,False,B,MID,0.23938470175449716,False
41.05287981859411,0.5987,Thunderstruck.wav,0.2156464159488678,0.9240335395510553,0.09240352322914697,0.034777790726523414,0.7507485796315951,3189.88,7.050964757965607,135.99917763157896,False,False,False,False,False,B,MID,0.24213207283877863,False
41.145759637188206,0.5798,Thunderstruck.wav,0.14637598395347595,0.7160603902293434,0.0716246642734946,0.02456642818009266,0.6651262123085326,2325.96,4.832801090014703,135.99917763157896,False,False,False,False,False,B,MID,0.24001091010977985,False
41.23863945578231,0.5768,Thunderstruck.wav,0.1993333250284195,0.6703625465885943,0.09856414495537767,0.028118413846719037,0.6211392869640368,1977.57,8.465874264945374,135.99917763157896,False,False,False,False,False,B,MID,0.24178688505029622,False
41.33151927437642,0.5676,Thunderstruck.wav,0.15101373195648193,0.7036451367886666,0.10371794994867561,0.021158901035693418,0.5388256431737554,1459.69,2.9643554810483868,135.99917763157896,False,False,False,False,False,B,MID,0.24008277202465653,False
41.424399092970525,0.6067,Thunderstruck.wav,0.2576565742492676,0.6094222331087238,0.11162955351810026,0.044781823597544075,0.6847666997793038,2500.73,11.071610284296785,135.99917763157896,True,True,False,True,False,B,MID,1.0,False
41.517278911564624,0.5749,Thunderstruck.wav,0.23133264482021332,1.2411675197049068,0.10702622737387509,0.04394507157260055,0.7039272006229055,2683.88,2.774874118954341,135.99917763157896,False,False,False,False,False,B,MID,0.65,False
41.61015873015873,0.5691,Thunderstruck.wav,0.13485461473464966,0.671396476535048,0.05426943169506473,0.0220641511847686,0.6622231539740749,2301.18,2.7399570465116283,135.99917763157896,False,False,False,False,False,B,MID,0.42250000000000004,False
41.703038548752836,0.5761,Thunderstruck.wav,0.16552874445915222,0.6262386588564536,0.10873850370710357,0.02406459482799281,0.6400363454845528,2120.35,7.27390016727051,135.99917763157896,False,False,False,False,False,B,MID,0.27462500000000006,False
41.795918367346935,0.5651,Thunderstruck.wav,0.14332978427410126,0.6015960865467719,0.10019825800852625,0.01673090738027743,0.6173547080491288,1950.16,5.214099862197043,135.99917763157896,False,False,False,False,False,B,MID,0.2426055322018274,False
41.88879818594104,0.901,Thunderstruck.wav,0.2845590114593506,0.6364034418236703,0.18874717666012245,0.05800112755847596,0.76978968986559,3421.99,13.585687972918917,135.99917763157896,False,False,False,False,False,B,MID,0.2490057079728953,False
41.98167800453515,0.574,Thunderstruck.wav,0.20320124924182892,0.9931406911918758,0.17023804093463032,0.04414919129463004,0.7108137887144552,2752.94,2.83867711505547,135.99917763157896,False,False,False,False,False,B,MID,0.25091787443854996,False
42.074557823129254,0.656,Thunderstruck.wav,0.19706614315509796,0.8170339056444521,0.125229324297363,0.0351819303684486,0.6938147136746321,2585.61,3.0121809764808116,135.99917763157896,False,False,False,False,False,B,MID,0.2523585044930297,False
42.16743764172335,0.6873,Thunderstruck.wav,0.24553829431533813,0.9556767456664228,0.12928322085350707,0.02789804787235909,0.6409417896185508,2127.44,4.715338010523298,135.99917763157896,False,False,False,False,False,B,MID,0.2564283181240934,False
42.26031746031746,0.5582,Thunderstruck.wav,0.18070381879806519,0.8823157531300689,0.10264075575371741,0.019466785763024633,0.6100255421971835,1898.14,2.94119877494944,135.99917763157896,False,False,False,False,False,B,MID,0.25652600298834066,False
42.353197278911566,0.6103,Thunderstruck.wav,0.3337611258029938,1.0671524661315845,0.18148900699174703,0.07158320848405558,0.7247497674523065,2898.16,11.33538906673512,135.99917763157896,True,True,False,True,False,B,MID,1.0,False
42.44607709750567,0.546,Thunderstruck.wav,0.188715398311615,1.042679563540208,0.12892757573256794,0.042575282871493744,0.6872176833123192,2523.45,2.6981403501149375,135.99917763157896,False,False,False,False,False,B,MID,0.65,False
42.53895691609977,0.5682,Thunderstruck.wav,0.15533027052879333,0.38867034166119613,0.10356967592718538,0.028993007527340162,0.7002442192569669,2647.67,4.821737981878942,135.99917763157896,False,False,False,False,False,B,MID,0.42250000000000004,False
42.63183673469388,0.5417,Thunderstruck.wav,0.21388347446918488,0.868677038683679,0.11071947788487106,0.026745113276522913,0.652509943851074,2220.19,2.486066876528945,135.99917763157896,False,False,False,False,False,B,MID,0.27462500000000006,False
42.72471655328798,0.555,Thunderstruck.wav,0.19101709127426147,0.9307855651460999,0.07840699367136131,0.02793966939262412,0.6409289638716534,2127.34,3.4952089627746212,135.99917763157896,False,False,False,False,False,B,MID,0.26271701871454656,False
42.81759637188209,4.1538,Thunderstruck.wav,0.22126881778240204,0.7955154643961103,0.10233930593015972,0.03369107581344605,0.7512369819750511,3195.63,6.1100744533430955,135.99917763157896,False,False,False,False,False,B,MID,0.2645538696190737,False
42.91047619047619,0.8267,Thunderstruck.wav,0.1419144719839096,0.7222715990850718,0.05400526195976513,0.025505129791388862,0.691078718552546,2559.64,4.424417543791008,135.99917763157896,False,False,False,False,False,B,MID,0.2608750352066974,False
43.003356009070295,0.6268,Thunderstruck.wav,0.17036646604537964,0.5053207661477088,0.07417337398495646,0.026241551347836553,0.6519748535716786,2215.81,7.900480423406901,135.99917763157896,False,False,False,False,False,B,MID,0.2596744736057679,False
43.0962358276644,0.5788,Thunderstruck.wav,0.18569788336753845,0.9225060540821245,0.09320096699311772,0.022474481387311642,0.5483403604509459,1511.83,2.371388518659698,135.99917763157896,False,False,False,False,False,B,MID,0.25957341999928796,False
43.1891156462585,0.6369,Thunderstruck.wav,0.2026381492614746,0.5579747716933091,0.09986615708567988,0.028715614585501353,0.6288498486342049,2034.63,10.438213893411493,135.99917763157896,True,True,False,True,False,B,MID,1.0,False
43.281995464852606,0.5865,Thunderstruck.wav,0.28831881284713745,1.254110432210238,0.12007757152302263,0.06403432449976887,0.745134996537577,3124.5,5.695556553677612,135.99917763157896,False,False,False,False,False,B,MID,0.65,False
43.37487528344671,0.6,Thunderstruck.wav,0.14746154844760895,0.7732845182405276,0.06967929287238624,0.02322448462336303,0.6681561457402163,2352.1,2.5940957817042136,135.99917763157896,False,False,False,False,False,B,MID,0.42250000000000004,False
43.46775510204082,0.5665,Thunderstruck.wav,0.16066637635231018,0.5235022931160553,0.07904666718004383,0.021129015162174393,0.6633604137850165,2310.86,8.340616760497605,135.99917763157896,False,False,False,False,False,B,MID,0.27462500000000006,False
43.56063492063492,0.5883,Thunderstruck.wav,0.1530270278453827,0.7019037585315296,0.09596616206908372,0.019556044268410757,0.5857108188623086,1735.3,1.8451178810956081,135.99917763157896,False,False,False,False,False,B,MID,0.2579255301176841,False
43.653514739229024,0.6741,Thunderstruck.wav,0.16755393147468567,0.42659119406872265,0.08668740269304533,0.02315946372236179,0.6681216673711544,2351.8,12.007858338076966,135.99917763157896,False,False,False,False,False,B,MID,0.2566695693725958,False
43.74639455782313,0.7457,Thunderstruck.wav,0.19597652554512024,0.9161570141414401,0.09977914790284498,0.03426912828002169,0.7229354727694589,2878.83,4.960571750351976,135.99917763157896,False,False,False,False,False,B,MID,0.25736272738799,False
43.83927437641724,0.6009,Thunderstruck.wav,0.13332794606685638,0.6584778442290669,0.07672520522195288,0.02796181600671852,0.6363443123184835,2091.66,3.161608234484144,135.99917763157896,False,False,False,False,False,B,MID,0.25320587833906333,False
43.932154195011336,0.7866,Thunderstruck.wav,0.20255698263645172,0.7183129257769209,0.0949156309571022,0.027658478849808443,0.6231390810528034,1992.21,7.016192595036873,135.99917763157896,False,False,False,False,False,B,MID,0.25446586736887905,False
44.02503401360544,0.6043,Thunderstruck.wav,0.15007729828357697,0.6973248794151745,0.09054308113779266,0.02395137456927201,0.5550270726841084,1549.59,2.883528264669026,135.99917763157896,False,False,False,False,False,B,MID,0.25201312976956036,False
44.11791383219955,0.6227,Thunderstruck.wav,0.2400238960981369,0.6958415493421007,0.09928013085790147,0.049787918122879055,0.700494670458857,2650.11,12.980349446050704,135.99917763157896,True,True,True,True,False,B,MID,1.0,True
44.210793650793654,0.5942,Thunderstruck.wav,0.2018822580575943,1.0248264337612427,0.10293534532668028,0.038738254134848805,0.703999149366949,2684.6,2.3492365471973202,135.99917763157896,False,False,False,False,False,B,MID,0.65,False
44.30367346938775,0.5789,Thunderstruck.wav,0.14135286211967468,0.6308080114167602,0.06891811919609481,0.022387424379479083,0.6768233430398426,2428.52,3.714834576120871,135.99917763157896,False,False,False,False,False,B,MID,0.42250000000000004,False
44.39655328798186,0.5905,Thunderstruck.wav,0.18291747570037842,0.666789024669791,0.12036868761944639,0.022876080655792483,0.6539482671137389,2232.0,5.5226823171756845,135.99917763157896,False,False,False,False,False,B,MID,0.27462500000000006,False
44.489433106575966,0.564,Thunderstruck.wav,0.1280519813299179,0.5964292085057522,0.09642763797132085,0.024644525008826582,0.6552181309055253,2242.48,5.512252944540088,135.99917763157896,False,False,False,False,False,B,MID,0.2486734780846871,False
44.582312925170065,0.5934,Thunderstruck.wav,0.18905359506607056,0.5001019209726374,0.12098610863122614,0.03895364021340136,0.7425187143430819,3094.49,7.911321937366384,135.99917763157896,False,False,False,False,False,B,MID,0.24933689532794853,False
44.67519274376417,0.5618,Thunderstruck.wav,0.1507820039987564,0.7548287180019807,0.06193899805420227,0.031226471409448685,0.743577606631456,3106.6,4.382551357927332,135.99917763157896,False,False,False,False,False,B,MID,0.24720009005049118,False
44.76807256235828,0.6,Thunderstruck.wav,0.21831633150577545,0.49240269036305206,0.16430681724771157,0.04929884190348034,0.7175814516636781,2822.53,7.915516256081749,135.99917763157896,False,False,False,False,False,B,MID,0.24965267261696575,False
44.860952380952384,4.1559,Thunderstruck.wav,0.24986277520656586,0.7430379855057297,0.2430850299643384,0.08855055848850196,0.7352772359130965,3012.92,4.039241325609837,135.99917763157896,False,False,False,False,False,B,MID,0.25359805147819237,False
