block_idx,track,timestamp_s,ground_truth_label,lumir_prediction,rms
0,All_of_the_Lights,0.0,MID,MID,0.1468784362077713
1,All_of_the_Lights,0.0928798185941043,MID,MID,0.1534049808979034
2,All_of_the_Lights,0.1857596371882086,MID,MID,0.1516101658344268
3,All_of_the_Lights,0.2786394557823129,MID,MID,0.2177610993385315
4,All_of_the_Lights,0.3715192743764172,MID,MID,0.2185969054698944
5,All_of_the_Lights,0.4643990929705215,MID,MID,0.2122651934623718
6,All_of_the_Lights,0.5572789115646258,MID,MID,0.1697916984558105
7,All_of_the_Lights,0.6501587301587302,MID,MID,0.18636055290699
8,All_of_the_Lights,0.7430385487528345,MID,MID,0.2222721129655838
9,All_of_the_Lights,0.8359183673469388,MID,MID,0.1874017268419265
10,All_of_the_Lights,0.9287981859410432,MID,MID,0.1947243958711624
11,All_of_the_Lights,1.0216780045351477,MID,MID,0.1759449541568756
12,All_of_the_Lights,1.1145578231292517,MID,LOW,0.175766721367836
13,All_of_the_Lights,1.207437641723356,MID,LOW,0.1803018748760223
14,All_of_the_Lights,1.3003174603174603,MID,LOW,0.1607135385274887
15,All_of_the_Lights,1.3931972789115643,MID,LOW,0.2060907185077667
16,All_of_the_Lights,1.486077097505669,MID,MID,0.2111025601625442
17,All_of_the_Lights,1.5789569160997732,MID,MID,0.2538443803787231
18,All_of_the_Lights,1.6718367346938776,MID,MID,0.2131193727254867
19,All_of_the_Lights,1.7647165532879818,MID,MID,0.2319591343402862
20,All_of_the_Lights,1.8575963718820865,MID,MID,0.1460421234369278
21,All_of_the_Lights,1.9504761904761905,MID,MID,0.1925181448459625
22,All_of_the_Lights,2.043356009070295,MID,MID,0.225481778383255
23,All_of_the_Lights,2.136235827664399,MID,MID,0.180385410785675
24,All_of_the_Lights,2.2291156462585033,MID,MID,0.1552508473396301
25,All_of_the_Lights,2.321995464852608,MID,LOW,0.1176730319857597
26,All_of_the_Lights,2.414875283446712,MID,LOW,0.2069608569145202
27,All_of_the_Lights,2.507755102040816,MID,MID,0.2878353893756866
28,All_of_the_Lights,2.6006349206349206,MID,MID,0.2466588467359542
29,All_of_the_Lights,2.693514739229025,MID,MID,0.1966419517993927
30,All_of_the_Lights,2.786394557823129,MID,MID,0.2124657332897186
31,All_of_the_Lights,2.8792743764172335,MID,MID,0.2046424448490142
32,All_of_the_Lights,2.972154195011338,MID,MID,0.1961345672607422
33,All_of_the_Lights,3.0650340136054424,MID,MID,0.1295871585607528
34,All_of_the_Lights,3.1579138321995464,MID,LOW,0.1267409026622772
35,All_of_the_Lights,3.250793650793651,MID,LOW,0.1610741764307022
36,All_of_the_Lights,3.3436734693877552,MID,LOW,0.1579025089740753
37,All_of_the_Lights,3.436553287981859,MID,LOW,0.1775819212198257
38,All_of_the_Lights,3.5294331065759637,MID,LOW,0.1979254335165023
39,All_of_the_Lights,3.622312925170068,MID,LOW,0.1763370782136917
40,All_of_the_Lights,3.715192743764173,MID,LOW,0.2277090549468994
41,All_of_the_Lights,3.808072562358277,MID,LOW,0.2694169878959656
42,All_of_the_Lights,3.900952380952381,MID,LOW,0.2358760833740234
43,All_of_the_Lights,3.9938321995464854,MID,LOW,0.2570641338825226
44,All_of_the_Lights,4.08671201814059,MID,MID,0.2434307634830474
45,All_of_the_Lights,4.179591836734694,MID,MID,0.2171016931533813
46,All_of_the_Lights,4.272471655328798,MID,MID,0.1699458509683609
47,All_of_the_Lights,4.365351473922902,MID,MID,0.1723184287548065
48,All_of_the_Lights,4.458231292517007,MID,LOW,0.1837090700864792
49,All_of_the_Lights,4.551111111111111,MID,LOW,0.1781730204820633
50,All_of_the_Lights,4.6439909297052155,MID,LOW,0.1181156486272811
51,All_of_the_Lights,4.73687074829932,MID,LOW,0.1790731549263
52,All_of_the_Lights,4.829750566893424,MID,LOW,0.1101986095309257
53,All_of_the_Lights,4.922630385487528,MID,LOW,0.1670820415019989
54,All_of_the_Lights,5.015510204081632,MID,LOW,0.1474026590585708
55,All_of_the_Lights,5.108390022675737,MID,LOW,0.1548962444067001
56,All_of_the_Lights,5.201269841269841,MID,LOW,0.1804453730583191
57,All_of_the_Lights,5.294149659863946,MID,LOW,0.1300081014633178
58,All_of_the_Lights,5.38702947845805,MID,LOW,0.1661779433488845
59,All_of_the_Lights,5.479909297052155,MID,LOW,0.1920919716358184
60,All_of_the_Lights,5.572789115646258,MID,LOW,0.202306866645813
61,All_of_the_Lights,5.6656689342403626,MID,LOW,0.1728065758943557
62,All_of_the_Lights,5.758548752834467,MID,LOW,0.1825129985809326
63,All_of_the_Lights,5.851428571428571,MID,LOW,0.1305393725633621
64,All_of_the_Lights,5.944308390022676,MID,LOW,0.1974887698888778
65,All_of_the_Lights,6.03718820861678,MID,LOW,0.1987218111753463
66,All_of_the_Lights,6.130068027210885,MID,LOW,0.1724259257316589
67,All_of_the_Lights,6.222947845804988,MID,LOW,0.2030028849840164
68,All_of_the_Lights,6.315827664399093,MID,LOW,0.1885512769222259
69,All_of_the_Lights,6.408707482993197,MID,LOW,0.2177689969539642
70,All_of_the_Lights,6.501587301587302,MID,LOW,0.1667230278253555
71,All_of_the_Lights,6.594467120181406,MID,LOW,0.184256225824356
72,All_of_the_Lights,6.6873469387755105,MID,LOW,0.2311723977327346
73,All_of_the_Lights,6.780226757369615,MID,LOW,0.1742566525936126
74,All_of_the_Lights,6.873106575963718,MID,LOW,0.1860883384943008
75,All_of_the_Lights,6.965986394557823,MID,LOW,0.183283731341362
76,All_of_the_Lights,7.058866213151927,MID,LOW,0.1959491968154907
77,All_of_the_Lights,7.151746031746032,MID,LOW,0.1806558072566986
78,All_of_the_Lights,7.244625850340136,MID,LOW,0.5304591655731201
79,All_of_the_Lights,7.337505668934241,HIGH,LOW,0.5317500829696655
80,All_of_the_Lights,7.430385487528345,HIGH,LOW,0.5114923715591431
81,All_of_the_Lights,7.523265306122449,HIGH,LOW,0.5088564157485962
82,All_of_the_Lights,7.616145124716553,HIGH,LOW,0.4984782040119171
83,All_of_the_Lights,7.7090249433106575,HIGH,LOW,0.5088745951652527
84,All_of_the_Lights,7.801904761904762,HIGH,MID,0.5524436235427856
85,All_of_the_Lights,7.894784580498866,HIGH,MID,0.5837838053703308
86,All_of_the_Lights,7.987664399092971,HIGH,MID,0.4480800032615661
87,All_of_the_Lights,8.080544217687075,HIGH,MID,0.4832356870174408
88,All_of_the_Lights,8.17342403628118,HIGH,MID,0.525080144405365
89,All_of_the_Lights,8.266303854875284,HIGH,MID,0.490233838558197
90,All_of_the_Lights,8.359183673469389,HIGH,MID,0.5135415196418762
91,All_of_the_Lights,8.452063492063493,HIGH,MID,0.5641183853149414
92,All_of_the_Lights,8.544943310657596,HIGH,MID,0.5828366875648499
93,All_of_the_Lights,8.6378231292517,HIGH,MID,0.356223851442337
94,All_of_the_Lights,8.730702947845804,HIGH,MID,0.4900161921977997
95,All_of_the_Lights,8.823582766439909,HIGH,MID,0.4793074131011963
96,All_of_the_Lights,8.916462585034013,HIGH,MID,0.4664735794067383
97,All_of_the_Lights,9.009342403628118,HIGH,MID,0.3219749331474304
98,All_of_the_Lights,9.102222222222222,HIGH,MID,0.4557135701179504
99,All_of_the_Lights,9.195102040816328,HIGH,MID,0.5565366148948669
100,All_of_the_Lights,9.287981859410433,HIGH,MID,0.5047628283500671
101,All_of_the_Lights,9.380861678004536,HIGH,MID,0.5820176005363464
102,All_of_the_Lights,9.47374149659864,HIGH,MID,0.5801443457603455
103,All_of_the_Lights,9.566621315192744,HIGH,MID,0.6115635633468628
104,All_of_the_Lights,9.659501133786849,HIGH,MID,0.5123705863952637
105,All_of_the_Lights,9.752380952380951,HIGH,MID,0.4244170486927032
106,All_of_the_Lights,9.845260770975056,HIGH,MID,0.5332416296005249
107,All_of_the_Lights,9.93814058956916,HIGH,MID,0.5385580658912659
108,All_of_the_Lights,10.031020408163265,HIGH,MID,0.458880752325058
109,All_of_the_Lights,10.12390022675737,HIGH,MID,0.5841841697692871
110,All_of_the_Lights,10.216780045351474,HIGH,MID,0.6036671996116638
111,All_of_the_Lights,10.309659863945578,HIGH,MID,0.514560878276825
112,All_of_the_Lights,10.402539682539684,HIGH,MID,0.5802449584007263
113,All_of_the_Lights,10.495419501133789,HIGH,MID,0.4957003593444824
114,All_of_the_Lights,10.588299319727891,HIGH,MID,0.4654673039913177
115,All_of_the_Lights,10.681179138321996,HIGH,MID,0.442438542842865
116,All_of_the_Lights,10.7740589569161,HIGH,MID,0.4768453538417816
117,All_of_the_Lights,10.866938775510205,HIGH,MID,0.5358676314353943
118,All_of_the_Lights,10.95981859410431,HIGH,MID,0.4893544912338257
119,All_of_the_Lights,11.052698412698414,HIGH,MID,0.5567395687103271
120,All_of_the_Lights,11.145578231292516,HIGH,MID,0.5405129790306091
121,All_of_the_Lights,11.23845804988662,HIGH,MID,0.5904004573822021
122,All_of_the_Lights,11.331337868480723,HIGH,MID,0.5498862862586975
123,All_of_the_Lights,11.42421768707483,HIGH,MID,0.4479296207427978
124,All_of_the_Lights,11.517097505668934,HIGH,MID,0.4923520982265472
125,All_of_the_Lights,11.609977324263038,HIGH,MID,0.5658136606216431
126,All_of_the_Lights,11.702857142857145,HIGH,MID,0.447764128446579
127,All_of_the_Lights,11.795736961451247,HIGH,MID,0.5711216926574707
128,All_of_the_Lights,11.888616780045352,HIGH,MID,0.5940432548522949
129,All_of_the_Lights,11.981496598639456,HIGH,MID,0.3900665044784546
130,All_of_the_Lights,12.07437641723356,HIGH,MID,0.4870961606502533
131,All_of_the_Lights,12.167256235827663,HIGH,MID,0.4196806848049164
132,All_of_the_Lights,12.26013605442177,HIGH,MID,0.2737942636013031
133,All_of_the_Lights,12.353015873015874,HIGH,MID,0.263114720582962
134,All_of_the_Lights,12.445895691609977,HIGH,MID,0.174996942281723
135,All_of_the_Lights,12.53877551020408,HIGH,MID,0.5957154035568237
136,All_of_the_Lights,12.631655328798184,HIGH,MID,0.3767721354961395
137,All_of_the_Lights,12.72453514739229,HIGH,MID,0.5280181169509888
138,All_of_the_Lights,12.817414965986394,HIGH,MID,0.5332950949668884
139,All_of_the_Lights,12.9102947845805,HIGH,MID,0.5248790979385376
140,All_of_the_Lights,13.003174603174603,HIGH,MID,0.5529672503471375
141,All_of_the_Lights,13.096054421768708,HIGH,MID,0.555595874786377
142,All_of_the_Lights,13.188934240362812,HIGH,MID,0.4974293410778045
143,All_of_the_Lights,13.281814058956916,HIGH,MID,0.5647205114364624
144,All_of_the_Lights,13.37469387755102,HIGH,MID,0.4701385796070099
145,All_of_the_Lights,13.467573696145124,HIGH,MID,0.560404360294342
146,All_of_the_Lights,13.56045351473923,HIGH,MID,0.5543354749679565
147,All_of_the_Lights,13.653333333333334,HIGH,MID,0.5213150382041931
148,All_of_the_Lights,13.746213151927437,HIGH,MID,0.5358321666717529
149,All_of_the_Lights,13.83909297052154,HIGH,MID,0.5167694091796875
150,All_of_the_Lights,13.931972789115646,HIGH,MID,0.4553575217723846
151,All_of_the_Lights,14.02485260770975,HIGH,MID,0.5682632923126221
152,All_of_the_Lights,14.117732426303856,HIGH,MID,0.5612220168113708
153,All_of_the_Lights,14.21061224489796,HIGH,MID,0.548453152179718
154,All_of_the_Lights,14.303492063492063,HIGH,MID,0.5569375157356262
155,All_of_the_Lights,14.396371882086168,HIGH,MID,0.5539745092391968
156,All_of_the_Lights,14.489251700680272,HIGH,MID,0.5473860502243042
157,All_of_the_Lights,14.582131519274377,HIGH,MID,0.5580049157142639
158,All_of_the_Lights,14.67501133786848,HIGH,MID,0.541318416595459
159,All_of_the_Lights,14.767891156462586,HIGH,MID,0.5016998052597046
160,All_of_the_Lights,14.86077097505669,HIGH,MID,0.4915496706962585
161,All_of_the_Lights,14.953650793650796,HIGH,MID,0.5551992654800415
162,All_of_the_Lights,15.046530612244895,HIGH,MID,0.4987532496452331
163,All_of_the_Lights,15.139410430839002,HIGH,MID,0.5531740188598633
164,All_of_the_Lights,15.232290249433106,HIGH,MID,0.5521811842918396
165,All_of_the_Lights,15.32517006802721,HIGH,MID,0.4716584682464599
166,All_of_the_Lights,15.418049886621317,HIGH,MID,0.4324703514575958
167,All_of_the_Lights,15.51092970521542,HIGH,MID,0.4851102530956268
168,All_of_the_Lights,15.603809523809524,HIGH,MID,0.4741494655609131
169,All_of_the_Lights,15.696689342403628,HIGH,MID,0.464226633310318
170,All_of_the_Lights,15.789569160997733,HIGH,MID,0.1779507100582122
171,All_of_the_Lights,15.882448979591835,HIGH,MID,0.5282602906227112
172,All_of_the_Lights,15.975328798185942,HIGH,MID,0.4759016036987304
173,All_of_the_Lights,16.068208616780044,HIGH,MID,0.5215426683425903
174,All_of_the_Lights,16.16108843537415,HIGH,MID,0.5485846400260925
175,All_of_the_Lights,16.253968253968253,HIGH,MID,0.5839143991470337
176,All_of_the_Lights,16.34684807256236,HIGH,MID,0.6363663673400879
177,All_of_the_Lights,16.439727891156462,HIGH,MID,0.4890961647033691
178,All_of_the_Lights,16.532607709750568,HIGH,MID,0.4257600009441376
179,All_of_the_Lights,16.62548752834467,HIGH,MID,0.5627665519714355
180,All_of_the_Lights,16.718367346938777,HIGH,MID,0.4893301427364349
181,All_of_the_Lights,16.81124716553288,HIGH,MID,0.5099755525588989
182,All_of_the_Lights,16.904126984126986,HIGH,MID,0.5817683935165405
183,All_of_the_Lights,16.99700680272109,HIGH,MID,0.5753134489059448
184,All_of_the_Lights,17.08988662131519,HIGH,MID,0.5108931064605713
185,All_of_the_Lights,17.182766439909297,HIGH,MID,0.5937604308128357
186,All_of_the_Lights,17.2756462585034,HIGH,MID,0.4821065962314605
187,All_of_the_Lights,17.368526077097506,HIGH,MID,0.4839563965797424
188,All_of_the_Lights,17.46140589569161,HIGH,MID,0.4919394254684448
189,All_of_the_Lights,17.554285714285715,HIGH,MID,0.5312402248382568
190,All_of_the_Lights,17.647165532879818,HIGH,MID,0.5672213435173035
191,All_of_the_Lights,17.740045351473924,HIGH,MID,0.4997435510158539
192,All_of_the_Lights,17.832925170068027,HIGH,MID,0.5681845545768738
193,All_of_the_Lights,17.925804988662133,HIGH,MID,0.5673884749412537
194,All_of_the_Lights,18.018684807256236,HIGH,MID,0.5586205124855042
195,All_of_the_Lights,18.11156462585034,HIGH,MID,0.5189935564994812
196,All_of_the_Lights,18.204444444444444,HIGH,MID,0.4862999022006988
197,All_of_the_Lights,18.297324263038547,HIGH,MID,0.517641544342041
198,All_of_the_Lights,18.390204081632653,HIGH,MID,0.4992986917495727
199,All_of_the_Lights,18.483083900226756,HIGH,MID,0.5107219815254211
200,All_of_the_Lights,18.575963718820866,HIGH,MID,0.5769191980361938
201,All_of_the_Lights,18.668843537414965,HIGH,MID,0.6032368540763855
202,All_of_the_Lights,18.76172335600907,HIGH,MID,0.3194284737110138
203,All_of_the_Lights,18.854603174603177,HIGH,MID,0.536770224571228
204,All_of_the_Lights,18.94748299319728,HIGH,MID,0.409456193447113
205,All_of_the_Lights,19.040362811791383,HIGH,MID,0.3117733001708984
206,All_of_the_Lights,19.13324263038549,HIGH,MID,0.3792181611061096
207,All_of_the_Lights,19.22612244897959,HIGH,MID,0.3893766403198242
208,All_of_the_Lights,19.319002267573698,HIGH,MID,0.5396844148635864
209,All_of_the_Lights,19.4118820861678,HIGH,MID,0.4726583957672119
210,All_of_the_Lights,19.504761904761907,HIGH,MID,0.5595797896385193
211,All_of_the_Lights,19.59764172335601,HIGH,MID,0.567408561706543
212,All_of_the_Lights,19.690521541950112,HIGH,MID,0.5532487034797668
213,All_of_the_Lights,19.783401360544214,HIGH,MID,0.5800660252571106
214,All_of_the_Lights,19.87628117913832,HIGH,MID,0.5276980996131897
215,All_of_the_Lights,19.969160997732427,HIGH,MID,0.5518021583557129
216,All_of_the_Lights,20.06204081632653,HIGH,MID,0.5398468375205994
217,All_of_the_Lights,20.154920634920636,HIGH,MID,0.4622717499732971
218,All_of_the_Lights,20.24780045351474,HIGH,MID,0.5753844380378723
219,All_of_the_Lights,20.340680272108845,HIGH,MID,0.5272867679595947
220,All_of_the_Lights,20.433560090702947,HIGH,MID,0.5267086029052734
221,All_of_the_Lights,20.526439909297057,HIGH,MID,0.5137503147125244
222,All_of_the_Lights,20.619319727891156,HIGH,MID,0.4809389412403106
223,All_of_the_Lights,20.712199546485262,HIGH,MID,0.4949310719966888
224,All_of_the_Lights,20.805079365079365,HIGH,MID,0.5491580367088318
225,All_of_the_Lights,20.897959183673468,HIGH,MID,0.5573916435241699
226,All_of_the_Lights,20.990839002267577,HIGH,MID,0.5570669174194336
227,All_of_the_Lights,21.083718820861677,HIGH,HIGH,0.5625295042991638
228,All_of_the_Lights,21.176598639455783,HIGH,HIGH,0.571437656879425
229,All_of_the_Lights,21.269478458049885,HIGH,HIGH,0.5510484576225281
230,All_of_the_Lights,21.36235827664399,HIGH,HIGH,0.5414074659347534
231,All_of_the_Lights,21.455238095238094,HIGH,HIGH,0.5211964845657349
232,All_of_the_Lights,21.5481179138322,HIGH,HIGH,0.4798236191272735
233,All_of_the_Lights,21.640997732426303,HIGH,HIGH,0.4767901003360748
234,All_of_the_Lights,21.73387755102041,HIGH,HIGH,0.5865342020988464
235,All_of_the_Lights,21.826757369614512,HIGH,HIGH,0.4697752892971039
236,All_of_the_Lights,21.91963718820862,HIGH,HIGH,0.577384889125824
237,All_of_the_Lights,22.01251700680272,HIGH,HIGH,0.5599899888038635
238,All_of_the_Lights,22.105396825396827,HIGH,HIGH,0.5413212776184082
239,All_of_the_Lights,22.19827664399093,HIGH,HIGH,0.4832134246826172
240,All_of_the_Lights,22.291156462585032,HIGH,HIGH,0.5022957921028137
241,All_of_the_Lights,22.38403628117914,HIGH,HIGH,0.5003305077552795
242,All_of_the_Lights,22.47691609977324,HIGH,HIGH,0.4806488752365112
243,All_of_the_Lights,22.569795918367348,HIGH,HIGH,0.5218957662582397
244,All_of_the_Lights,22.66267573696145,HIGH,HIGH,0.600311815738678
245,All_of_the_Lights,22.755555555555556,HIGH,HIGH,0.5357789993286133
246,All_of_the_Lights,22.84843537414966,HIGH,HIGH,0.5456089973449707
247,All_of_the_Lights,22.941315192743765,HIGH,HIGH,0.5118591785430908
248,All_of_the_Lights,23.034195011337868,HIGH,HIGH,0.5214266777038574
249,All_of_the_Lights,23.127074829931978,HIGH,HIGH,0.5596379041671753
250,All_of_the_Lights,23.219954648526077,HIGH,HIGH,0.4548336863517761
251,All_of_the_Lights,23.312834467120183,HIGH,HIGH,0.4933623969554901
252,All_of_the_Lights,23.40571428571429,HIGH,HIGH,0.5575387477874756
253,All_of_the_Lights,23.49859410430839,HIGH,HIGH,0.4905185997486114
254,All_of_the_Lights,23.591473922902495,HIGH,HIGH,0.5553107261657715
255,All_of_the_Lights,23.684353741496597,HIGH,HIGH,0.579959511756897
256,All_of_the_Lights,23.777233560090703,HIGH,HIGH,0.5763646960258484
257,All_of_the_Lights,23.87011337868481,HIGH,HIGH,0.5004246830940247
258,All_of_the_Lights,23.962993197278912,HIGH,HIGH,0.5428228974342346
259,All_of_the_Lights,24.055873015873015,HIGH,HIGH,0.4790998995304107
260,All_of_the_Lights,24.14875283446712,HIGH,HIGH,0.5030853748321533
261,All_of_the_Lights,24.241632653061224,HIGH,HIGH,0.4664409160614013
262,All_of_the_Lights,24.33451247165533,HIGH,HIGH,0.5219529867172241
263,All_of_the_Lights,24.427392290249433,HIGH,HIGH,0.502912700176239
264,All_of_the_Lights,24.52027210884354,HIGH,HIGH,0.5525322556495667
265,All_of_the_Lights,24.61315192743764,HIGH,HIGH,0.5652620792388916
266,All_of_the_Lights,24.706031746031748,HIGH,HIGH,0.5384001731872559
267,All_of_the_Lights,24.79891156462585,HIGH,HIGH,0.5447723865509033
268,All_of_the_Lights,24.891791383219953,HIGH,HIGH,0.49790820479393
269,All_of_the_Lights,24.98467120181406,HIGH,HIGH,0.4745246171951294
270,All_of_the_Lights,25.07755102040816,HIGH,HIGH,0.5757676959037781
271,All_of_the_Lights,25.170430839002268,HIGH,HIGH,0.5379190444946289
272,All_of_the_Lights,25.26331065759637,HIGH,HIGH,0.5362846851348877
273,All_of_the_Lights,25.356190476190477,HIGH,HIGH,0.5985605716705322
274,All_of_the_Lights,25.44907029478458,HIGH,HIGH,0.5600246787071228
275,All_of_the_Lights,25.54195011337869,HIGH,HIGH,0.5202207565307617
276,All_of_the_Lights,25.63482993197279,HIGH,HIGH,0.5486044883728027
277,All_of_the_Lights,25.727709750566895,HIGH,HIGH,0.4869303703308105
278,All_of_the_Lights,25.820589569160997,HIGH,HIGH,0.4822801351547241
279,All_of_the_Lights,25.913469387755104,HIGH,HIGH,0.470848947763443
280,All_of_the_Lights,26.006349206349206,HIGH,HIGH,0.5364959836006165
281,All_of_the_Lights,26.09922902494331,HIGH,HIGH,0.5407441258430481
282,All_of_the_Lights,26.192108843537415,HIGH,HIGH,0.5126121640205383
283,All_of_the_Lights,26.28498866213152,HIGH,HIGH,0.5497907400131226
284,All_of_the_Lights,26.377868480725624,HIGH,HIGH,0.5701454877853394
285,All_of_the_Lights,26.470748299319727,HIGH,HIGH,0.5740847587585449
286,All_of_the_Lights,26.563628117913833,HIGH,HIGH,0.5611419081687927
287,All_of_the_Lights,26.656507936507936,HIGH,HIGH,0.494678646326065
288,All_of_the_Lights,26.74938775510204,HIGH,HIGH,0.5503486394882202
289,All_of_the_Lights,26.842267573696144,HIGH,HIGH,0.5307665467262268
290,All_of_the_Lights,26.93514739229025,HIGH,HIGH,0.5104017853736877
291,All_of_the_Lights,27.028027210884353,HIGH,HIGH,0.5549638867378235
292,All_of_the_Lights,27.12090702947846,HIGH,HIGH,0.5823445320129395
293,All_of_the_Lights,27.21378684807256,HIGH,HIGH,0.5063662528991699
294,All_of_the_Lights,27.30666666666667,HIGH,HIGH,0.5055387616157532
295,All_of_the_Lights,27.39954648526077,HIGH,HIGH,0.493595540523529
296,All_of_the_Lights,27.492426303854874,HIGH,HIGH,0.5234339237213135
297,All_of_the_Lights,27.58530612244898,HIGH,HIGH,0.5280624628067017
298,All_of_the_Lights,27.678185941043083,HIGH,HIGH,0.5546604990959167
299,All_of_the_Lights,27.77106575963719,HIGH,HIGH,0.583813488483429
300,All_of_the_Lights,27.86394557823129,HIGH,HIGH,0.5605476498603821
301,All_of_the_Lights,27.9568253968254,HIGH,HIGH,0.5760675072669983
302,All_of_the_Lights,28.0497052154195,HIGH,HIGH,0.5745611190795898
303,All_of_the_Lights,28.142585034013607,HIGH,HIGH,0.5817697644233704
304,All_of_the_Lights,28.23546485260771,HIGH,HIGH,0.502376139163971
305,All_of_the_Lights,28.328344671201815,HIGH,HIGH,0.5077409148216248
306,All_of_the_Lights,28.42122448979592,HIGH,HIGH,0.5141448378562927
307,All_of_the_Lights,28.514104308390024,HIGH,HIGH,0.5462436079978943
308,All_of_the_Lights,28.606984126984127,HIGH,HIGH,0.4878171682357788
309,All_of_the_Lights,28.69986394557823,HIGH,HIGH,0.5850556492805481
310,All_of_the_Lights,28.792743764172336,HIGH,HIGH,0.572141170501709
311,All_of_the_Lights,28.88562358276644,HIGH,HIGH,0.4777283370494842
312,All_of_the_Lights,28.978503401360545,HIGH,HIGH,0.4840266406536102
313,All_of_the_Lights,29.071383219954647,HIGH,HIGH,0.5091478228569031
314,All_of_the_Lights,29.164263038548754,HIGH,HIGH,0.4590160250663757
315,All_of_the_Lights,29.257142857142856,HIGH,HIGH,0.4961007833480835
316,All_of_the_Lights,29.35002267573696,HIGH,HIGH,0.5298551321029663
317,All_of_the_Lights,29.442902494331065,HIGH,HIGH,0.5913110375404358
318,All_of_the_Lights,29.53578231292517,HIGH,HIGH,0.4571361839771271
319,All_of_the_Lights,29.62866213151927,HIGH,HIGH,0.5646523237228394
320,All_of_the_Lights,29.72154195011338,HIGH,HIGH,0.5540987253189087
321,All_of_the_Lights,29.814421768707483,HIGH,HIGH,0.5262656211853027
322,All_of_the_Lights,29.90730158730159,HIGH,HIGH,0.5180073976516724
323,All_of_the_Lights,30.00018140589569,HIGH,HIGH,0.4556003510951996
324,All_of_the_Lights,30.09306122448979,HIGH,HIGH,0.4754036068916321
325,All_of_the_Lights,30.1859410430839,HIGH,HIGH,0.5747488141059875
326,All_of_the_Lights,30.278820861678003,HIGH,HIGH,0.496113508939743
327,All_of_the_Lights,30.37170068027211,HIGH,HIGH,0.5824412703514099
328,All_of_the_Lights,30.464580498866212,HIGH,HIGH,0.5627251863479614
329,All_of_the_Lights,30.55746031746032,HIGH,HIGH,0.5474815964698792
330,All_of_the_Lights,30.65034013605442,HIGH,HIGH,0.5499024391174316
331,All_of_the_Lights,30.743219954648527,HIGH,HIGH,0.535434365272522
332,All_of_the_Lights,30.83609977324263,HIGH,HIGH,0.4945935904979706
333,All_of_the_Lights,30.928979591836736,HIGH,HIGH,0.4711154401302337
334,All_of_the_Lights,31.02185941043084,HIGH,HIGH,0.4820311367511749
335,All_of_the_Lights,31.114739229024945,HIGH,HIGH,0.5576241612434387
336,All_of_the_Lights,31.207619047619048,HIGH,HIGH,0.4722476899623871
337,All_of_the_Lights,31.30049886621315,HIGH,HIGH,0.5444910526275635
338,All_of_the_Lights,31.393378684807256,HIGH,HIGH,0.5549388527870178
339,All_of_the_Lights,31.48625850340136,HIGH,HIGH,0.5306893587112427
340,All_of_the_Lights,31.579138321995465,HIGH,HIGH,0.5478906631469727
341,All_of_the_Lights,31.672018140589568,HIGH,HIGH,0.5145425200462341
342,All_of_the_Lights,31.76489795918367,HIGH,HIGH,0.5015363097190857
343,All_of_the_Lights,31.857777777777777,HIGH,HIGH,0.6029922366142273
344,All_of_the_Lights,31.950657596371883,HIGH,HIGH,0.4935275614261627
345,All_of_the_Lights,32.04353741496599,HIGH,HIGH,0.5768750309944153
346,All_of_the_Lights,32.13641723356009,HIGH,HIGH,0.5694858431816101
347,All_of_the_Lights,32.229297052154195,HIGH,HIGH,0.535075306892395
348,All_of_the_Lights,32.3221768707483,HIGH,HIGH,0.5249426364898682
349,All_of_the_Lights,32.41505668934241,HIGH,HIGH,0.529946506023407
350,All_of_the_Lights,32.507936507936506,HIGH,HIGH,0.5003613233566284
351,All_of_the_Lights,32.60081632653061,HIGH,HIGH,0.4876350164413452
352,All_of_the_Lights,32.69369614512472,HIGH,HIGH,0.4742254912853241
353,All_of_the_Lights,32.78657596371882,HIGH,HIGH,0.5396141409873962
354,All_of_the_Lights,32.879455782312924,HIGH,HIGH,0.538533091545105
355,All_of_the_Lights,32.97233560090703,HIGH,HIGH,0.4960176348686218
356,All_of_the_Lights,33.065215419501136,HIGH,HIGH,0.5460786819458008
357,All_of_the_Lights,33.158095238095235,HIGH,HIGH,0.5506523251533508
358,All_of_the_Lights,33.25097505668934,HIGH,HIGH,0.5780490040779114
359,All_of_the_Lights,33.34385487528345,HIGH,HIGH,0.5541621446609497
360,All_of_the_Lights,33.436734693877554,HIGH,HIGH,0.4862244725227356
361,All_of_the_Lights,33.52961451247165,HIGH,HIGH,0.5715447664260864
362,All_of_the_Lights,33.62249433106576,HIGH,HIGH,0.5000714659690857
363,All_of_the_Lights,33.715374149659866,HIGH,HIGH,0.5092176198959351
364,All_of_the_Lights,33.80825396825397,HIGH,HIGH,0.545749306678772
365,All_of_the_Lights,33.90113378684807,HIGH,HIGH,0.5002403855323792
366,All_of_the_Lights,33.99401360544218,HIGH,HIGH,0.5054770112037659
367,All_of_the_Lights,34.08689342403628,HIGH,HIGH,0.510738730430603
368,All_of_the_Lights,34.17977324263038,HIGH,HIGH,0.4742375612258911
369,All_of_the_Lights,34.27265306122449,HIGH,HIGH,0.5492231249809265
370,All_of_the_Lights,34.365532879818595,HIGH,HIGH,0.5569267868995667
371,All_of_the_Lights,34.4584126984127,HIGH,HIGH,0.534678041934967
372,All_of_the_Lights,34.5512925170068,HIGH,HIGH,0.5635272264480591
373,All_of_the_Lights,34.644172335600906,HIGH,HIGH,0.5616589188575745
374,All_of_the_Lights,34.73705215419501,HIGH,HIGH,0.5427181124687195
375,All_of_the_Lights,34.82993197278912,HIGH,HIGH,0.5588741302490234
376,All_of_the_Lights,34.92281179138322,MID,HIGH,0.5563668012619019
377,All_of_the_Lights,35.015691609977324,MID,HIGH,0.4521110355854034
378,All_of_the_Lights,35.10857142857143,MID,HIGH,0.4361046254634857
379,All_of_the_Lights,35.20145124716553,MID,HIGH,0.3991281986236572
380,All_of_the_Lights,35.294331065759636,MID,HIGH,0.4014522433280945
381,All_of_the_Lights,35.38721088435374,MID,HIGH,0.4049842357635498
382,All_of_the_Lights,35.48009070294785,MID,HIGH,0.3801375329494476
383,All_of_the_Lights,35.57297052154195,MID,HIGH,0.5710047483444214
384,All_of_the_Lights,35.66585034013605,MID,HIGH,0.4082922339439392
385,All_of_the_Lights,35.75873015873016,MID,HIGH,0.3867398202419281
386,All_of_the_Lights,35.851609977324266,MID,HIGH,0.4291518628597259
387,All_of_the_Lights,35.944489795918365,MID,HIGH,0.3743013739585876
388,All_of_the_Lights,36.03736961451247,MID,LOW,0.3520715534687042
389,All_of_the_Lights,36.13024943310658,MID,LOW,0.385960042476654
390,All_of_the_Lights,36.22312925170068,MID,LOW,0.5660927891731262
391,All_of_the_Lights,36.31600907029478,MID,LOW,0.4642579257488251
392,All_of_the_Lights,36.40888888888889,MID,LOW,0.4195083677768707
393,All_of_the_Lights,36.501768707482995,MID,LOW,0.3949623107910156
394,All_of_the_Lights,36.594648526077094,MID,LOW,0.5405235886573792
395,All_of_the_Lights,36.6875283446712,MID,LOW,0.4799702763557434
396,All_of_the_Lights,36.78040816326531,MID,LOW,0.3755373060703277
397,All_of_the_Lights,36.87328798185941,MID,LOW,0.4241029322147369
398,All_of_the_Lights,36.96616780045351,MID,LOW,0.4137857556343078
399,All_of_the_Lights,37.05904761904762,MID,LOW,0.4520986080169678
400,All_of_the_Lights,37.15192743764173,MID,LOW,0.4613871574401855
401,All_of_the_Lights,37.24480725623583,MID,LOW,0.5774884223937988
402,All_of_the_Lights,37.33768707482993,MID,LOW,0.5568331480026245
403,All_of_the_Lights,37.43056689342403,MID,LOW,0.5207251310348511
404,All_of_the_Lights,37.52344671201814,MID,LOW,0.5592440962791443
405,All_of_the_Lights,37.61632653061225,MID,LOW,0.5498049855232239
406,All_of_the_Lights,37.70920634920635,MID,MID,0.5532283782958984
407,All_of_the_Lights,37.802086167800454,MID,LOW,0.539442241191864
408,All_of_the_Lights,37.89496598639456,MID,LOW,0.5770776867866516
409,All_of_the_Lights,37.98784580498866,MID,LOW,0.5445250272750854
410,All_of_the_Lights,38.080725623582765,MID,LOW,0.554271936416626
411,All_of_the_Lights,38.17360544217687,MID,LOW,0.5562198162078857
412,All_of_the_Lights,38.26648526077098,MID,LOW,0.5939459204673767
413,All_of_the_Lights,38.35936507936508,MID,MID,0.5650696754455566
414,All_of_the_Lights,38.45224489795918,MID,MID,0.4730646014213562
415,All_of_the_Lights,38.54512471655329,MID,MID,0.5359054803848267
416,All_of_the_Lights,38.638004535147395,MID,MID,0.5376513004302979
417,All_of_the_Lights,38.730884353741494,MID,MID,0.5161935687065125
418,All_of_the_Lights,38.8237641723356,MID,MID,0.3192188739776611
419,All_of_the_Lights,38.91664399092971,MID,MID,0.507599413394928
420,All_of_the_Lights,39.00952380952381,MID,MID,0.4503278136253357
421,All_of_the_Lights,39.10240362811791,MID,MID,0.2372431457042694
422,All_of_the_Lights,39.19528344671202,MID,MID,0.3141182661056518
423,All_of_the_Lights,39.288163265306125,MID,MID,0.26539346575737
424,All_of_the_Lights,39.381043083900224,MID,MID,0.2921634912490845
425,All_of_the_Lights,39.47392290249433,MID,MID,0.2633914053440094
426,All_of_the_Lights,39.56680272108843,MID,MID,0.5037147402763367
427,All_of_the_Lights,39.65968253968254,MID,MID,0.3943057358264923
428,All_of_the_Lights,39.75256235827664,MID,MID,0.32926145195961
429,All_of_the_Lights,39.84544217687075,MID,MID,0.3036685287952423
430,All_of_the_Lights,39.938321995464854,MID,MID,0.3723403215408325
431,All_of_the_Lights,40.03120181405896,MID,MID,0.6267763376235962
432,All_of_the_Lights,40.12408163265306,MID,MID,0.4881597757339477
433,All_of_the_Lights,40.216961451247165,MID,MID,0.4379633367061615
434,All_of_the_Lights,40.30984126984127,MID,MID,0.3939346075057983
435,All_of_the_Lights,40.40272108843537,MID,MID,0.3294903635978699
436,All_of_the_Lights,40.49560090702948,MID,MID,0.1957957595586776
437,All_of_the_Lights,40.58848072562358,MID,LOW,0.167205810546875
438,All_of_the_Lights,40.68136054421769,MID,LOW,0.2395813465118408
439,All_of_the_Lights,40.77424036281179,MID,LOW,0.1127343028783798
440,All_of_the_Lights,40.867120181405895,MID,LOW,0.2028980851173401
441,All_of_the_Lights,40.96,MID,LOW,0.1052679046988487
442,All_of_the_Lights,41.05287981859411,MID,LOW,0.1888504028320312
443,All_of_the_Lights,41.145759637188206,MID,LOW,0.0700536742806434
444,All_of_the_Lights,41.23863945578231,MID,LOW,0.1819839924573898
445,All_of_the_Lights,41.33151927437642,MID,MID,0.2486189156770706
446,All_of_the_Lights,41.424399092970525,MID,MID,0.2427745312452316
447,All_of_the_Lights,41.517278911564624,MID,MID,0.2359894961118698
448,All_of_the_Lights,41.61015873015873,MID,LOW,0.2626806795597076
449,All_of_the_Lights,41.70303854875283,MID,MID,0.5597259402275085
450,All_of_the_Lights,41.795918367346935,MID,MID,0.4393963813781738
451,All_of_the_Lights,41.88879818594104,MID,MID,0.4572556614875793
452,All_of_the_Lights,41.98167800453515,MID,MID,0.4895338416099548
453,All_of_the_Lights,42.074557823129254,MID,MID,0.5158522129058838
454,All_of_the_Lights,42.16743764172335,MID,MID,0.518599808216095
455,All_of_the_Lights,42.26031746031746,MID,MID,0.5239529013633728
456,All_of_the_Lights,42.353197278911566,MID,MID,0.5573077201843262
457,All_of_the_Lights,42.44607709750567,MID,MID,0.4859093725681305
458,All_of_the_Lights,42.53895691609977,MID,MID,0.4200476408004761
459,All_of_the_Lights,42.63183673469388,MID,MID,0.4553228616714477
460,All_of_the_Lights,42.72471655328798,MID,MID,0.4141329228878021
461,All_of_the_Lights,42.81759637188209,MID,MID,0.366119921207428
462,All_of_the_Lights,42.91047619047619,MID,MID,0.477845162153244
463,All_of_the_Lights,43.003356009070295,MID,MID,0.513301432132721
464,All_of_the_Lights,43.0962358276644,MID,MID,0.4722248017787933
465,All_of_the_Lights,43.1891156462585,MID,HIGH,0.4280018508434295
466,All_of_the_Lights,43.281995464852606,MID,HIGH,0.3966757953166961
467,All_of_the_Lights,43.37487528344671,MID,HIGH,0.5422596335411072
468,All_of_the_Lights,43.46775510204082,MID,HIGH,0.4527989327907562
469,All_of_the_Lights,43.56063492063492,MID,HIGH,0.318995326757431
470,All_of_the_Lights,43.653514739229024,MID,HIGH,0.352811723947525
471,All_of_the_Lights,43.74639455782313,MID,HIGH,0.3293711543083191
472,All_of_the_Lights,43.83927437641724,MID,HIGH,0.3607533276081085
473,All_of_the_Lights,43.932154195011336,MID,HIGH,0.3611219823360443
474,All_of_the_Lights,44.02503401360544,MID,HIGH,0.5561591386795044
475,All_of_the_Lights,44.11791383219955,MID,HIGH,0.441153734922409
476,All_of_the_Lights,44.210793650793654,MID,HIGH,0.443892627954483
477,All_of_the_Lights,44.30367346938775,MID,HIGH,0.4904122352600097
478,All_of_the_Lights,44.39655328798186,MID,HIGH,0.4741383194923401
479,All_of_the_Lights,44.489433106575966,MID,HIGH,0.4585291743278503
480,All_of_the_Lights,44.582312925170065,MID,HIGH,0.5265499353408813
481,All_of_the_Lights,44.67519274376417,MID,HIGH,0.5819042325019836
482,All_of_the_Lights,44.76807256235828,MID,HIGH,0.5190673470497131
483,All_of_the_Lights,44.860952380952384,MID,HIGH,0.5463905930519104
0,Dead_Flowers,0.0,MID,MID,0.4333043098449707
1,Dead_Flowers,0.0928798185941043,MID,MID,0.4185495376586914
2,Dead_Flowers,0.1857596371882086,MID,MID,0.2607288062572479
3,Dead_Flowers,0.2786394557823129,MID,MID,0.1348186433315277
4,Dead_Flowers,0.3715192743764172,MID,MID,0.5001055002212524
5,Dead_Flowers,0.4643990929705215,MID,MID,0.3760211169719696
6,Dead_Flowers,0.5572789115646258,MID,MID,0.2143136858940124
7,Dead_Flowers,0.6501587301587302,MID,MID,0.1917812377214431
8,Dead_Flowers,0.7430385487528345,MID,MID,0.3212104141712188
9,Dead_Flowers,0.8359183673469388,MID,LOW,0.2028983235359192
10,Dead_Flowers,0.9287981859410432,MID,LOW,0.191712886095047
11,Dead_Flowers,1.0216780045351477,MID,LOW,0.1088796481490135
12,Dead_Flowers,1.1145578231292517,MID,LOW,0.1542582958936691
13,Dead_Flowers,1.207437641723356,MID,LOW,0.2040448486804962
14,Dead_Flowers,1.3003174603174603,MID,LOW,0.1963486820459365
15,Dead_Flowers,1.3931972789115643,MID,LOW,0.2373055815696716
16,Dead_Flowers,1.486077097505669,MID,LOW,0.4966112673282623
17,Dead_Flowers,1.5789569160997732,MID,LOW,0.2794417142868042
18,Dead_Flowers,1.6718367346938776,MID,LOW,0.205136552453041
19,Dead_Flowers,1.7647165532879818,MID,LOW,0.2135723978281021
20,Dead_Flowers,1.8575963718820865,MID,LOW,0.2174228876829147
21,Dead_Flowers,1.9504761904761905,MID,LOW,0.3723562657833099
22,Dead_Flowers,2.043356009070295,MID,LOW,0.4364734888076782
23,Dead_Flowers,2.136235827664399,MID,LOW,0.3208489120006561
24,Dead_Flowers,2.2291156462585033,MID,LOW,0.2068890184164047
25,Dead_Flowers,2.321995464852608,MID,LOW,0.209068551659584
26,Dead_Flowers,2.414875283446712,MID,LOW,0.188850924372673
27,Dead_Flowers,2.507755102040816,MID,LOW,0.1990523338317871
28,Dead_Flowers,2.6006349206349206,MID,LOW,0.2128981947898864
29,Dead_Flowers,2.693514739229025,MID,LOW,0.4809625148773193
30,Dead_Flowers,2.786394557823129,MID,LOW,0.3237372040748596
31,Dead_Flowers,2.8792743764172335,MID,LOW,0.4763890206813812
32,Dead_Flowers,2.972154195011338,MID,LOW,0.3398985862731933
33,Dead_Flowers,3.0650340136054424,MID,LOW,0.2495970427989959
34,Dead_Flowers,3.1579138321995464,MID,LOW,0.1745322048664093
35,Dead_Flowers,3.250793650793651,MID,LOW,0.5219953060150146
36,Dead_Flowers,3.3436734693877552,MID,LOW,0.24923937022686
37,Dead_Flowers,3.436553287981859,MID,LOW,0.5446146130561829
38,Dead_Flowers,3.5294331065759637,MID,LOW,0.255656898021698
39,Dead_Flowers,3.622312925170068,MID,LOW,0.36237633228302
40,Dead_Flowers,3.715192743764173,MID,LOW,0.2627873420715332
41,Dead_Flowers,3.808072562358277,MID,LOW,0.2328572869300842
42,Dead_Flowers,3.900952380952381,MID,LOW,0.1900113523006439
43,Dead_Flowers,3.9938321995464854,MID,LOW,0.1821153312921524
44,Dead_Flowers,4.08671201814059,MID,LOW,0.179506316781044
45,Dead_Flowers,4.179591836734694,MID,LOW,0.2291279882192611
46,Dead_Flowers,4.272471655328798,MID,LOW,0.2583099603652954
47,Dead_Flowers,4.365351473922902,LOW,LOW,0.2761398553848266
48,Dead_Flowers,4.458231292517007,LOW,LOW,0.1548176854848861
49,Dead_Flowers,4.551111111111111,LOW,LOW,0.1300528347492218
50,Dead_Flowers,4.6439909297052155,LOW,LOW,0.1249833330512046
51,Dead_Flowers,4.73687074829932,LOW,LOW,0.1225265488028526
52,Dead_Flowers,4.829750566893424,LOW,LOW,0.2255942523479461
53,Dead_Flowers,4.922630385487528,LOW,LOW,0.1994727402925491
54,Dead_Flowers,5.015510204081632,LOW,LOW,0.1553465873003006
55,Dead_Flowers,5.108390022675737,LOW,LOW,0.182718738913536
56,Dead_Flowers,5.201269841269841,LOW,LOW,0.1695164144039154
57,Dead_Flowers,5.294149659863946,LOW,LOW,0.1591366678476333
58,Dead_Flowers,5.38702947845805,LOW,LOW,0.2755618691444397
59,Dead_Flowers,5.479909297052155,LOW,LOW,0.144460067152977
60,Dead_Flowers,5.572789115646258,LOW,LOW,0.1423050910234451
61,Dead_Flowers,5.6656689342403626,LOW,LOW,0.1924667060375213
62,Dead_Flowers,5.758548752834467,LOW,LOW,0.1791176199913025
63,Dead_Flowers,5.851428571428571,LOW,LOW,0.198054626584053
64,Dead_Flowers,5.944308390022676,LOW,LOW,0.1744768470525741
65,Dead_Flowers,6.03718820861678,LOW,LOW,0.1494302600622177
66,Dead_Flowers,6.130068027210885,LOW,LOW,0.1748273521661758
67,Dead_Flowers,6.222947845804988,LOW,LOW,0.2016940265893936
68,Dead_Flowers,6.315827664399093,LOW,LOW,0.1846489459276199
69,Dead_Flowers,6.408707482993197,LOW,LOW,0.1849707514047622
70,Dead_Flowers,6.501587301587302,LOW,LOW,0.1382741928100586
71,Dead_Flowers,6.594467120181406,LOW,LOW,0.1139528453350067
72,Dead_Flowers,6.6873469387755105,LOW,LOW,0.1118756830692291
73,Dead_Flowers,6.780226757369615,LOW,LOW,0.1048523262143135
74,Dead_Flowers,6.873106575963718,LOW,LOW,0.1073110476136207
75,Dead_Flowers,6.965986394557823,LOW,LOW,0.1104127392172813
76,Dead_Flowers,7.058866213151927,LOW,LOW,0.1054366677999496
77,Dead_Flowers,7.151746031746032,LOW,LOW,0.2487018704414367
78,Dead_Flowers,7.244625850340136,LOW,LOW,0.2111878991127014
79,Dead_Flowers,7.337505668934241,LOW,LOW,0.1145398765802383
80,Dead_Flowers,7.430385487528345,LOW,LOW,0.1086879968643188
81,Dead_Flowers,7.523265306122449,LOW,LOW,0.106248028576374
82,Dead_Flowers,7.616145124716553,LOW,LOW,0.1070342808961868
83,Dead_Flowers,7.7090249433106575,LOW,LOW,0.2278371900320053
84,Dead_Flowers,7.801904761904762,LOW,LOW,0.1486157327890396
85,Dead_Flowers,7.894784580498866,LOW,LOW,0.1703885048627853
86,Dead_Flowers,7.987664399092971,LOW,LOW,0.187614232301712
87,Dead_Flowers,8.080544217687075,LOW,LOW,0.1985507011413574
88,Dead_Flowers,8.17342403628118,LOW,LOW,0.1763432770967483
89,Dead_Flowers,8.266303854875284,LOW,LOW,0.2638439536094665
90,Dead_Flowers,8.359183673469389,LOW,LOW,0.1526405364274978
91,Dead_Flowers,8.452063492063493,LOW,LOW,0.1833883076906204
92,Dead_Flowers,8.544943310657596,LOW,LOW,0.178315982222557
93,Dead_Flowers,8.6378231292517,LOW,LOW,0.1928469687700271
94,Dead_Flowers,8.730702947845804,LOW,LOW,0.1731039732694625
95,Dead_Flowers,8.823582766439909,LOW,LOW,0.1224603205919265
96,Dead_Flowers,8.916462585034013,LOW,LOW,0.1237699463963508
97,Dead_Flowers,9.009342403628118,LOW,LOW,0.1689482182264328
98,Dead_Flowers,9.102222222222222,LOW,LOW,0.167941004037857
99,Dead_Flowers,9.195102040816328,LOW,LOW,0.1634167432785034
100,Dead_Flowers,9.287981859410433,LOW,LOW,0.1708392053842544
101,Dead_Flowers,9.380861678004536,LOW,LOW,0.1743006110191345
102,Dead_Flowers,9.47374149659864,LOW,LOW,0.1680887937545776
103,Dead_Flowers,9.566621315192744,LOW,LOW,0.1691059917211532
104,Dead_Flowers,9.659501133786849,LOW,LOW,0.1279662698507309
105,Dead_Flowers,9.752380952380951,LOW,LOW,0.0828631967306137
106,Dead_Flowers,9.845260770975056,LOW,LOW,0.135024145245552
107,Dead_Flowers,9.93814058956916,LOW,LOW,0.1541065871715545
108,Dead_Flowers,10.031020408163265,LOW,LOW,0.2656340003013611
109,Dead_Flowers,10.12390022675737,LOW,LOW,0.1772175431251526
110,Dead_Flowers,10.216780045351474,LOW,LOW,0.1525270342826843
111,Dead_Flowers,10.309659863945578,LOW,LOW,0.1424185037612915
112,Dead_Flowers,10.402539682539684,LOW,LOW,0.148238405585289
113,Dead_Flowers,10.495419501133789,LOW,LOW,0.1601749509572982
114,Dead_Flowers,10.588299319727891,LOW,LOW,0.245541363954544
115,Dead_Flowers,10.681179138321996,LOW,LOW,0.1923151165246963
116,Dead_Flowers,10.7740589569161,LOW,LOW,0.1801143884658813
117,Dead_Flowers,10.866938775510205,LOW,LOW,0.1297927796840667
118,Dead_Flowers,10.95981859410431,LOW,LOW,0.1737763881683349
119,Dead_Flowers,11.052698412698414,LOW,LOW,0.2297970950603485
120,Dead_Flowers,11.145578231292516,LOW,LOW,0.1841257810592651
121,Dead_Flowers,11.23845804988662,LOW,LOW,0.1654174178838729
122,Dead_Flowers,11.331337868480723,LOW,LOW,0.1684640347957611
123,Dead_Flowers,11.42421768707483,LOW,LOW,0.1715339720249176
124,Dead_Flowers,11.517097505668934,LOW,LOW,0.1705048680305481
125,Dead_Flowers,11.609977324263038,LOW,LOW,0.131264328956604
126,Dead_Flowers,11.702857142857145,LOW,LOW,0.1640185564756393
127,Dead_Flowers,11.795736961451247,LOW,LOW,0.1528968811035156
128,Dead_Flowers,11.888616780045352,LOW,LOW,0.1570474207401275
129,Dead_Flowers,11.981496598639456,LOW,LOW,0.1625616401433944
130,Dead_Flowers,12.07437641723356,LOW,LOW,0.1800497323274612
131,Dead_Flowers,12.167256235827663,LOW,LOW,0.1850677728652954
132,Dead_Flowers,12.26013605442177,LOW,LOW,0.1420519351959228
133,Dead_Flowers,12.353015873015874,LOW,LOW,0.1587855964899063
134,Dead_Flowers,12.445895691609977,LOW,LOW,0.186628520488739
135,Dead_Flowers,12.53877551020408,LOW,LOW,0.1233056634664535
136,Dead_Flowers,12.631655328798184,LOW,LOW,0.1125786155462265
137,Dead_Flowers,12.72453514739229,LOW,LOW,0.1793512552976608
138,Dead_Flowers,12.817414965986394,LOW,LOW,0.1959570348262787
139,Dead_Flowers,12.9102947845805,LOW,LOW,0.26214399933815
140,Dead_Flowers,13.003174603174603,LOW,LOW,0.173368215560913
141,Dead_Flowers,13.096054421768708,LOW,LOW,0.1507340967655182
142,Dead_Flowers,13.188934240362812,LOW,LOW,0.1701617091894149
143,Dead_Flowers,13.281814058956916,LOW,LOW,0.1845558881759643
144,Dead_Flowers,13.37469387755102,LOW,LOW,0.2393901348114013
145,Dead_Flowers,13.467573696145124,LOW,LOW,0.2302709519863128
146,Dead_Flowers,13.56045351473923,LOW,LOW,0.2022210210561752
147,Dead_Flowers,13.653333333333334,LOW,LOW,0.189658522605896
148,Dead_Flowers,13.746213151927437,LOW,LOW,0.1782679259777069
149,Dead_Flowers,13.83909297052154,LOW,LOW,0.1938181668519973
150,Dead_Flowers,13.931972789115646,LOW,LOW,0.2797564566135406
151,Dead_Flowers,14.02485260770975,LOW,LOW,0.2478606104850769
152,Dead_Flowers,14.117732426303856,LOW,MID,0.2143562138080597
153,Dead_Flowers,14.21061224489796,LOW,MID,0.2163210213184356
154,Dead_Flowers,14.303492063492063,LOW,MID,0.2376521080732345
155,Dead_Flowers,14.396371882086168,LOW,MID,0.2325973212718963
156,Dead_Flowers,14.489251700680272,LOW,MID,0.238412544131279
157,Dead_Flowers,14.582131519274377,LOW,MID,0.201985701918602
158,Dead_Flowers,14.67501133786848,LOW,MID,0.2107572555541992
159,Dead_Flowers,14.767891156462586,LOW,MID,0.2013053745031356
160,Dead_Flowers,14.86077097505669,LOW,LOW,0.2151446342468261
161,Dead_Flowers,14.953650793650796,LOW,LOW,0.2174438387155532
162,Dead_Flowers,15.046530612244895,LOW,LOW,0.2250730842351913
163,Dead_Flowers,15.139410430839002,LOW,LOW,0.1958232522010803
164,Dead_Flowers,15.232290249433106,LOW,MID,0.2023487985134124
165,Dead_Flowers,15.32517006802721,LOW,MID,0.172398954629898
166,Dead_Flowers,15.418049886621317,LOW,MID,0.1510534882545471
167,Dead_Flowers,15.51092970521542,LOW,MID,0.1736226230859756
168,Dead_Flowers,15.603809523809524,LOW,MID,0.1773046255111694
169,Dead_Flowers,15.696689342403628,LOW,MID,0.2212999910116195
170,Dead_Flowers,15.789569160997733,LOW,MID,0.2276497036218643
171,Dead_Flowers,15.882448979591835,LOW,MID,0.2004724740982055
172,Dead_Flowers,15.975328798185942,LOW,MID,0.2513674795627594
173,Dead_Flowers,16.068208616780044,LOW,MID,0.2472805976867675
174,Dead_Flowers,16.16108843537415,LOW,MID,0.2478105425834655
175,Dead_Flowers,16.253968253968253,LOW,MID,0.270706444978714
176,Dead_Flowers,16.34684807256236,LOW,MID,0.1440070271492004
177,Dead_Flowers,16.439727891156462,LOW,MID,0.3363658189773559
178,Dead_Flowers,16.532607709750568,HIGH,MID,0.3375853598117828
179,Dead_Flowers,16.62548752834467,HIGH,MID,0.4788450300693512
180,Dead_Flowers,16.718367346938777,HIGH,MID,0.3936235606670379
181,Dead_Flowers,16.81124716553288,HIGH,MID,0.3382229506969452
182,Dead_Flowers,16.904126984126986,HIGH,MID,0.3009032905101776
183,Dead_Flowers,16.99700680272109,HIGH,MID,0.3087018728256225
184,Dead_Flowers,17.08988662131519,HIGH,MID,0.3052431046962738
185,Dead_Flowers,17.182766439909297,HIGH,MID,0.4880295395851135
186,Dead_Flowers,17.2756462585034,HIGH,MID,0.2841539680957794
187,Dead_Flowers,17.368526077097506,HIGH,MID,0.3213258981704712
188,Dead_Flowers,17.46140589569161,HIGH,MID,0.3245887458324432
189,Dead_Flowers,17.554285714285715,HIGH,MID,0.2992657721042633
190,Dead_Flowers,17.647165532879818,HIGH,MID,0.3100926280021667
191,Dead_Flowers,17.740045351473924,HIGH,MID,0.3280739188194275
192,Dead_Flowers,17.832925170068027,HIGH,MID,0.3334207534790039
193,Dead_Flowers,17.925804988662133,HIGH,MID,0.3576383590698242
194,Dead_Flowers,18.018684807256236,HIGH,MID,0.3351308703422546
195,Dead_Flowers,18.11156462585034,HIGH,MID,0.3472528457641601
196,Dead_Flowers,18.204444444444444,HIGH,MID,0.339702308177948
197,Dead_Flowers,18.297324263038547,HIGH,MID,0.3490249514579773
198,Dead_Flowers,18.390204081632653,HIGH,MID,0.3615744411945343
199,Dead_Flowers,18.483083900226756,HIGH,MID,0.3644041121006012
200,Dead_Flowers,18.575963718820866,HIGH,MID,0.4838537871837616
201,Dead_Flowers,18.668843537414965,HIGH,MID,0.3816755414009094
202,Dead_Flowers,18.76172335600907,HIGH,MID,0.2714618444442749
203,Dead_Flowers,18.854603174603177,HIGH,MID,0.2461114227771759
204,Dead_Flowers,18.94748299319728,HIGH,MID,0.3021588325500488
205,Dead_Flowers,19.040362811791383,HIGH,MID,0.2923605144023895
206,Dead_Flowers,19.13324263038549,HIGH,MID,0.4472900927066803
207,Dead_Flowers,19.22612244897959,HIGH,MID,0.3661273419857025
208,Dead_Flowers,19.319002267573698,HIGH,MID,0.3514522910118103
209,Dead_Flowers,19.4118820861678,HIGH,MID,0.3068417906761169
210,Dead_Flowers,19.504761904761907,HIGH,MID,0.3061622381210327
211,Dead_Flowers,19.59764172335601,HIGH,MID,0.3205075562000274
212,Dead_Flowers,19.690521541950112,HIGH,MID,0.4519091546535492
213,Dead_Flowers,19.783401360544214,HIGH,MID,0.3709724843502044
214,Dead_Flowers,19.87628117913832,HIGH,MID,0.3015994131565094
215,Dead_Flowers,19.969160997732427,HIGH,MID,0.3042002320289612
216,Dead_Flowers,20.06204081632653,HIGH,MID,0.3908441364765167
217,Dead_Flowers,20.154920634920636,HIGH,MID,0.3196377456188202
218,Dead_Flowers,20.24780045351474,HIGH,MID,0.325443685054779
219,Dead_Flowers,20.340680272108845,HIGH,MID,0.3482264876365661
220,Dead_Flowers,20.433560090702947,HIGH,MID,0.3105583786964416
221,Dead_Flowers,20.526439909297057,HIGH,MID,0.3128746747970581
222,Dead_Flowers,20.619319727891156,HIGH,MID,0.3190696239471435
223,Dead_Flowers,20.712199546485262,HIGH,MID,0.3263874351978302
224,Dead_Flowers,20.805079365079365,HIGH,MID,0.3549410104751587
225,Dead_Flowers,20.897959183673468,HIGH,MID,0.4480005502700805
226,Dead_Flowers,20.990839002267577,HIGH,MID,0.40369513630867
227,Dead_Flowers,21.083718820861677,HIGH,MID,0.3117707669734955
228,Dead_Flowers,21.176598639455783,HIGH,MID,0.1048226132988929
229,Dead_Flowers,21.269478458049885,HIGH,MID,0.3394249081611633
230,Dead_Flowers,21.36235827664399,HIGH,MID,0.3266000747680664
231,Dead_Flowers,21.455238095238094,HIGH,MID,0.4516006708145141
232,Dead_Flowers,21.5481179138322,HIGH,MID,0.3413382172584533
233,Dead_Flowers,21.640997732426303,HIGH,MID,0.2890362441539764
234,Dead_Flowers,21.73387755102041,HIGH,MID,0.286575436592102
235,Dead_Flowers,21.826757369614512,HIGH,MID,0.2567877173423767
236,Dead_Flowers,21.91963718820862,HIGH,MID,0.2968941926956177
237,Dead_Flowers,22.01251700680272,HIGH,MID,0.50169837474823
238,Dead_Flowers,22.105396825396827,HIGH,MID,0.2964120805263519
239,Dead_Flowers,22.19827664399093,HIGH,MID,0.280266135931015
240,Dead_Flowers,22.291156462585032,HIGH,MID,0.250863641500473
241,Dead_Flowers,22.38403628117914,HIGH,MID,0.2799970209598541
242,Dead_Flowers,22.47691609977324,HIGH,MID,0.3841548562049866
243,Dead_Flowers,22.569795918367348,HIGH,HIGH,0.4629087150096893
244,Dead_Flowers,22.66267573696145,HIGH,HIGH,0.3532981872558594
245,Dead_Flowers,22.755555555555556,HIGH,HIGH,0.3035959601402282
246,Dead_Flowers,22.84843537414966,HIGH,HIGH,0.341583788394928
247,Dead_Flowers,22.941315192743765,HIGH,HIGH,0.3654170632362366
248,Dead_Flowers,23.034195011337868,HIGH,HIGH,0.3761102259159088
249,Dead_Flowers,23.127074829931978,HIGH,HIGH,0.3730602860450744
250,Dead_Flowers,23.219954648526077,HIGH,HIGH,0.3765028417110443
251,Dead_Flowers,23.312834467120183,HIGH,HIGH,0.3814767897129059
252,Dead_Flowers,23.40571428571429,HIGH,HIGH,0.3625580370426178
253,Dead_Flowers,23.49859410430839,HIGH,HIGH,0.3713237941265106
254,Dead_Flowers,23.591473922902495,HIGH,HIGH,0.3805118799209595
255,Dead_Flowers,23.684353741496597,HIGH,HIGH,0.2944529056549072
256,Dead_Flowers,23.777233560090703,HIGH,HIGH,0.4444454908370971
257,Dead_Flowers,23.87011337868481,HIGH,HIGH,0.3358272016048431
258,Dead_Flowers,23.962993197278912,HIGH,HIGH,0.1546927988529205
259,Dead_Flowers,24.055873015873015,HIGH,HIGH,0.0940755307674408
260,Dead_Flowers,24.14875283446712,HIGH,HIGH,0.3821369111537933
261,Dead_Flowers,24.241632653061224,HIGH,HIGH,0.3231390416622162
262,Dead_Flowers,24.33451247165533,HIGH,HIGH,0.4399490058422088
263,Dead_Flowers,24.427392290249433,HIGH,HIGH,0.3286448419094085
264,Dead_Flowers,24.52027210884354,HIGH,HIGH,0.2774211466312408
265,Dead_Flowers,24.61315192743764,HIGH,HIGH,0.2972959876060486
266,Dead_Flowers,24.706031746031748,HIGH,HIGH,0.273647129535675
267,Dead_Flowers,24.79891156462585,HIGH,HIGH,0.3812655508518219
268,Dead_Flowers,24.891791383219953,HIGH,HIGH,0.4490066766738891
269,Dead_Flowers,24.98467120181406,HIGH,HIGH,0.2853986620903015
270,Dead_Flowers,25.07755102040816,HIGH,HIGH,0.2762840688228607
271,Dead_Flowers,25.170430839002268,HIGH,HIGH,0.265748381614685
272,Dead_Flowers,25.26331065759637,HIGH,HIGH,0.3061252534389496
273,Dead_Flowers,25.356190476190477,HIGH,HIGH,0.4674247503280639
274,Dead_Flowers,25.44907029478458,HIGH,HIGH,0.4089574217796325
275,Dead_Flowers,25.54195011337869,HIGH,HIGH,0.314676821231842
276,Dead_Flowers,25.63482993197279,HIGH,HIGH,0.2977269887924194
277,Dead_Flowers,25.727709750566895,HIGH,HIGH,0.336236834526062
278,Dead_Flowers,25.820589569160997,HIGH,HIGH,0.3112653195858001
279,Dead_Flowers,25.913469387755104,HIGH,HIGH,0.295910120010376
280,Dead_Flowers,26.006349206349206,HIGH,HIGH,0.2695641219615936
281,Dead_Flowers,26.09922902494331,HIGH,HIGH,0.2729344367980957
282,Dead_Flowers,26.192108843537415,HIGH,HIGH,0.2686547935009002
283,Dead_Flowers,26.28498866213152,HIGH,HIGH,0.2640080749988556
284,Dead_Flowers,26.377868480725624,HIGH,HIGH,0.2891947031021118
285,Dead_Flowers,26.470748299319727,HIGH,HIGH,0.3295915424823761
286,Dead_Flowers,26.563628117913833,HIGH,HIGH,0.3275603652000427
287,Dead_Flowers,26.656507936507936,HIGH,HIGH,0.413532018661499
288,Dead_Flowers,26.74938775510204,HIGH,HIGH,0.3354721665382385
289,Dead_Flowers,26.842267573696144,HIGH,HIGH,0.3006404340267181
290,Dead_Flowers,26.93514739229025,HIGH,HIGH,0.3263527154922485
291,Dead_Flowers,27.028027210884353,HIGH,HIGH,0.3238279819488525
292,Dead_Flowers,27.12090702947846,HIGH,HIGH,0.3313925266265869
293,Dead_Flowers,27.21378684807256,HIGH,HIGH,0.2268038392066955
294,Dead_Flowers,27.30666666666667,HIGH,HIGH,0.1668951511383056
295,Dead_Flowers,27.39954648526077,HIGH,HIGH,0.2391122579574585
296,Dead_Flowers,27.492426303854874,HIGH,HIGH,0.2302939295768737
297,Dead_Flowers,27.58530612244898,HIGH,HIGH,0.2272703647613525
298,Dead_Flowers,27.678185941043083,HIGH,HIGH,0.2401757538318634
299,Dead_Flowers,27.77106575963719,HIGH,HIGH,0.107117936015129
300,Dead_Flowers,27.86394557823129,HIGH,HIGH,0.3176221549510956
301,Dead_Flowers,27.9568253968254,HIGH,HIGH,0.33882936835289
302,Dead_Flowers,28.0497052154195,HIGH,HIGH,0.4422834813594818
303,Dead_Flowers,28.142585034013607,HIGH,HIGH,0.3547469973564148
304,Dead_Flowers,28.23546485260771,HIGH,HIGH,0.3017537593841553
305,Dead_Flowers,28.328344671201815,HIGH,HIGH,0.3179840743541717
306,Dead_Flowers,28.42122448979592,HIGH,HIGH,0.3022187948226928
307,Dead_Flowers,28.514104308390024,HIGH,HIGH,0.309992104768753
308,Dead_Flowers,28.606984126984127,HIGH,HIGH,0.4690521359443664
309,Dead_Flowers,28.69986394557823,HIGH,HIGH,0.3107136785984039
310,Dead_Flowers,28.792743764172336,HIGH,HIGH,0.3273855149745941
311,Dead_Flowers,28.88562358276644,HIGH,HIGH,0.3213600516319275
312,Dead_Flowers,28.978503401360545,HIGH,HIGH,0.351153552532196
313,Dead_Flowers,29.071383219954647,HIGH,HIGH,0.3151707649230957
314,Dead_Flowers,29.164263038548754,HIGH,HIGH,0.341545432806015
315,Dead_Flowers,29.257142857142856,HIGH,HIGH,0.3460033237934112
316,Dead_Flowers,29.35002267573696,HIGH,HIGH,0.3542927503585815
317,Dead_Flowers,29.442902494331065,HIGH,HIGH,0.3588321506977081
318,Dead_Flowers,29.53578231292517,HIGH,HIGH,0.3550240099430084
319,Dead_Flowers,29.62866213151927,HIGH,HIGH,0.3727629482746124
320,Dead_Flowers,29.72154195011338,HIGH,HIGH,0.3631155788898468
321,Dead_Flowers,29.814421768707483,HIGH,HIGH,0.3813171684741974
322,Dead_Flowers,29.90730158730159,HIGH,HIGH,0.3831708431243896
323,Dead_Flowers,30.00018140589569,HIGH,HIGH,0.4760448634624481
324,Dead_Flowers,30.09306122448979,HIGH,HIGH,0.3823849856853485
325,Dead_Flowers,30.1859410430839,HIGH,HIGH,0.2854190170764923
326,Dead_Flowers,30.278820861678003,HIGH,HIGH,0.2859003245830536
327,Dead_Flowers,30.37170068027211,HIGH,HIGH,0.2756483256816864
328,Dead_Flowers,30.464580498866212,HIGH,HIGH,0.2769151926040649
329,Dead_Flowers,30.55746031746032,HIGH,HIGH,0.4408996403217315
330,Dead_Flowers,30.65034013605442,HIGH,HIGH,0.3568931818008423
331,Dead_Flowers,30.743219954648527,HIGH,HIGH,0.3268857300281524
332,Dead_Flowers,30.83609977324263,HIGH,HIGH,0.2985671758651733
333,Dead_Flowers,30.928979591836736,HIGH,HIGH,0.2324329614639282
334,Dead_Flowers,31.02185941043084,HIGH,HIGH,0.2740798890590668
335,Dead_Flowers,31.114739229024945,HIGH,HIGH,0.4535097777843475
336,Dead_Flowers,31.207619047619048,HIGH,HIGH,0.3698521852493286
337,Dead_Flowers,31.30049886621315,HIGH,HIGH,0.3257412016391754
338,Dead_Flowers,31.393378684807256,HIGH,HIGH,0.3272898495197296
339,Dead_Flowers,31.48625850340136,HIGH,HIGH,0.3726528286933899
340,Dead_Flowers,31.579138321995465,HIGH,HIGH,0.3300138711929321
341,Dead_Flowers,31.672018140589568,HIGH,HIGH,0.3340142369270324
342,Dead_Flowers,31.76489795918367,HIGH,HIGH,0.3474026918411255
343,Dead_Flowers,31.857777777777777,HIGH,HIGH,0.3253773748874664
344,Dead_Flowers,31.950657596371883,HIGH,HIGH,0.3474355936050415
345,Dead_Flowers,32.04353741496599,HIGH,HIGH,0.3497574031352997
346,Dead_Flowers,32.13641723356009,HIGH,HIGH,0.3501763045787811
347,Dead_Flowers,32.229297052154195,HIGH,HIGH,0.3781954348087311
348,Dead_Flowers,32.3221768707483,HIGH,HIGH,0.4507830142974853
349,Dead_Flowers,32.41505668934241,HIGH,HIGH,0.4104968607425689
350,Dead_Flowers,32.507936507936506,HIGH,HIGH,0.3032087087631225
351,Dead_Flowers,32.60081632653061,HIGH,HIGH,0.1139127016067504
352,Dead_Flowers,32.69369614512472,HIGH,HIGH,0.3256328701972961
353,Dead_Flowers,32.78657596371882,HIGH,HIGH,0.3389142453670501
354,Dead_Flowers,32.879455782312924,HIGH,HIGH,0.4545364379882812
355,Dead_Flowers,32.97233560090703,HIGH,HIGH,0.3409333825111389
356,Dead_Flowers,33.065215419501136,HIGH,HIGH,0.2905682027339935
357,Dead_Flowers,33.158095238095235,HIGH,HIGH,0.3149769604206085
358,Dead_Flowers,33.25097505668934,HIGH,HIGH,0.3052270114421844
359,Dead_Flowers,33.34385487528345,HIGH,HIGH,0.2915445566177368
360,Dead_Flowers,33.436734693877554,HIGH,HIGH,0.4949820637702942
361,Dead_Flowers,33.52961451247165,HIGH,HIGH,0.3116456866264343
362,Dead_Flowers,33.62249433106576,HIGH,HIGH,0.3248275816440582
363,Dead_Flowers,33.715374149659866,HIGH,HIGH,0.2390803545713424
364,Dead_Flowers,33.80825396825397,HIGH,HIGH,0.2767700552940368
365,Dead_Flowers,33.90113378684807,HIGH,HIGH,0.370017796754837
366,Dead_Flowers,33.99401360544218,HIGH,HIGH,0.4618822336196899
367,Dead_Flowers,34.08689342403628,HIGH,HIGH,0.3126044571399688
368,Dead_Flowers,34.17977324263038,HIGH,HIGH,0.2970556616783142
369,Dead_Flowers,34.27265306122449,HIGH,HIGH,0.3049798607826233
370,Dead_Flowers,34.365532879818595,HIGH,HIGH,0.3326959013938904
371,Dead_Flowers,34.4584126984127,HIGH,HIGH,0.3367579579353332
372,Dead_Flowers,34.5512925170068,HIGH,HIGH,0.3454901576042175
373,Dead_Flowers,34.644172335600906,HIGH,HIGH,0.3344103395938873
374,Dead_Flowers,34.73705215419501,HIGH,HIGH,0.3542660772800445
375,Dead_Flowers,34.82993197278912,HIGH,HIGH,0.3678997457027435
376,Dead_Flowers,34.92281179138322,HIGH,HIGH,0.3779819309711456
377,Dead_Flowers,35.015691609977324,HIGH,HIGH,0.3737099766731262
378,Dead_Flowers,35.10857142857143,HIGH,HIGH,0.3007308542728424
379,Dead_Flowers,35.20145124716553,HIGH,HIGH,0.4633749425411224
380,Dead_Flowers,35.294331065759636,HIGH,HIGH,0.3487758040428161
381,Dead_Flowers,35.38721088435374,HIGH,HIGH,0.1806608736515045
382,Dead_Flowers,35.48009070294785,HIGH,HIGH,0.0922918245196342
383,Dead_Flowers,35.57297052154195,HIGH,HIGH,0.3721671104431152
384,Dead_Flowers,35.66585034013605,HIGH,HIGH,0.3124009072780609
385,Dead_Flowers,35.75873015873016,HIGH,HIGH,0.4323239028453827
386,Dead_Flowers,35.851609977324266,HIGH,HIGH,0.3192383348941803
387,Dead_Flowers,35.944489795918365,HIGH,HIGH,0.2835957705974579
388,Dead_Flowers,36.03736961451247,HIGH,HIGH,0.282680481672287
389,Dead_Flowers,36.13024943310658,HIGH,HIGH,0.2945452034473419
390,Dead_Flowers,36.22312925170068,HIGH,HIGH,0.3321574330329895
391,Dead_Flowers,36.31600907029478,HIGH,HIGH,0.4684913158416748
392,Dead_Flowers,36.40888888888889,HIGH,HIGH,0.2918395102024078
393,Dead_Flowers,36.501768707482995,HIGH,HIGH,0.278232991695404
394,Dead_Flowers,36.594648526077094,HIGH,HIGH,0.2620410919189453
395,Dead_Flowers,36.6875283446712,HIGH,HIGH,0.2969492077827453
396,Dead_Flowers,36.78040816326531,HIGH,HIGH,0.4440173208713531
397,Dead_Flowers,36.87328798185941,HIGH,HIGH,0.4139147698879242
398,Dead_Flowers,36.96616780045351,HIGH,HIGH,0.3670194447040558
399,Dead_Flowers,37.05904761904762,HIGH,HIGH,0.3151957392692566
400,Dead_Flowers,37.15192743764173,HIGH,HIGH,0.2743971049785614
401,Dead_Flowers,37.24480725623583,HIGH,HIGH,0.2898949086666107
402,Dead_Flowers,37.33768707482993,HIGH,HIGH,0.2944433093070984
403,Dead_Flowers,37.43056689342403,HIGH,HIGH,0.270467460155487
404,Dead_Flowers,37.52344671201814,HIGH,HIGH,0.2748057544231415
405,Dead_Flowers,37.61632653061225,HIGH,HIGH,0.2740871608257293
406,Dead_Flowers,37.70920634920635,HIGH,HIGH,0.2549277544021606
407,Dead_Flowers,37.802086167800454,HIGH,HIGH,0.3085219264030456
408,Dead_Flowers,37.89496598639456,HIGH,HIGH,0.2892149686813354
409,Dead_Flowers,37.98784580498866,HIGH,HIGH,0.2384928166866302
410,Dead_Flowers,38.080725623582765,HIGH,HIGH,0.2676205337047577
411,Dead_Flowers,38.17360544217687,HIGH,HIGH,0.2082725465297699
412,Dead_Flowers,38.26648526077098,HIGH,HIGH,0.1573072969913482
413,Dead_Flowers,38.35936507936508,MID,HIGH,0.1548656970262527
414,Dead_Flowers,38.45224489795918,MID,HIGH,0.1747094541788101
415,Dead_Flowers,38.54512471655329,MID,HIGH,0.1949653327465057
416,Dead_Flowers,38.638004535147395,MID,HIGH,0.1733427196741104
417,Dead_Flowers,38.730884353741494,MID,HIGH,0.162473976612091
418,Dead_Flowers,38.8237641723356,MID,HIGH,0.1961045712232589
419,Dead_Flowers,38.91664399092971,MID,HIGH,0.179581806063652
420,Dead_Flowers,39.00952380952381,MID,HIGH,0.1542371362447738
421,Dead_Flowers,39.10240362811791,MID,HIGH,0.1423240453004837
422,Dead_Flowers,39.19528344671202,MID,HIGH,0.1247811019420623
423,Dead_Flowers,39.288163265306125,MID,HIGH,0.1476543694734573
424,Dead_Flowers,39.381043083900224,MID,MID,0.1132614314556121
425,Dead_Flowers,39.47392290249433,MID,MID,0.1225684881210327
426,Dead_Flowers,39.56680272108843,MID,MID,0.1328316777944564
427,Dead_Flowers,39.65968253968254,MID,LOW,0.1456292271614074
428,Dead_Flowers,39.75256235827664,MID,LOW,0.1356000155210495
429,Dead_Flowers,39.84544217687075,MID,LOW,0.1250454932451248
430,Dead_Flowers,39.938321995464854,MID,LOW,0.1021170318126678
431,Dead_Flowers,40.03120181405896,MID,LOW,0.1320950835943222
432,Dead_Flowers,40.12408163265306,MID,LOW,0.1245577037334442
433,Dead_Flowers,40.216961451247165,MID,LOW,0.1120375096797943
434,Dead_Flowers,40.30984126984127,MID,LOW,0.1066565066576004
435,Dead_Flowers,40.40272108843537,MID,LOW,0.0861881226301193
436,Dead_Flowers,40.49560090702948,MID,LOW,0.0756247416138649
437,Dead_Flowers,40.58848072562358,MID,LOW,0.0845111981034278
438,Dead_Flowers,40.68136054421769,MID,LOW,0.0877104774117469
439,Dead_Flowers,40.77424036281179,MID,LOW,0.070424199104309
440,Dead_Flowers,40.867120181405895,MID,LOW,0.0594676882028579
441,Dead_Flowers,40.96,MID,LOW,0.0678194761276245
442,Dead_Flowers,41.05287981859411,MID,LOW,0.0653574094176292
443,Dead_Flowers,41.145759637188206,MID,LOW,0.0539757758378982
444,Dead_Flowers,41.23863945578231,MID,LOW,0.0500422082841396
445,Dead_Flowers,41.33151927437642,MID,LOW,0.0524580441415309
446,Dead_Flowers,41.424399092970525,MID,LOW,0.0798842087388038
447,Dead_Flowers,41.517278911564624,LOW,LOW,0.0913834497332573
448,Dead_Flowers,41.61015873015873,LOW,LOW,0.0680863857269287
449,Dead_Flowers,41.70303854875283,LOW,LOW,0.0552632175385952
450,Dead_Flowers,41.795918367346935,LOW,LOW,0.0584965869784355
451,Dead_Flowers,41.88879818594104,LOW,LOW,0.0480881035327911
452,Dead_Flowers,41.98167800453515,LOW,LOW,0.0340349227190017
453,Dead_Flowers,42.074557823129254,LOW,LOW,0.0421580746769905
454,Dead_Flowers,42.16743764172335,LOW,LOW,0.0914849415421485
455,Dead_Flowers,42.26031746031746,LOW,LOW,0.0394414737820625
456,Dead_Flowers,42.353197278911566,LOW,LOW,0.0411261208355426
457,Dead_Flowers,42.44607709750567,LOW,LOW,0.0366776995360851
458,Dead_Flowers,42.53895691609977,LOW,LOW,0.0332454442977905
459,Dead_Flowers,42.63183673469388,LOW,LOW,0.0348952077329158
460,Dead_Flowers,42.72471655328798,LOW,LOW,0.0320802107453346
461,Dead_Flowers,42.81759637188209,LOW,LOW,0.0463271252810955
462,Dead_Flowers,42.91047619047619,LOW,LOW,0.1094337701797485
463,Dead_Flowers,43.003356009070295,LOW,LOW,0.0795941054821014
464,Dead_Flowers,43.0962358276644,LOW,LOW,0.0699773728847503
465,Dead_Flowers,43.1891156462585,LOW,LOW,0.0599413029849529
466,Dead_Flowers,43.281995464852606,LOW,LOW,0.055276233702898
467,Dead_Flowers,43.37487528344671,LOW,LOW,0.0483939386904239
468,Dead_Flowers,43.46775510204082,LOW,LOW,0.046569500118494
469,Dead_Flowers,43.56063492063492,LOW,LOW,0.0909456312656402
470,Dead_Flowers,43.653514739229024,LOW,LOW,0.0504028461873531
471,Dead_Flowers,43.74639455782313,LOW,LOW,0.0365832932293415
472,Dead_Flowers,43.83927437641724,LOW,LOW,0.033775720745325
473,Dead_Flowers,43.932154195011336,LOW,LOW,0.0403760895133018
474,Dead_Flowers,44.02503401360544,LOW,LOW,0.0523154214024543
475,Dead_Flowers,44.11791383219955,LOW,LOW,0.0884164944291114
476,Dead_Flowers,44.210793650793654,LOW,LOW,0.1015613600611686
477,Dead_Flowers,44.30367346938775,LOW,LOW,0.1250943690538406
478,Dead_Flowers,44.39655328798186,LOW,LOW,0.1249881759285926
479,Dead_Flowers,44.489433106575966,LOW,LOW,0.1175474971532821
480,Dead_Flowers,44.582312925170065,LOW,LOW,0.1039635315537452
481,Dead_Flowers,44.67519274376417,LOW,LOW,0.0821220204234123
482,Dead_Flowers,44.76807256235828,LOW,LOW,0.078632615506649
483,Dead_Flowers,44.860952380952384,LOW,LOW,0.0973452031612396
0,Less_Than_Zero,0.0,MID,MID,0.3566722273826599
1,Less_Than_Zero,0.0928798185941043,MID,MID,0.3242225050926208
2,Less_Than_Zero,0.1857596371882086,MID,MID,0.3540057241916656
3,Less_Than_Zero,0.2786394557823129,MID,MID,0.4930424094200134
4,Less_Than_Zero,0.3715192743764172,MID,MID,0.2006493210792541
5,Less_Than_Zero,0.4643990929705215,MID,MID,0.5068825483322144
6,Less_Than_Zero,0.5572789115646258,MID,MID,0.1274931877851486
7,Less_Than_Zero,0.6501587301587302,MID,MID,0.2739027142524719
8,Less_Than_Zero,0.7430385487528345,MID,MID,0.2718553245067596
9,Less_Than_Zero,0.8359183673469388,MID,MID,0.3956480622291565
10,Less_Than_Zero,0.9287981859410432,MID,MID,0.3500512838363647
11,Less_Than_Zero,1.0216780045351477,MID,MID,0.2804782688617706
12,Less_Than_Zero,1.1145578231292517,MID,MID,0.3249219954013824
13,Less_Than_Zero,1.207437641723356,MID,MID,0.3056007921695709
14,Less_Than_Zero,1.3003174603174603,MID,MID,0.4938909411430359
15,Less_Than_Zero,1.3931972789115643,MID,MID,0.1628419309854507
16,Less_Than_Zero,1.486077097505669,MID,MID,0.298356294631958
17,Less_Than_Zero,1.5789569160997732,MID,MID,0.365664929151535
18,Less_Than_Zero,1.6718367346938776,MID,MID,0.3148005306720733
19,Less_Than_Zero,1.7647165532879818,MID,MID,0.3253470957279205
20,Less_Than_Zero,1.8575963718820865,MID,MID,0.3701701760292053
21,Less_Than_Zero,1.9504761904761905,MID,MID,0.375605046749115
22,Less_Than_Zero,2.043356009070295,MID,MID,0.3403562903404236
23,Less_Than_Zero,2.136235827664399,MID,MID,0.5222392082214355
24,Less_Than_Zero,2.2291156462585033,MID,MID,0.1219116523861885
25,Less_Than_Zero,2.321995464852608,MID,MID,0.2681387662887573
26,Less_Than_Zero,2.414875283446712,MID,MID,0.241051897406578
27,Less_Than_Zero,2.507755102040816,MID,MID,0.319104939699173
28,Less_Than_Zero,2.6006349206349206,MID,MID,0.3254813253879547
29,Less_Than_Zero,2.693514739229025,MID,MID,0.29701828956604
30,Less_Than_Zero,2.786394557823129,MID,MID,0.2772002816200256
31,Less_Than_Zero,2.8792743764172335,MID,MID,0.2700962722301483
32,Less_Than_Zero,2.972154195011338,MID,LOW,0.2810715436935425
33,Less_Than_Zero,3.0650340136054424,MID,LOW,0.2428148239850998
34,Less_Than_Zero,3.1579138321995464,MID,LOW,0.2490845769643783
35,Less_Than_Zero,3.250793650793651,MID,LOW,0.2691992521286011
36,Less_Than_Zero,3.3436734693877552,MID,LOW,0.2774713337421417
37,Less_Than_Zero,3.436553287981859,MID,LOW,0.2032639533281326
38,Less_Than_Zero,3.5294331065759637,MID,LOW,0.10311309248209
39,Less_Than_Zero,3.622312925170068,MID,LOW,0.224487617611885
40,Less_Than_Zero,3.715192743764173,MID,LOW,0.24583600461483
41,Less_Than_Zero,3.808072562358277,MID,LOW,0.2337271869182586
42,Less_Than_Zero,3.900952380952381,MID,LOW,0.2324059158563614
43,Less_Than_Zero,3.9938321995464854,MID,LOW,0.1986141800880432
44,Less_Than_Zero,4.08671201814059,MID,LOW,0.1070687472820282
45,Less_Than_Zero,4.179591836734694,MID,LOW,0.1579709947109222
46,Less_Than_Zero,4.272471655328798,MID,LOW,0.2615742981433868
47,Less_Than_Zero,4.365351473922902,MID,LOW,0.2913119792938232
48,Less_Than_Zero,4.458231292517007,MID,LOW,0.3067401945590973
49,Less_Than_Zero,4.551111111111111,MID,LOW,0.2870017886161804
50,Less_Than_Zero,4.6439909297052155,MID,LOW,0.2885188460350036
51,Less_Than_Zero,4.73687074829932,MID,LOW,0.2839111983776092
52,Less_Than_Zero,4.829750566893424,MID,LOW,0.1953431218862533
53,Less_Than_Zero,4.922630385487528,MID,LOW,0.2263476997613906
54,Less_Than_Zero,5.015510204081632,MID,LOW,0.2299428731203079
55,Less_Than_Zero,5.108390022675737,MID,LOW,0.2318155765533447
56,Less_Than_Zero,5.201269841269841,MID,LOW,0.2348002344369888
57,Less_Than_Zero,5.294149659863946,MID,LOW,0.2120352983474731
58,Less_Than_Zero,5.38702947845805,MID,LOW,0.2079890221357345
59,Less_Than_Zero,5.479909297052155,MID,LOW,0.2995516359806061
60,Less_Than_Zero,5.572789115646258,MID,LOW,0.3052933514118194
61,Less_Than_Zero,5.6656689342403626,MID,LOW,0.2863211929798126
62,Less_Than_Zero,5.758548752834467,MID,LOW,0.2700519561767578
63,Less_Than_Zero,5.851428571428571,MID,LOW,0.229495108127594
64,Less_Than_Zero,5.944308390022676,MID,LOW,0.3210154473781585
65,Less_Than_Zero,6.03718820861678,MID,LOW,0.2861034870147705
66,Less_Than_Zero,6.130068027210885,MID,LOW,0.2765900492668152
67,Less_Than_Zero,6.222947845804988,MID,LOW,0.2832046449184418
68,Less_Than_Zero,6.315827664399093,MID,LOW,0.5012972354888916
69,Less_Than_Zero,6.408707482993197,MID,LOW,0.3085376620292663
70,Less_Than_Zero,6.501587301587302,HIGH,LOW,0.3531264066696167
71,Less_Than_Zero,6.594467120181406,HIGH,LOW,0.3873322606086731
72,Less_Than_Zero,6.6873469387755105,HIGH,LOW,0.3966354429721832
73,Less_Than_Zero,6.780226757369615,HIGH,LOW,0.3568456768989563
74,Less_Than_Zero,6.873106575963718,HIGH,LOW,0.2757359147071838
75,Less_Than_Zero,6.965986394557823,HIGH,LOW,0.5028260946273804
76,Less_Than_Zero,7.058866213151927,HIGH,MID,0.2699531018733978
77,Less_Than_Zero,7.151746031746032,HIGH,MID,0.4749667942523956
78,Less_Than_Zero,7.244625850340136,HIGH,MID,0.3071860373020172
79,Less_Than_Zero,7.337505668934241,HIGH,MID,0.2738909125328064
80,Less_Than_Zero,7.430385487528345,HIGH,MID,0.3558632433414459
81,Less_Than_Zero,7.523265306122449,HIGH,MID,0.3816723823547363
82,Less_Than_Zero,7.616145124716553,HIGH,MID,0.3835884928703308
83,Less_Than_Zero,7.7090249433106575,HIGH,MID,0.3134475648403168
84,Less_Than_Zero,7.801904761904762,HIGH,MID,0.3204977214336395
85,Less_Than_Zero,7.894784580498866,HIGH,MID,0.3114216327667236
86,Less_Than_Zero,7.987664399092971,HIGH,MID,0.493143618106842
87,Less_Than_Zero,8.080544217687075,HIGH,MID,0.2984896898269653
88,Less_Than_Zero,8.17342403628118,HIGH,MID,0.2464084178209304
89,Less_Than_Zero,8.266303854875284,HIGH,MID,0.2563083171844482
90,Less_Than_Zero,8.359183673469389,HIGH,MID,0.2408792227506637
91,Less_Than_Zero,8.452063492063493,HIGH,MID,0.3935024440288543
92,Less_Than_Zero,8.544943310657596,HIGH,MID,0.2979278862476349
93,Less_Than_Zero,8.6378231292517,HIGH,MID,0.3070424497127533
94,Less_Than_Zero,8.730702947845804,HIGH,MID,0.3090308308601379
95,Less_Than_Zero,8.823582766439909,HIGH,MID,0.4879132807254791
96,Less_Than_Zero,8.916462585034013,HIGH,MID,0.2991208136081695
97,Less_Than_Zero,9.009342403628118,HIGH,MID,0.2539173066616058
98,Less_Than_Zero,9.102222222222222,HIGH,MID,0.3117295205593109
99,Less_Than_Zero,9.195102040816328,HIGH,MID,0.2855431139469147
100,Less_Than_Zero,9.287981859410433,HIGH,MID,0.3593249320983886
101,Less_Than_Zero,9.380861678004536,HIGH,MID,0.2798442244529724
102,Less_Than_Zero,9.47374149659864,HIGH,MID,0.2907357811927795
103,Less_Than_Zero,9.566621315192744,HIGH,MID,0.3204288184642792
104,Less_Than_Zero,9.659501133786849,HIGH,MID,0.4851597249507904
105,Less_Than_Zero,9.752380952380951,HIGH,MID,0.3884158432483673
106,Less_Than_Zero,9.845260770975056,HIGH,MID,0.355681836605072
107,Less_Than_Zero,9.93814058956916,HIGH,MID,0.39674112200737
108,Less_Than_Zero,10.031020408163265,HIGH,MID,0.389941394329071
109,Less_Than_Zero,10.12390022675737,HIGH,MID,0.4156864881515503
110,Less_Than_Zero,10.216780045351474,HIGH,MID,0.3352336585521698
111,Less_Than_Zero,10.309659863945578,HIGH,MID,0.5245102047920227
112,Less_Than_Zero,10.402539682539684,HIGH,MID,0.2340990006923675
113,Less_Than_Zero,10.495419501133789,HIGH,MID,0.4529571533203125
114,Less_Than_Zero,10.588299319727891,HIGH,MID,0.3587858378887176
115,Less_Than_Zero,10.681179138321996,HIGH,MID,0.2945745885372162
116,Less_Than_Zero,10.7740589569161,HIGH,MID,0.363244354724884
117,Less_Than_Zero,10.866938775510205,HIGH,MID,0.3257608413696289
118,Less_Than_Zero,10.95981859410431,HIGH,MID,0.3599975705146789
119,Less_Than_Zero,11.052698412698414,HIGH,MID,0.3429511189460754
120,Less_Than_Zero,11.145578231292516,HIGH,MID,0.3698212802410126
121,Less_Than_Zero,11.23845804988662,HIGH,MID,0.3458595275878906
122,Less_Than_Zero,11.331337868480723,HIGH,MID,0.4564536213874817
123,Less_Than_Zero,11.42421768707483,HIGH,MID,0.3199352324008941
124,Less_Than_Zero,11.517097505668934,HIGH,MID,0.2129673212766647
125,Less_Than_Zero,11.609977324263038,HIGH,MID,0.3152248859405517
126,Less_Than_Zero,11.702857142857145,HIGH,MID,0.3264501690864563
127,Less_Than_Zero,11.795736961451247,HIGH,MID,0.3991023898124695
128,Less_Than_Zero,11.888616780045352,HIGH,MID,0.3204875588417053
129,Less_Than_Zero,11.981496598639456,HIGH,MID,0.3292436301708221
130,Less_Than_Zero,12.07437641723356,HIGH,MID,0.3116978108882904
131,Less_Than_Zero,12.167256235827663,HIGH,MID,0.4522491693496704
132,Less_Than_Zero,12.26013605442177,HIGH,MID,0.3680270910263061
133,Less_Than_Zero,12.353015873015874,HIGH,MID,0.2561617493629455
134,Less_Than_Zero,12.445895691609977,HIGH,MID,0.3616669476032257
135,Less_Than_Zero,12.53877551020408,HIGH,MID,0.299920380115509
136,Less_Than_Zero,12.631655328798184,HIGH,MID,0.3997921049594879
137,Less_Than_Zero,12.72453514739229,HIGH,MID,0.3348642885684967
138,Less_Than_Zero,12.817414965986394,HIGH,MID,0.3471167683601379
139,Less_Than_Zero,12.9102947845805,HIGH,MID,0.2437580078840255
140,Less_Than_Zero,13.003174603174603,HIGH,MID,0.390904039144516
141,Less_Than_Zero,13.096054421768708,HIGH,MID,0.3859425485134125
142,Less_Than_Zero,13.188934240362812,HIGH,MID,0.2815520167350769
143,Less_Than_Zero,13.281814058956916,HIGH,MID,0.312696099281311
144,Less_Than_Zero,13.37469387755102,HIGH,MID,0.3390538990497589
145,Less_Than_Zero,13.467573696145124,HIGH,MID,0.3665421605110168
146,Less_Than_Zero,13.56045351473923,HIGH,MID,0.280157208442688
147,Less_Than_Zero,13.653333333333334,HIGH,MID,0.4574076235294342
148,Less_Than_Zero,13.746213151927437,HIGH,MID,0.3290634155273437
149,Less_Than_Zero,13.83909297052154,HIGH,MID,0.3809473514556885
150,Less_Than_Zero,13.931972789115646,HIGH,MID,0.4007560312747955
151,Less_Than_Zero,14.02485260770975,HIGH,MID,0.2158417254686355
152,Less_Than_Zero,14.117732426303856,HIGH,MID,0.3034400939941406
153,Less_Than_Zero,14.21061224489796,HIGH,MID,0.2837807238101959
154,Less_Than_Zero,14.303492063492063,HIGH,MID,0.3700495362281799
155,Less_Than_Zero,14.396371882086168,HIGH,MID,0.3155203759670257
156,Less_Than_Zero,14.489251700680272,HIGH,MID,0.323630541563034
157,Less_Than_Zero,14.582131519274377,HIGH,MID,0.3312582671642303
158,Less_Than_Zero,14.67501133786848,HIGH,MID,0.402489960193634
159,Less_Than_Zero,14.767891156462586,HIGH,MID,0.4242993295192718
160,Less_Than_Zero,14.86077097505669,HIGH,MID,0.2385542094707489
161,Less_Than_Zero,14.953650793650796,HIGH,MID,0.2652448713779449
162,Less_Than_Zero,15.046530612244895,HIGH,LOW,0.2525153756141662
163,Less_Than_Zero,15.139410430839002,HIGH,LOW,0.3728832006454468
164,Less_Than_Zero,15.232290249433106,HIGH,LOW,0.2798198163509369
165,Less_Than_Zero,15.32517006802721,HIGH,LOW,0.2914507389068603
166,Less_Than_Zero,15.418049886621317,HIGH,LOW,0.2804993391036987
167,Less_Than_Zero,15.51092970521542,HIGH,LOW,0.3630361258983612
168,Less_Than_Zero,15.603809523809524,HIGH,LOW,0.4330793023109436
169,Less_Than_Zero,15.696689342403628,HIGH,LOW,0.2030694037675857
170,Less_Than_Zero,15.789569160997733,HIGH,LOW,0.2767208814620971
171,Less_Than_Zero,15.882448979591835,HIGH,LOW,0.2740145325660705
172,Less_Than_Zero,15.975328798185942,HIGH,LOW,0.3452214300632477
173,Less_Than_Zero,16.068208616780044,HIGH,LOW,0.225743755698204
174,Less_Than_Zero,16.16108843537415,HIGH,LOW,0.270723819732666
175,Less_Than_Zero,16.253968253968253,HIGH,LOW,0.3348582684993744
176,Less_Than_Zero,16.34684807256236,HIGH,LOW,0.3718589246273041
177,Less_Than_Zero,16.439727891156462,HIGH,LOW,0.4470364153385162
178,Less_Than_Zero,16.532607709750568,HIGH,LOW,0.2543769180774688
179,Less_Than_Zero,16.62548752834467,HIGH,LOW,0.3089323937892914
180,Less_Than_Zero,16.718367346938777,HIGH,LOW,0.261267751455307
181,Less_Than_Zero,16.81124716553288,HIGH,LOW,0.3890929520130157
182,Less_Than_Zero,16.904126984126986,HIGH,LOW,0.3622805774211883
183,Less_Than_Zero,16.99700680272109,HIGH,LOW,0.4601179361343384
184,Less_Than_Zero,17.08988662131519,HIGH,LOW,0.3526428639888763
185,Less_Than_Zero,17.182766439909297,HIGH,LOW,0.321034163236618
186,Less_Than_Zero,17.2756462585034,HIGH,LOW,0.4723265469074249
187,Less_Than_Zero,17.368526077097506,HIGH,LOW,0.2202769219875335
188,Less_Than_Zero,17.46140589569161,HIGH,LOW,0.307557612657547
189,Less_Than_Zero,17.554285714285715,HIGH,LOW,0.2731972336769104
190,Less_Than_Zero,17.647165532879818,HIGH,LOW,0.3868306577205658
191,Less_Than_Zero,17.740045351473924,HIGH,LOW,0.2810662984848022
192,Less_Than_Zero,17.832925170068027,HIGH,LOW,0.3169792294502258
193,Less_Than_Zero,17.925804988662133,HIGH,LOW,0.3640464544296264
194,Less_Than_Zero,18.018684807256236,HIGH,LOW,0.2766026854515075
195,Less_Than_Zero,18.11156462585034,HIGH,LOW,0.4964723289012909
196,Less_Than_Zero,18.204444444444444,HIGH,LOW,0.2355901151895523
197,Less_Than_Zero,18.297324263038547,HIGH,LOW,0.2936148047447204
198,Less_Than_Zero,18.390204081632653,HIGH,LOW,0.2484023422002792
199,Less_Than_Zero,18.483083900226756,HIGH,LOW,0.3467163741588592
200,Less_Than_Zero,18.575963718820866,HIGH,LOW,0.3105482757091522
201,Less_Than_Zero,18.668843537414965,HIGH,LOW,0.3036545217037201
202,Less_Than_Zero,18.76172335600907,HIGH,LOW,0.31258425116539
203,Less_Than_Zero,18.854603174603177,HIGH,LOW,0.3378934860229492
204,Less_Than_Zero,18.94748299319728,HIGH,LOW,0.5165508389472961
205,Less_Than_Zero,19.040362811791383,HIGH,LOW,0.2835564613342285
206,Less_Than_Zero,19.13324263038549,HIGH,LOW,0.3702142238616943
207,Less_Than_Zero,19.22612244897959,HIGH,LOW,0.3422189652919769
208,Less_Than_Zero,19.319002267573698,HIGH,LOW,0.4066852331161499
209,Less_Than_Zero,19.4118820861678,HIGH,LOW,0.3083424568176269
210,Less_Than_Zero,19.504761904761907,HIGH,LOW,0.2823975086212158
211,Less_Than_Zero,19.59764172335601,HIGH,LOW,0.2834935188293457
212,Less_Than_Zero,19.690521541950112,HIGH,LOW,0.2164466679096222
213,Less_Than_Zero,19.783401360544214,HIGH,LOW,0.5039132833480835
214,Less_Than_Zero,19.87628117913832,HIGH,LOW,0.2004487216472625
215,Less_Than_Zero,19.969160997732427,HIGH,LOW,0.3263459801673889
216,Less_Than_Zero,20.06204081632653,HIGH,LOW,0.2101854234933853
217,Less_Than_Zero,20.154920634920636,HIGH,LOW,0.3467947542667389
218,Less_Than_Zero,20.24780045351474,HIGH,LOW,0.3462051451206207
219,Less_Than_Zero,20.340680272108845,HIGH,LOW,0.4027746319770813
220,Less_Than_Zero,20.433560090702947,HIGH,LOW,0.3879065215587616
221,Less_Than_Zero,20.526439909297057,HIGH,LOW,0.2047411948442459
222,Less_Than_Zero,20.619319727891156,HIGH,LOW,0.5094687342643738
223,Less_Than_Zero,20.712199546485262,HIGH,LOW,0.2576100826263428
224,Less_Than_Zero,20.805079365079365,HIGH,LOW,0.2660771608352661
225,Less_Than_Zero,20.897959183673468,HIGH,LOW,0.1960152983665466
226,Less_Than_Zero,20.990839002267577,HIGH,LOW,0.3382903635501861
227,Less_Than_Zero,21.083718820861677,HIGH,LOW,0.2688049674034118
228,Less_Than_Zero,21.176598639455783,HIGH,LOW,0.2620917856693268
229,Less_Than_Zero,21.269478458049885,HIGH,LOW,0.3070715069770813
230,Less_Than_Zero,21.36235827664399,HIGH,LOW,0.248472660779953
231,Less_Than_Zero,21.455238095238094,HIGH,LOW,0.4937051236629486
232,Less_Than_Zero,21.5481179138322,HIGH,LOW,0.2091605961322784
233,Less_Than_Zero,21.640997732426303,HIGH,LOW,0.2669077217578888
234,Less_Than_Zero,21.73387755102041,HIGH,LOW,0.1936393827199936
235,Less_Than_Zero,21.826757369614512,HIGH,LOW,0.309818297624588
236,Less_Than_Zero,21.91963718820862,HIGH,LOW,0.2897105515003204
237,Less_Than_Zero,22.01251700680272,HIGH,LOW,0.258783608675003
238,Less_Than_Zero,22.105396825396827,HIGH,LOW,0.2154787629842758
239,Less_Than_Zero,22.19827664399093,HIGH,LOW,0.2147193700075149
240,Less_Than_Zero,22.291156462585032,HIGH,LOW,0.5180285573005676
241,Less_Than_Zero,22.38403628117914,HIGH,LOW,0.2855401337146759
242,Less_Than_Zero,22.47691609977324,HIGH,LOW,0.3175218105316162
243,Less_Than_Zero,22.569795918367348,HIGH,LOW,0.279118150472641
244,Less_Than_Zero,22.66267573696145,HIGH,LOW,0.3570068478584289
245,Less_Than_Zero,22.755555555555556,HIGH,LOW,0.2812558710575104
246,Less_Than_Zero,22.84843537414966,HIGH,LOW,0.2611513137817383
247,Less_Than_Zero,22.941315192743765,HIGH,LOW,0.2789512872695923
248,Less_Than_Zero,23.034195011337868,HIGH,LOW,0.2585984170436859
249,Less_Than_Zero,23.127074829931978,HIGH,LOW,0.507573664188385
250,Less_Than_Zero,23.219954648526077,HIGH,LOW,0.2993576228618622
251,Less_Than_Zero,23.312834467120183,HIGH,LOW,0.3564650118350982
252,Less_Than_Zero,23.40571428571429,HIGH,LOW,0.3582320809364319
253,Less_Than_Zero,23.49859410430839,HIGH,LOW,0.3804880082607269
254,Less_Than_Zero,23.591473922902495,HIGH,LOW,0.265523612499237
255,Less_Than_Zero,23.684353741496597,HIGH,LOW,0.2916511595249176
256,Less_Than_Zero,23.777233560090703,HIGH,LOW,0.4879339635372162
257,Less_Than_Zero,23.87011337868481,HIGH,LOW,0.2193032205104828
258,Less_Than_Zero,23.962993197278912,HIGH,LOW,0.5094538331031799
259,Less_Than_Zero,24.055873015873015,HIGH,LOW,0.1808749884366989
260,Less_Than_Zero,24.14875283446712,HIGH,LOW,0.2571759819984436
261,Less_Than_Zero,24.241632653061224,HIGH,LOW,0.3217031061649322
262,Less_Than_Zero,24.33451247165533,HIGH,LOW,0.3507734835147857
263,Less_Than_Zero,24.427392290249433,HIGH,LOW,0.2812903523445129
264,Less_Than_Zero,24.52027210884354,HIGH,LOW,0.2365269660949707
265,Less_Than_Zero,24.61315192743764,HIGH,LOW,0.3242178857326507
266,Less_Than_Zero,24.706031746031748,HIGH,LOW,0.2929780483245849
267,Less_Than_Zero,24.79891156462585,HIGH,MID,0.512622594833374
268,Less_Than_Zero,24.891791383219953,HIGH,MID,0.1986500322818756
269,Less_Than_Zero,24.98467120181406,HIGH,MID,0.2244853973388672
270,Less_Than_Zero,25.07755102040816,HIGH,MID,0.2242714762687683
271,Less_Than_Zero,25.170430839002268,HIGH,MID,0.309081882238388
272,Less_Than_Zero,25.26331065759637,HIGH,MID,0.3093927800655365
273,Less_Than_Zero,25.356190476190477,HIGH,MID,0.2814607918262481
274,Less_Than_Zero,25.44907029478458,HIGH,LOW,0.2888742387294769
275,Less_Than_Zero,25.54195011337869,HIGH,MID,0.3090435862541199
276,Less_Than_Zero,25.63482993197279,HIGH,MID,0.5297549962997437
277,Less_Than_Zero,25.727709750566895,HIGH,MID,0.142497569322586
278,Less_Than_Zero,25.820589569160997,HIGH,MID,0.1714448630809784
279,Less_Than_Zero,25.913469387755104,HIGH,MID,0.2847525179386139
280,Less_Than_Zero,26.006349206349206,HIGH,LOW,0.3397327363491058
281,Less_Than_Zero,26.09922902494331,HIGH,LOW,0.3006796538829803
282,Less_Than_Zero,26.192108843537415,HIGH,LOW,0.2583557069301605
283,Less_Than_Zero,26.28498866213152,HIGH,LOW,0.3472532033920288
284,Less_Than_Zero,26.377868480725624,HIGH,MID,0.3431640863418579
285,Less_Than_Zero,26.470748299319727,HIGH,MID,0.5295385718345642
286,Less_Than_Zero,26.563628117913833,HIGH,MID,0.1967449188232422
287,Less_Than_Zero,26.656507936507936,HIGH,MID,0.3266917765140533
288,Less_Than_Zero,26.74938775510204,HIGH,MID,0.3764573633670807
289,Less_Than_Zero,26.842267573696144,HIGH,MID,0.3646306991577148
290,Less_Than_Zero,26.93514739229025,HIGH,MID,0.3426741361618042
291,Less_Than_Zero,27.028027210884353,HIGH,MID,0.3595041334629059
292,Less_Than_Zero,27.12090702947846,HIGH,MID,0.5096484422683716
293,Less_Than_Zero,27.21378684807256,HIGH,MID,0.2044116705656051
294,Less_Than_Zero,27.30666666666667,HIGH,MID,0.5115862488746643
295,Less_Than_Zero,27.39954648526077,HIGH,MID,0.1489839851856231
296,Less_Than_Zero,27.492426303854874,HIGH,MID,0.2629370987415313
297,Less_Than_Zero,27.58530612244898,HIGH,MID,0.2920371890068054
298,Less_Than_Zero,27.678185941043083,HIGH,MID,0.4006898701190948
299,Less_Than_Zero,27.77106575963719,HIGH,MID,0.3620811700820923
300,Less_Than_Zero,27.86394557823129,HIGH,MID,0.2817628085613251
301,Less_Than_Zero,27.9568253968254,HIGH,MID,0.3639429807662964
302,Less_Than_Zero,28.0497052154195,HIGH,MID,0.3393634855747223
303,Less_Than_Zero,28.142585034013607,HIGH,MID,0.5186977386474609
304,Less_Than_Zero,28.23546485260771,HIGH,MID,0.1663500368595123
305,Less_Than_Zero,28.328344671201815,HIGH,MID,0.3058350086212158
306,Less_Than_Zero,28.42122448979592,HIGH,MID,0.3940505981445312
307,Less_Than_Zero,28.514104308390024,HIGH,HIGH,0.3385055065155029
308,Less_Than_Zero,28.606984126984127,HIGH,HIGH,0.3466149270534515
309,Less_Than_Zero,28.69986394557823,HIGH,HIGH,0.3873837888240814
310,Less_Than_Zero,28.792743764172336,HIGH,HIGH,0.3945907950401306
311,Less_Than_Zero,28.88562358276644,HIGH,HIGH,0.3670473992824554
312,Less_Than_Zero,28.978503401360545,HIGH,HIGH,0.5421544909477234
313,Less_Than_Zero,29.071383219954647,HIGH,HIGH,0.1550305336713791
314,Less_Than_Zero,29.164263038548754,HIGH,HIGH,0.2729277610778808
315,Less_Than_Zero,29.257142857142856,HIGH,HIGH,0.2660394310951233
316,Less_Than_Zero,29.35002267573696,HIGH,HIGH,0.319803237915039
317,Less_Than_Zero,29.442902494331065,HIGH,HIGH,0.3870474696159363
318,Less_Than_Zero,29.53578231292517,HIGH,HIGH,0.3425725996494293
319,Less_Than_Zero,29.62866213151927,HIGH,HIGH,0.3207787871360779
320,Less_Than_Zero,29.72154195011338,HIGH,HIGH,0.3313300013542175
321,Less_Than_Zero,29.814421768707483,HIGH,HIGH,0.2805424034595489
322,Less_Than_Zero,29.90730158730159,HIGH,HIGH,0.2650077641010284
323,Less_Than_Zero,30.00018140589569,HIGH,HIGH,0.2420418262481689
324,Less_Than_Zero,30.09306122448979,HIGH,HIGH,0.2294979095458984
325,Less_Than_Zero,30.1859410430839,HIGH,HIGH,0.2142734378576278
326,Less_Than_Zero,30.278820861678003,HIGH,HIGH,0.0986870750784874
327,Less_Than_Zero,30.37170068027211,LOW,HIGH,0.0852538868784904
328,Less_Than_Zero,30.464580498866212,LOW,HIGH,0.0854325070977211
329,Less_Than_Zero,30.55746031746032,LOW,HIGH,0.0651778727769851
330,Less_Than_Zero,30.65034013605442,LOW,HIGH,0.0625561848282814
331,Less_Than_Zero,30.743219954648527,LOW,HIGH,0.0751287117600441
332,Less_Than_Zero,30.83609977324263,LOW,LOW,0.0568903796374797
333,Less_Than_Zero,30.928979591836736,LOW,LOW,0.0801637843251228
334,Less_Than_Zero,31.02185941043084,LOW,LOW,0.0612212903797626
335,Less_Than_Zero,31.114739229024945,LOW,LOW,0.0863606408238411
336,Less_Than_Zero,31.207619047619048,LOW,LOW,0.0725804567337036
337,Less_Than_Zero,31.30049886621315,LOW,LOW,0.0686138793826103
338,Less_Than_Zero,31.393378684807256,LOW,LOW,0.0539216771721839
339,Less_Than_Zero,31.48625850340136,LOW,LOW,0.0462444461882114
340,Less_Than_Zero,31.579138321995465,LOW,LOW,0.0463173650205135
341,Less_Than_Zero,31.672018140589568,LOW,LOW,0.1470865905284881
342,Less_Than_Zero,31.76489795918367,LOW,LOW,0.1025564968585968
343,Less_Than_Zero,31.857777777777777,LOW,LOW,0.0909876897931099
344,Less_Than_Zero,31.950657596371883,LOW,LOW,0.2284978479146957
345,Less_Than_Zero,32.04353741496599,LOW,LOW,0.22165048122406
346,Less_Than_Zero,32.13641723356009,LOW,LOW,0.2183369696140289
347,Less_Than_Zero,32.229297052154195,LOW,LOW,0.0791424810886383
348,Less_Than_Zero,32.3221768707483,LOW,LOW,0.2338801920413971
349,Less_Than_Zero,32.41505668934241,LOW,LOW,0.2743511199951172
350,Less_Than_Zero,32.507936507936506,LOW,LOW,0.2125343233346939
351,Less_Than_Zero,32.60081632653061,LOW,LOW,0.1519588381052017
352,Less_Than_Zero,32.69369614512472,LOW,LOW,0.0841989070177078
353,Less_Than_Zero,32.78657596371882,LOW,LOW,0.1793505847454071
354,Less_Than_Zero,32.879455782312924,LOW,LOW,0.1405476927757263
355,Less_Than_Zero,32.97233560090703,LOW,LOW,0.2124112546443939
356,Less_Than_Zero,33.065215419501136,LOW,LOW,0.1671950817108154
357,Less_Than_Zero,33.158095238095235,LOW,LOW,0.1911400109529495
358,Less_Than_Zero,33.25097505668934,LOW,LOW,0.1850501745939254
359,Less_Than_Zero,33.34385487528345,LOW,LOW,0.1705504804849624
360,Less_Than_Zero,33.436734693877554,LOW,LOW,0.1582568734884262
361,Less_Than_Zero,33.52961451247165,LOW,LOW,0.0972272455692291
362,Less_Than_Zero,33.62249433106576,LOW,LOW,0.0833688154816627
363,Less_Than_Zero,33.715374149659866,LOW,LOW,0.0486147813498973
364,Less_Than_Zero,33.80825396825397,LOW,LOW,0.0568564794957637
365,Less_Than_Zero,33.90113378684807,LOW,LOW,0.0667741373181343
366,Less_Than_Zero,33.99401360544218,LOW,LOW,0.0534835457801818
367,Less_Than_Zero,34.08689342403628,LOW,LOW,0.0501655861735343
368,Less_Than_Zero,34.17977324263038,LOW,LOW,0.0516529865562915
369,Less_Than_Zero,34.27265306122449,LOW,LOW,0.0850995555520057
370,Less_Than_Zero,34.365532879818595,LOW,LOW,0.0541783720254898
371,Less_Than_Zero,34.4584126984127,LOW,LOW,0.0866462141275405
372,Less_Than_Zero,34.5512925170068,LOW,LOW,0.0637154877185821
373,Less_Than_Zero,34.644172335600906,LOW,LOW,0.0563940778374671
374,Less_Than_Zero,34.73705215419501,LOW,LOW,0.0504663176834583
375,Less_Than_Zero,34.82993197278912,LOW,LOW,0.054004605859518
376,Less_Than_Zero,34.92281179138322,LOW,LOW,0.0594944767653942
377,Less_Than_Zero,35.015691609977324,LOW,LOW,0.0516085587441921
378,Less_Than_Zero,35.10857142857143,LOW,LOW,0.0649733990430831
379,Less_Than_Zero,35.20145124716553,LOW,LOW,0.0493543669581413
380,Less_Than_Zero,35.294331065759636,LOW,LOW,0.0486049801111221
381,Less_Than_Zero,35.38721088435374,LOW,LOW,0.0448628216981887
382,Less_Than_Zero,35.48009070294785,LOW,LOW,0.0573688894510269
383,Less_Than_Zero,35.57297052154195,LOW,LOW,0.0551736839115619
384,Less_Than_Zero,35.66585034013605,LOW,LOW,0.0706905722618103
385,Less_Than_Zero,35.75873015873016,LOW,LOW,0.0943760350346565
386,Less_Than_Zero,35.851609977324266,LOW,LOW,0.0852018296718597
387,Less_Than_Zero,35.944489795918365,LOW,LOW,0.0751892775297164
388,Less_Than_Zero,36.03736961451247,LOW,LOW,0.0649104788899421
389,Less_Than_Zero,36.13024943310658,LOW,LOW,0.07023586332798
390,Less_Than_Zero,36.22312925170068,LOW,LOW,0.0466687977313995
391,Less_Than_Zero,36.31600907029478,LOW,LOW,0.0604828335344791
392,Less_Than_Zero,36.40888888888889,LOW,LOW,0.0466252565383911
393,Less_Than_Zero,36.501768707482995,LOW,LOW,0.0565791651606559
394,Less_Than_Zero,36.594648526077094,LOW,LOW,0.0974320024251937
395,Less_Than_Zero,36.6875283446712,LOW,LOW,0.0682878568768501
396,Less_Than_Zero,36.78040816326531,LOW,LOW,0.0515965893864631
397,Less_Than_Zero,36.87328798185941,LOW,LOW,0.0395151376724243
398,Less_Than_Zero,36.96616780045351,LOW,LOW,0.0672286972403526
399,Less_Than_Zero,37.05904761904762,LOW,LOW,0.0485024526715278
400,Less_Than_Zero,37.15192743764173,LOW,LOW,0.0412958785891532
401,Less_Than_Zero,37.24480725623583,LOW,LOW,0.0647491887211799
402,Less_Than_Zero,37.33768707482993,LOW,LOW,0.0343060120940208
403,Less_Than_Zero,37.43056689342403,LOW,LOW,0.0390553064644336
404,Less_Than_Zero,37.52344671201814,LOW,LOW,0.0324437357485294
405,Less_Than_Zero,37.61632653061225,LOW,LOW,0.058666530996561
406,Less_Than_Zero,37.70920634920635,LOW,LOW,0.0426417030394077
407,Less_Than_Zero,37.802086167800454,LOW,LOW,0.1048469990491867
408,Less_Than_Zero,37.89496598639456,LOW,LOW,0.082590714097023
409,Less_Than_Zero,37.98784580498866,LOW,LOW,0.0684900879859924
410,Less_Than_Zero,38.080725623582765,LOW,LOW,0.0640856251120567
411,Less_Than_Zero,38.17360544217687,LOW,LOW,0.0583053454756736
412,Less_Than_Zero,38.26648526077098,LOW,LOW,0.0529397837817668
413,Less_Than_Zero,38.35936507936508,LOW,LOW,0.0728637278079986
414,Less_Than_Zero,38.45224489795918,LOW,LOW,0.086823932826519
415,Less_Than_Zero,38.54512471655329,LOW,LOW,0.1079853177070617
416,Less_Than_Zero,38.638004535147395,LOW,LOW,0.2805894017219543
417,Less_Than_Zero,38.730884353741494,LOW,LOW,0.1513828188180923
418,Less_Than_Zero,38.8237641723356,LOW,LOW,0.1643183529376983
419,Less_Than_Zero,38.91664399092971,LOW,LOW,0.0533515997231006
420,Less_Than_Zero,39.00952380952381,LOW,LOW,0.229289025068283
421,Less_Than_Zero,39.10240362811791,LOW,LOW,0.1309436857700348
422,Less_Than_Zero,39.19528344671202,LOW,LOW,0.1277661770582199
423,Less_Than_Zero,39.288163265306125,LOW,LOW,0.1985818296670913
424,Less_Than_Zero,39.381043083900224,LOW,LOW,0.1824149489402771
425,Less_Than_Zero,39.47392290249433,LOW,LOW,0.2401512265205383
426,Less_Than_Zero,39.56680272108843,LOW,LOW,0.2262041568756103
427,Less_Than_Zero,39.65968253968254,LOW,LOW,0.1799806952476501
428,Less_Than_Zero,39.75256235827664,LOW,LOW,0.0983873531222343
429,Less_Than_Zero,39.84544217687075,LOW,LOW,0.2401273399591446
430,Less_Than_Zero,39.938321995464854,LOW,LOW,0.1876002252101898
431,Less_Than_Zero,40.03120181405896,LOW,LOW,0.2598247826099396
432,Less_Than_Zero,40.12408163265306,LOW,LOW,0.2459044605493545
433,Less_Than_Zero,40.216961451247165,LOW,LOW,0.240791842341423
434,Less_Than_Zero,40.30984126984127,LOW,LOW,0.2933577001094818
435,Less_Than_Zero,40.40272108843537,LOW,MID,0.2671999335289001
436,Less_Than_Zero,40.49560090702948,LOW,MID,0.2083259224891662
437,Less_Than_Zero,40.58848072562358,LOW,MID,0.2488251030445099
438,Less_Than_Zero,40.68136054421769,LOW,MID,0.2354704737663269
439,Less_Than_Zero,40.77424036281179,LOW,MID,0.209171861410141
440,Less_Than_Zero,40.867120181405895,LOW,MID,0.1318054646253585
441,Less_Than_Zero,40.96,LOW,MID,0.1163391917943954
442,Less_Than_Zero,41.05287981859411,LOW,MID,0.1046036779880523
443,Less_Than_Zero,41.145759637188206,LOW,MID,0.0958831831812858
444,Less_Than_Zero,41.23863945578231,LOW,MID,0.0924741551280021
445,Less_Than_Zero,41.33151927437642,LOW,MID,0.0617337264120578
446,Less_Than_Zero,41.424399092970525,LOW,MID,0.0487699471414089
447,Less_Than_Zero,41.517278911564624,LOW,MID,0.0455484464764595
448,Less_Than_Zero,41.61015873015873,LOW,MID,0.0367194935679435
449,Less_Than_Zero,41.70303854875283,LOW,MID,0.0337275192141532
450,Less_Than_Zero,41.795918367346935,LOW,LOW,0.0310715567320585
451,Less_Than_Zero,41.88879818594104,LOW,LOW,0.0233652666211128
452,Less_Than_Zero,41.98167800453515,LOW,LOW,0.020668527111411
453,Less_Than_Zero,42.074557823129254,LOW,LOW,0.0117213446646928
454,Less_Than_Zero,42.16743764172335,LOW,LOW,0.0121783725917339
455,Less_Than_Zero,42.26031746031746,LOW,LOW,0.0141409831121563
456,Less_Than_Zero,42.353197278911566,LOW,LOW,0.0145637672394514
457,Less_Than_Zero,42.44607709750567,LOW,LOW,0.0108681842684745
458,Less_Than_Zero,42.53895691609977,LOW,LOW,0.0063348747789859
459,Less_Than_Zero,42.63183673469388,LOW,LOW,0.0061051803641021
460,Less_Than_Zero,42.72471655328798,LOW,LOW,0.0042399140074849
461,Less_Than_Zero,42.81759637188209,LOW,LOW,0.0036752563901245
462,Less_Than_Zero,42.91047619047619,LOW,LOW,0.0031743575818836
463,Less_Than_Zero,43.003356009070295,LOW,LOW,0.0042995708063244
464,Less_Than_Zero,43.0962358276644,LOW,LOW,0.0047252480871975
465,Less_Than_Zero,43.1891156462585,LOW,LOW,0.0033688631374388
466,Less_Than_Zero,43.281995464852606,LOW,LOW,0.002812672406435
467,Less_Than_Zero,43.37487528344671,LOW,LOW,0.0021982449106872
468,Less_Than_Zero,43.46775510204082,LOW,LOW,0.0017791406717151
469,Less_Than_Zero,43.56063492063492,LOW,LOW,0.0014820923097431
470,Less_Than_Zero,43.653514739229024,LOW,LOW,0.0016266386955976
471,Less_Than_Zero,43.74639455782313,LOW,LOW,0.0016595309134572
472,Less_Than_Zero,43.83927437641724,LOW,LOW,0.0012228417908772
473,Less_Than_Zero,43.932154195011336,LOW,LOW,0.0013866273220628
474,Less_Than_Zero,44.02503401360544,LOW,LOW,0.0009052671375684
475,Less_Than_Zero,44.11791383219955,LOW,LOW,0.0009111203253269
476,Less_Than_Zero,44.210793650793654,LOW,LOW,0.0009645492536947
477,Less_Than_Zero,44.30367346938775,LOW,LOW,0.0009010324138216
478,Less_Than_Zero,44.39655328798186,LOW,LOW,0.000680855824612
479,Less_Than_Zero,44.489433106575966,LOW,LOW,0.0007401540060527
480,Less_Than_Zero,44.582312925170065,LOW,LOW,0.0004762172175105
481,Less_Than_Zero,44.67519274376417,LOW,LOW,0.0004760761221405
482,Less_Than_Zero,44.76807256235828,LOW,LOW,0.0004234971711412
483,Less_Than_Zero,44.860952380952384,LOW,LOW,0.0003208837879355
0,Thunderstruck,0.0,LOW,MID,0.0604723580181598
1,Thunderstruck,0.0928798185941043,LOW,MID,0.0742278695106506
2,Thunderstruck,0.1857596371882086,LOW,MID,0.0659016445279121
3,Thunderstruck,0.2786394557823129,LOW,MID,0.0595418438315391
4,Thunderstruck,0.3715192743764172,LOW,MID,0.0524289496243
5,Thunderstruck,0.4643990929705215,LOW,MID,0.06168719753623
6,Thunderstruck,0.5572789115646258,LOW,MID,0.0734499096870422
7,Thunderstruck,0.6501587301587302,LOW,MID,0.0671000629663467
8,Thunderstruck,0.7430385487528345,LOW,MID,0.064581774175167
9,Thunderstruck,0.8359183673469388,LOW,LOW,0.0594917312264442
10,Thunderstruck,0.9287981859410432,LOW,MID,0.0721844360232353
11,Thunderstruck,1.0216780045351477,LOW,MID,0.0760928466916084
12,Thunderstruck,1.1145578231292517,LOW,MID,0.0639852657914161
13,Thunderstruck,1.207437641723356,LOW,MID,0.0638421475887298
14,Thunderstruck,1.3003174603174603,LOW,MID,0.055502463132143
15,Thunderstruck,1.3931972789115643,LOW,MID,0.0732145607471466
16,Thunderstruck,1.486077097505669,LOW,MID,0.0779683515429496
17,Thunderstruck,1.5789569160997732,LOW,MID,0.0697866529226303
18,Thunderstruck,1.6718367346938776,LOW,MID,0.0661351159214973
19,Thunderstruck,1.7647165532879818,LOW,MID,0.0731070637702941
20,Thunderstruck,1.8575963718820865,LOW,MID,0.0816789865493774
21,Thunderstruck,1.9504761904761905,LOW,MID,0.0685869827866554
22,Thunderstruck,2.043356009070295,LOW,MID,0.0536802634596824
23,Thunderstruck,2.136235827664399,LOW,MID,0.0427562221884727
24,Thunderstruck,2.2291156462585033,LOW,MID,0.046742808073759
25,Thunderstruck,2.321995464852608,LOW,MID,0.0495888888835907
26,Thunderstruck,2.414875283446712,LOW,MID,0.0388064570724964
27,Thunderstruck,2.507755102040816,LOW,LOW,0.035259686410427
28,Thunderstruck,2.6006349206349206,LOW,LOW,0.0362109020352363
29,Thunderstruck,2.693514739229025,LOW,LOW,0.0482104234397411
30,Thunderstruck,2.786394557823129,LOW,LOW,0.0413864664733409
31,Thunderstruck,2.8792743764172335,LOW,LOW,0.0391386039555072
32,Thunderstruck,2.972154195011338,LOW,LOW,0.0414977222681045
33,Thunderstruck,3.0650340136054424,LOW,LOW,0.0379656888544559
34,Thunderstruck,3.1579138321995464,LOW,LOW,0.0548308417201042
35,Thunderstruck,3.250793650793651,LOW,LOW,0.0431641042232513
36,Thunderstruck,3.3436734693877552,LOW,LOW,0.0363330245018005
37,Thunderstruck,3.436553287981859,LOW,LOW,0.0623626410961151
38,Thunderstruck,3.5294331065759637,LOW,LOW,0.0626913383603096
39,Thunderstruck,3.622312925170068,LOW,LOW,0.0748793184757232
40,Thunderstruck,3.715192743764173,LOW,LOW,0.0768725275993347
41,Thunderstruck,3.808072562358277,LOW,LOW,0.0691729635000228
42,Thunderstruck,3.900952380952381,LOW,LOW,0.0592084676027298
43,Thunderstruck,3.9938321995464854,LOW,LOW,0.0531906485557556
44,Thunderstruck,4.08671201814059,LOW,LOW,0.0729719251394271
45,Thunderstruck,4.179591836734694,LOW,LOW,0.0703432857990264
46,Thunderstruck,4.272471655328798,LOW,LOW,0.0632006973028183
47,Thunderstruck,4.365351473922902,LOW,LOW,0.0643982142210006
48,Thunderstruck,4.458231292517007,LOW,LOW,0.0673761069774627
49,Thunderstruck,4.551111111111111,LOW,LOW,0.0816828981041908
50,Thunderstruck,4.6439909297052155,LOW,LOW,0.0713018849492073
51,Thunderstruck,4.73687074829932,LOW,LOW,0.0666597262024879
52,Thunderstruck,4.829750566893424,LOW,LOW,0.0679794028401374
53,Thunderstruck,4.922630385487528,LOW,LOW,0.0699618831276893
54,Thunderstruck,5.015510204081632,LOW,LOW,0.0808178335428237
55,Thunderstruck,5.108390022675737,LOW,LOW,0.0735091790556907
56,Thunderstruck,5.201269841269841,LOW,MID,0.0713159888982772
57,Thunderstruck,5.294149659863946,LOW,MID,0.0704018473625183
58,Thunderstruck,5.38702947845805,LOW,MID,0.08023452013731
59,Thunderstruck,5.479909297052155,LOW,MID,0.0809449777007103
60,Thunderstruck,5.572789115646258,LOW,MID,0.0628423541784286
61,Thunderstruck,5.6656689342403626,LOW,MID,0.0576020032167434
62,Thunderstruck,5.758548752834467,LOW,MID,0.0446663238108158
63,Thunderstruck,5.851428571428571,LOW,MID,0.0555043742060661
64,Thunderstruck,5.944308390022676,LOW,MID,0.0382955037057399
65,Thunderstruck,6.03718820861678,LOW,MID,0.0383317582309246
66,Thunderstruck,6.130068027210885,LOW,MID,0.0395610146224498
67,Thunderstruck,6.222947845804988,LOW,MID,0.0386435352265834
68,Thunderstruck,6.315827664399093,LOW,MID,0.0516891479492187
69,Thunderstruck,6.408707482993197,LOW,MID,0.0386777222156524
70,Thunderstruck,6.501587301587302,LOW,MID,0.0382131710648536
71,Thunderstruck,6.594467120181406,LOW,MID,0.0368343517184257
72,Thunderstruck,6.6873469387755105,LOW,MID,0.0371540710330009
73,Thunderstruck,6.780226757369615,LOW,MID,0.0532891303300857
74,Thunderstruck,6.873106575963718,LOW,MID,0.0374164879322052
75,Thunderstruck,6.965986394557823,LOW,MID,0.0496118403971195
76,Thunderstruck,7.058866213151927,LOW,LOW,0.0559228509664535
77,Thunderstruck,7.151746031746032,LOW,LOW,0.060347594320774
78,Thunderstruck,7.244625850340136,LOW,LOW,0.0794317126274108
79,Thunderstruck,7.337505668934241,LOW,LOW,0.0654092207551002
80,Thunderstruck,7.430385487528345,LOW,LOW,0.0696924105286598
81,Thunderstruck,7.523265306122449,LOW,LOW,0.056740079075098
82,Thunderstruck,7.616145124716553,LOW,LOW,0.0597983375191688
83,Thunderstruck,7.7090249433106575,LOW,LOW,0.0742074698209762
84,Thunderstruck,7.801904761904762,LOW,LOW,0.065723106265068
85,Thunderstruck,7.894784580498866,LOW,LOW,0.0647437199950218
86,Thunderstruck,7.987664399092971,LOW,LOW,0.061525996774435
87,Thunderstruck,8.080544217687075,LOW,LOW,0.0741461068391799
88,Thunderstruck,8.17342403628118,LOW,LOW,0.0748686045408248
89,Thunderstruck,8.266303854875284,LOW,LOW,0.0665952265262603
90,Thunderstruck,8.359183673469389,LOW,LOW,0.073351003229618
91,Thunderstruck,8.452063492063493,LOW,LOW,0.0607753172516822
92,Thunderstruck,8.544943310657596,LOW,LOW,0.0728506371378898
93,Thunderstruck,8.6378231292517,LOW,LOW,0.077951855957508
94,Thunderstruck,8.730702947845804,LOW,LOW,0.0703020915389061
95,Thunderstruck,8.823582766439909,LOW,LOW,0.0692588239908218
96,Thunderstruck,8.916462585034013,LOW,MID,0.0703202113509178
97,Thunderstruck,9.009342403628118,LOW,MID,0.082421027123928
98,Thunderstruck,9.102222222222222,LOW,MID,0.0769277587532997
99,Thunderstruck,9.195102040816328,LOW,MID,0.0600670352578163
100,Thunderstruck,9.287981859410433,LOW,MID,0.0494729727506637
101,Thunderstruck,9.380861678004536,LOW,MID,0.0435647703707218
102,Thunderstruck,9.47374149659864,LOW,MID,0.1954750716686248
103,Thunderstruck,9.566621315192744,MID,MID,0.114696592092514
104,Thunderstruck,9.659501133786849,MID,MID,0.0854535102844238
105,Thunderstruck,9.752380952380951,MID,MID,0.0731778591871261
106,Thunderstruck,9.845260770975056,MID,MID,0.1064040884375572
107,Thunderstruck,9.93814058956916,MID,MID,0.220686063170433
108,Thunderstruck,10.031020408163265,MID,MID,0.1141081154346466
109,Thunderstruck,10.12390022675737,MID,MID,0.0975554138422012
110,Thunderstruck,10.216780045351474,MID,MID,0.0860745757818222
111,Thunderstruck,10.309659863945578,MID,MID,0.0910416170954704
112,Thunderstruck,10.402539682539684,MID,MID,0.0670732110738754
113,Thunderstruck,10.495419501133789,MID,MID,0.0583172067999839
114,Thunderstruck,10.588299319727891,MID,MID,0.0584787651896476
115,Thunderstruck,10.681179138321996,MID,MID,0.0675801709294319
116,Thunderstruck,10.7740589569161,MID,MID,0.1608549654483795
117,Thunderstruck,10.866938775510205,MID,MID,0.1843421310186386
118,Thunderstruck,10.95981859410431,MID,MID,0.0754069313406944
119,Thunderstruck,11.052698412698414,MID,MID,0.0669111609458923
120,Thunderstruck,11.145578231292516,MID,MID,0.0583629459142684
121,Thunderstruck,11.23845804988662,MID,LOW,0.0588781423866748
122,Thunderstruck,11.331337868480723,MID,LOW,0.0786136388778686
123,Thunderstruck,11.42421768707483,MID,LOW,0.0638327747583389
124,Thunderstruck,11.517097505668934,MID,LOW,0.0641590058803558
125,Thunderstruck,11.609977324263038,MID,LOW,0.0597034022212028
126,Thunderstruck,11.702857142857145,MID,MID,0.2076231837272644
127,Thunderstruck,11.795736961451247,MID,MID,0.1290406137704849
128,Thunderstruck,11.888616780045352,MID,MID,0.07552170753479
129,Thunderstruck,11.981496598639456,MID,MID,0.0737731605768203
130,Thunderstruck,12.07437641723356,MID,MID,0.0648099705576896
131,Thunderstruck,12.167256235827663,MID,MID,0.070492073893547
132,Thunderstruck,12.26013605442177,MID,MID,0.0751228779554367
133,Thunderstruck,12.353015873015874,MID,MID,0.0715784877538681
134,Thunderstruck,12.445895691609977,MID,MID,0.0738829895853996
135,Thunderstruck,12.53877551020408,MID,MID,0.0740203782916069
136,Thunderstruck,12.631655328798184,MID,MID,0.2364580631256103
137,Thunderstruck,12.72453514739229,MID,MID,0.0924966484308242
138,Thunderstruck,12.817414965986394,MID,MID,0.0628917068243026
139,Thunderstruck,12.9102947845805,MID,LOW,0.0571313165128231
140,Thunderstruck,13.003174603174603,MID,LOW,0.0641276016831398
141,Thunderstruck,13.096054421768708,MID,LOW,0.2033824920654297
142,Thunderstruck,13.188934240362812,MID,MID,0.123784638941288
143,Thunderstruck,13.281814058956916,MID,MID,0.0940583273768425
144,Thunderstruck,13.37469387755102,MID,MID,0.0785882174968719
145,Thunderstruck,13.467573696145124,MID,MID,0.0984303802251815
146,Thunderstruck,13.56045351473923,MID,MID,0.2670303285121918
147,Thunderstruck,13.653333333333334,MID,MID,0.1276201456785202
148,Thunderstruck,13.746213151927437,MID,MID,0.0945785641670227
149,Thunderstruck,13.83909297052154,MID,MID,0.0915431529283523
150,Thunderstruck,13.931972789115646,MID,MID,0.0934439152479171
151,Thunderstruck,14.02485260770975,MID,MID,0.0681198984384536
152,Thunderstruck,14.117732426303856,MID,MID,0.0540725067257881
153,Thunderstruck,14.21061224489796,MID,MID,0.0529894270002841
154,Thunderstruck,14.303492063492063,MID,MID,0.0735035240650177
155,Thunderstruck,14.396371882086168,MID,MID,0.2043033242225647
156,Thunderstruck,14.489251700680272,MID,MID,0.1447022706270218
157,Thunderstruck,14.582131519274377,MID,MID,0.0778445154428482
158,Thunderstruck,14.67501133786848,MID,MID,0.0722782090306282
159,Thunderstruck,14.767891156462586,MID,LOW,0.0626709535717964
160,Thunderstruck,14.86077097505669,MID,LOW,0.073088452219963
161,Thunderstruck,14.953650793650796,MID,LOW,0.0794133692979812
162,Thunderstruck,15.046530612244895,MID,LOW,0.0673573911190033
163,Thunderstruck,15.139410430839002,MID,LOW,0.0778989195823669
164,Thunderstruck,15.232290249433106,MID,LOW,0.0666621103882789
165,Thunderstruck,15.32517006802721,MID,MID,0.2302616089582443
166,Thunderstruck,15.418049886621317,MID,MID,0.0997062176465988
167,Thunderstruck,15.51092970521542,MID,MID,0.0722393840551376
168,Thunderstruck,15.603809523809524,MID,LOW,0.0705509707331657
169,Thunderstruck,15.696689342403628,MID,LOW,0.0649018138647079
170,Thunderstruck,15.789569160997733,MID,LOW,0.0807988345623016
171,Thunderstruck,15.882448979591835,MID,LOW,0.0784973353147506
172,Thunderstruck,15.975328798185942,MID,LOW,0.0697094425559043
173,Thunderstruck,16.068208616780044,MID,LOW,0.0701447799801826
174,Thunderstruck,16.16108843537415,MID,LOW,0.0728420093655586
175,Thunderstruck,16.253968253968253,MID,LOW,0.2298146188259124
176,Thunderstruck,16.34684807256236,MID,LOW,0.0802144408226013
177,Thunderstruck,16.439727891156462,MID,LOW,0.0684718117117881
178,Thunderstruck,16.532607709750568,MID,LOW,0.0564818792045116
179,Thunderstruck,16.62548752834467,MID,LOW,0.0984926670789718
180,Thunderstruck,16.718367346938777,MID,LOW,0.2654820680618286
181,Thunderstruck,16.81124716553288,MID,LOW,0.1721720844507217
182,Thunderstruck,16.904126984126986,MID,LOW,0.1211179718375206
183,Thunderstruck,16.99700680272109,MID,LOW,0.1082246601581573
184,Thunderstruck,17.08988662131519,MID,MID,0.2584431767463684
185,Thunderstruck,17.182766439909297,MID,MID,0.2002488374710083
186,Thunderstruck,17.2756462585034,MID,MID,0.1130099520087242
187,Thunderstruck,17.368526077097506,MID,MID,0.1447549760341644
188,Thunderstruck,17.46140589569161,MID,MID,0.1288849264383316
189,Thunderstruck,17.554285714285715,MID,LOW,0.1200130656361579
190,Thunderstruck,17.647165532879818,MID,LOW,0.1429117918014526
191,Thunderstruck,17.740045351473924,MID,LOW,0.0924879983067512
192,Thunderstruck,17.832925170068027,MID,LOW,0.1281806379556656
193,Thunderstruck,17.925804988662133,MID,LOW,0.0998630225658416
194,Thunderstruck,18.018684807256236,MID,LOW,0.2441682964563369
195,Thunderstruck,18.11156462585034,MID,LOW,0.1240012496709823
196,Thunderstruck,18.204444444444444,MID,LOW,0.0977745205163955
197,Thunderstruck,18.297324263038547,MID,LOW,0.116954006254673
198,Thunderstruck,18.390204081632653,MID,LOW,0.0702635869383812
199,Thunderstruck,18.483083900226756,MID,LOW,0.1478188782930374
200,Thunderstruck,18.575963718820866,MID,LOW,0.1190253943204879
201,Thunderstruck,18.668843537414965,MID,LOW,0.1059993728995323
202,Thunderstruck,18.76172335600907,MID,LOW,0.1049034744501113
203,Thunderstruck,18.854603174603177,MID,LOW,0.0986059308052063
204,Thunderstruck,18.94748299319728,MID,LOW,0.228440374135971
205,Thunderstruck,19.040362811791383,MID,LOW,0.0997550934553146
206,Thunderstruck,19.13324263038549,MID,LOW,0.1258838027715683
207,Thunderstruck,19.22612244897959,MID,LOW,0.122253194451332
208,Thunderstruck,19.319002267573698,MID,LOW,0.0835173055529594
209,Thunderstruck,19.4118820861678,MID,LOW,0.1854427605867386
210,Thunderstruck,19.504761904761907,MID,LOW,0.1203019842505455
211,Thunderstruck,19.59764172335601,MID,LOW,0.128345102071762
212,Thunderstruck,19.690521541950112,MID,LOW,0.1227981895208358
213,Thunderstruck,19.783401360544214,MID,LOW,0.2068511545658111
214,Thunderstruck,19.87628117913832,MID,LOW,0.2183614522218704
215,Thunderstruck,19.969160997732427,MID,LOW,0.0924924314022064
216,Thunderstruck,20.06204081632653,MID,LOW,0.1336922645568847
217,Thunderstruck,20.154920634920636,MID,LOW,0.0995444431900978
218,Thunderstruck,20.24780045351474,MID,LOW,0.2148725539445877
219,Thunderstruck,20.340680272108845,MID,LOW,0.1914760768413543
220,Thunderstruck,20.433560090702947,MID,LOW,0.1603537797927856
221,Thunderstruck,20.526439909297057,MID,LOW,0.169062852859497
222,Thunderstruck,20.619319727891156,MID,LOW,0.1462710052728653
223,Thunderstruck,20.712199546485262,MID,LOW,0.2787957191467285
224,Thunderstruck,20.805079365079365,MID,LOW,0.1508237868547439
225,Thunderstruck,20.897959183673468,MID,LOW,0.1336340606212616
226,Thunderstruck,20.990839002267577,MID,LOW,0.1563669443130493
227,Thunderstruck,21.083718820861677,MID,LOW,0.0907367542386055
228,Thunderstruck,21.176598639455783,MID,LOW,0.1881404966115951
229,Thunderstruck,21.269478458049885,MID,LOW,0.106323093175888
230,Thunderstruck,21.36235827664399,MID,LOW,0.0897330492734909
231,Thunderstruck,21.455238095238094,MID,LOW,0.1352019011974334
232,Thunderstruck,21.5481179138322,MID,LOW,0.0848058760166168
233,Thunderstruck,21.640997732426303,MID,LOW,0.2731105387210846
234,Thunderstruck,21.73387755102041,MID,LOW,0.1322942078113556
235,Thunderstruck,21.826757369614512,MID,LOW,0.122950792312622
236,Thunderstruck,21.91963718820862,MID,LOW,0.1367447674274444
237,Thunderstruck,22.01251700680272,MID,LOW,0.0761778652667999
238,Thunderstruck,22.105396825396827,MID,LOW,0.1770673394203186
239,Thunderstruck,22.19827664399093,MID,LOW,0.131524920463562
240,Thunderstruck,22.291156462585032,MID,LOW,0.133162647485733
241,Thunderstruck,22.38403628117914,MID,LOW,0.1223556101322174
242,Thunderstruck,22.47691609977324,MID,LOW,0.1948723942041397
243,Thunderstruck,22.569795918367348,MID,LOW,0.2120804339647293
244,Thunderstruck,22.66267573696145,MID,LOW,0.109087735414505
245,Thunderstruck,22.755555555555556,MID,LOW,0.1399461328983307
246,Thunderstruck,22.84843537414966,MID,LOW,0.1162246242165565
247,Thunderstruck,22.941315192743765,MID,LOW,0.1291103512048721
248,Thunderstruck,23.034195011337868,MID,LOW,0.1732605695724487
249,Thunderstruck,23.127074829931978,MID,LOW,0.1212197095155716
250,Thunderstruck,23.219954648526077,MID,LOW,0.1478371918201446
251,Thunderstruck,23.312834467120183,MID,LOW,0.1235327199101448
252,Thunderstruck,23.40571428571429,MID,LOW,0.2256180047988891
253,Thunderstruck,23.49859410430839,MID,LOW,0.1976550370454788
254,Thunderstruck,23.591473922902495,MID,LOW,0.1069658100605011
255,Thunderstruck,23.684353741496597,MID,LOW,0.1584461033344268
256,Thunderstruck,23.777233560090703,MID,LOW,0.1016709059476852
257,Thunderstruck,23.87011337868481,MID,LOW,0.253169298171997
258,Thunderstruck,23.962993197278912,MID,MID,0.2083238661289215
259,Thunderstruck,24.055873015873015,MID,MID,0.1645762324333191
260,Thunderstruck,24.14875283446712,MID,MID,0.1741729527711868
261,Thunderstruck,24.241632653061224,MID,MID,0.1610037386417389
262,Thunderstruck,24.33451247165533,MID,MID,0.3011312186717987
263,Thunderstruck,24.427392290249433,MID,MID,0.1645764261484146
264,Thunderstruck,24.52027210884354,MID,MID,0.1548073142766952
265,Thunderstruck,24.61315192743764,MID,MID,0.1800636947154998
266,Thunderstruck,24.706031746031748,MID,MID,0.1105927303433418
267,Thunderstruck,24.79891156462585,MID,MID,0.163151741027832
268,Thunderstruck,24.891791383219953,MID,MID,0.1222407892346382
269,Thunderstruck,24.98467120181406,MID,MID,0.1296351701021194
270,Thunderstruck,25.07755102040816,MID,MID,0.1394274830818176
271,Thunderstruck,25.170430839002268,MID,MID,0.0942771434783935
272,Thunderstruck,25.26331065759637,MID,MID,0.2701944410800934
273,Thunderstruck,25.356190476190477,MID,MID,0.1175119280815124
274,Thunderstruck,25.44907029478458,MID,MID,0.1338600069284439
275,Thunderstruck,25.54195011337869,MID,MID,0.1308586150407791
276,Thunderstruck,25.63482993197279,MID,MID,0.0834234654903411
277,Thunderstruck,25.727709750566895,MID,MID,0.2007181942462921
278,Thunderstruck,25.820589569160997,MID,MID,0.1483075469732284
279,Thunderstruck,25.913469387755104,MID,MID,0.1381340473890304
280,Thunderstruck,26.006349206349206,MID,MID,0.1365305185317993
281,Thunderstruck,26.09922902494331,MID,MID,0.2011886537075042
282,Thunderstruck,26.192108843537415,MID,MID,0.2295738756656646
283,Thunderstruck,26.28498866213152,MID,MID,0.1319751292467117
284,Thunderstruck,26.377868480725624,MID,MID,0.1445809602737426
285,Thunderstruck,26.470748299319727,MID,MID,0.138419046998024
286,Thunderstruck,26.563628117913833,MID,MID,0.1504130959510803
287,Thunderstruck,26.656507936507936,MID,MID,0.1985235512256622
288,Thunderstruck,26.74938775510204,MID,MID,0.1286376565694809
289,Thunderstruck,26.842267573696144,MID,MID,0.1840384900569915
290,Thunderstruck,26.93514739229025,MID,MID,0.1488937735557556
291,Thunderstruck,27.028027210884353,MID,MID,0.2416822761297226
292,Thunderstruck,27.12090702947846,MID,MID,0.2022745460271835
293,Thunderstruck,27.21378684807256,MID,MID,0.1189220547676086
294,Thunderstruck,27.30666666666667,MID,MID,0.1584070026874542
295,Thunderstruck,27.39954648526077,MID,MID,0.1057536303997039
296,Thunderstruck,27.492426303854874,MID,MID,0.2369773536920547
297,Thunderstruck,27.58530612244898,MID,MID,0.2021547257900238
298,Thunderstruck,27.678185941043083,MID,MID,0.1662976294755935
299,Thunderstruck,27.77106575963719,MID,MID,0.1581561118364334
300,Thunderstruck,27.86394557823129,MID,MID,0.1588537842035293
301,Thunderstruck,27.9568253968254,MID,MID,0.2972892224788666
302,Thunderstruck,28.0497052154195,MID,MID,0.1790118813514709
303,Thunderstruck,28.142585034013607,MID,MID,0.1370854079723358
304,Thunderstruck,28.23546485260771,MID,MID,0.1193934604525566
305,Thunderstruck,28.328344671201815,MID,MID,0.0940515249967575
306,Thunderstruck,28.42122448979592,MID,MID,0.2002796530723571
307,Thunderstruck,28.514104308390024,MID,MID,0.117846742272377
308,Thunderstruck,28.606984126984127,MID,MID,0.1331144869327545
309,Thunderstruck,28.69986394557823,MID,MID,0.1704269647598266
310,Thunderstruck,28.792743764172336,MID,MID,0.1443928331136703
311,Thunderstruck,28.88562358276644,MID,MID,0.2490766942501068
312,Thunderstruck,28.978503401360545,MID,MID,0.1448379307985305
313,Thunderstruck,29.071383219954647,MID,MID,0.1606873720884323
314,Thunderstruck,29.164263038548754,MID,MID,0.1367170214653015
315,Thunderstruck,29.257142857142856,MID,MID,0.1356539875268936
316,Thunderstruck,29.35002267573696,MID,MID,0.2004630863666534
317,Thunderstruck,29.442902494331065,MID,MID,0.1353177279233932
318,Thunderstruck,29.53578231292517,MID,MID,0.1642287671566009
319,Thunderstruck,29.62866213151927,MID,MID,0.1347539573907852
320,Thunderstruck,29.72154195011338,MID,MID,0.1981696635484695
321,Thunderstruck,29.814421768707483,MID,MID,0.2093622833490371
322,Thunderstruck,29.90730158730159,MID,MID,0.1126509010791778
323,Thunderstruck,30.00018140589569,MID,MID,0.1598239988088607
324,Thunderstruck,30.09306122448979,MID,MID,0.1258756816387176
325,Thunderstruck,30.1859410430839,MID,MID,0.1724133491516113
326,Thunderstruck,30.278820861678003,MID,MID,0.1762172579765319
327,Thunderstruck,30.37170068027211,MID,MID,0.1337828785181045
328,Thunderstruck,30.464580498866212,MID,MID,0.1781819760799408
329,Thunderstruck,30.55746031746032,MID,LOW,0.1430050283670425
330,Thunderstruck,30.65034013605442,MID,MID,0.2463759332895279
331,Thunderstruck,30.743219954648527,MID,MID,0.1751089245080948
332,Thunderstruck,30.83609977324263,MID,MID,0.1478635966777801
333,Thunderstruck,30.928979591836736,MID,LOW,0.1538555026054382
334,Thunderstruck,31.02185941043084,MID,LOW,0.1125603690743446
335,Thunderstruck,31.114739229024945,MID,MID,0.3301630616188049
336,Thunderstruck,31.207619047619048,MID,MID,0.2134091109037399
337,Thunderstruck,31.30049886621315,MID,MID,0.1946764141321182
338,Thunderstruck,31.393378684807256,MID,MID,0.202323779463768
339,Thunderstruck,31.48625850340136,MID,MID,0.1772644370794296
340,Thunderstruck,31.579138321995465,MID,MID,0.3319578170776367
341,Thunderstruck,31.672018140589568,MID,MID,0.1947420239448547
342,Thunderstruck,31.76489795918367,MID,MID,0.1940968185663223
343,Thunderstruck,31.857777777777777,MID,MID,0.1732109487056732
344,Thunderstruck,31.950657596371883,MID,MID,0.1365779936313629
345,Thunderstruck,32.04353741496599,MID,MID,0.2142074704170227
346,Thunderstruck,32.13641723356009,MID,MID,0.1569689959287643
347,Thunderstruck,32.229297052154195,MID,MID,0.1698523759841919
348,Thunderstruck,32.3221768707483,MID,MID,0.1813175976276397
349,Thunderstruck,32.41505668934241,MID,MID,0.2301575094461441
350,Thunderstruck,32.507936507936506,MID,MID,0.2384297847747802
351,Thunderstruck,32.60081632653061,MID,MID,0.1434514075517654
352,Thunderstruck,32.69369614512472,MID,MID,0.1710969656705856
353,Thunderstruck,32.78657596371882,MID,MID,0.1417713016271591
354,Thunderstruck,32.879455782312924,MID,MID,0.1786862760782241
355,Thunderstruck,32.97233560090703,MID,MID,0.1744879335165023
356,Thunderstruck,33.065215419501136,MID,MID,0.132316842675209
357,Thunderstruck,33.158095238095235,MID,MID,0.1905746310949325
358,Thunderstruck,33.25097505668934,MID,MID,0.1393525302410125
359,Thunderstruck,33.34385487528345,MID,MID,0.2822774350643158
360,Thunderstruck,33.436734693877554,MID,MID,0.1692886650562286
361,Thunderstruck,33.52961451247165,MID,MID,0.1232958287000656
362,Thunderstruck,33.62249433106576,MID,MID,0.177913099527359
363,Thunderstruck,33.715374149659866,MID,MID,0.1271816343069076
364,Thunderstruck,33.80825396825397,MID,MID,0.2017599195241928
365,Thunderstruck,33.90113378684807,MID,MID,0.1626776307821273
366,Thunderstruck,33.99401360544218,MID,MID,0.1584218889474868
367,Thunderstruck,34.08689342403628,MID,MID,0.1870822310447693
368,Thunderstruck,34.17977324263038,MID,MID,0.1206992715597152
369,Thunderstruck,34.27265306122449,MID,MID,0.2898779809474945
370,Thunderstruck,34.365532879818595,MID,MID,0.1655273586511612
371,Thunderstruck,34.4584126984127,MID,MID,0.1527235358953476
372,Thunderstruck,34.5512925170068,MID,MID,0.1685287803411483
373,Thunderstruck,34.644172335600906,MID,MID,0.160812571644783
374,Thunderstruck,34.73705215419501,MID,MID,0.3106058835983276
375,Thunderstruck,34.82993197278912,MID,MID,0.1856222003698349
376,Thunderstruck,34.92281179138322,MID,MID,0.2118028402328491
377,Thunderstruck,35.015691609977324,MID,MID,0.1772974282503128
378,Thunderstruck,35.10857142857143,MID,MID,0.2484503984451294
379,Thunderstruck,35.20145124716553,MID,MID,0.2735929191112518
380,Thunderstruck,35.294331065759636,MID,MID,0.1753352284431457
381,Thunderstruck,35.38721088435374,MID,MID,0.2196576595306396
382,Thunderstruck,35.48009070294785,MID,MID,0.1682377606630325
383,Thunderstruck,35.57297052154195,MID,MID,0.1730419695377349
384,Thunderstruck,35.66585034013605,MID,MID,0.1987431645393371
385,Thunderstruck,35.75873015873016,MID,MID,0.094961792230606
386,Thunderstruck,35.851609977324266,MID,MID,0.1564280241727829
387,Thunderstruck,35.944489795918365,MID,MID,0.1561655700206756
388,Thunderstruck,36.03736961451247,MID,MID,0.2354490756988525
389,Thunderstruck,36.13024943310658,MID,MID,0.2111723273992538
390,Thunderstruck,36.22312925170068,MID,HIGH,0.1235667541623115
391,Thunderstruck,36.31600907029478,MID,HIGH,0.1862658858299255
392,Thunderstruck,36.40888888888889,MID,HIGH,0.1517642736434936
393,Thunderstruck,36.501768707482995,MID,HIGH,0.1920449286699295
394,Thunderstruck,36.594648526077094,MID,HIGH,0.1743973493576049
395,Thunderstruck,36.6875283446712,MID,HIGH,0.1414772868156433
396,Thunderstruck,36.78040816326531,MID,HIGH,0.2076254189014434
397,Thunderstruck,36.87328798185941,MID,HIGH,0.1414203345775604
398,Thunderstruck,36.96616780045351,MID,HIGH,0.2672859132289886
399,Thunderstruck,37.05904761904762,MID,HIGH,0.1697255074977874
400,Thunderstruck,37.15192743764173,MID,HIGH,0.1107717603445053
401,Thunderstruck,37.24480725623583,MID,HIGH,0.148266926407814
402,Thunderstruck,37.33768707482993,MID,MID,0.1234014332294464
403,Thunderstruck,37.43056689342403,MID,MID,0.2111931890249252
404,Thunderstruck,37.52344671201814,MID,MID,0.1523578017950058
405,Thunderstruck,37.61632653061225,MID,MID,0.1493509709835052
406,Thunderstruck,37.70920634920635,MID,MID,0.1671215593814849
407,Thunderstruck,37.802086167800454,MID,MID,0.1958218216896057
408,Thunderstruck,37.89496598639456,MID,MID,0.2211606204509735
409,Thunderstruck,37.98784580498866,MID,MID,0.1230721399188041
410,Thunderstruck,38.080725623582765,MID,MID,0.1675971001386642
411,Thunderstruck,38.17360544217687,MID,MID,0.155157670378685
412,Thunderstruck,38.26648526077098,MID,MID,0.2523135244846344
413,Thunderstruck,38.35936507936508,MID,MID,0.2990109324455261
414,Thunderstruck,38.45224489795918,MID,MID,0.2113061100244522
415,Thunderstruck,38.54512471655329,MID,MID,0.1894039064645767
416,Thunderstruck,38.638004535147395,MID,MID,0.1693665981292724
417,Thunderstruck,38.730884353741494,MID,MID,0.3192201852798462
418,Thunderstruck,38.8237641723356,MID,MID,0.267036110162735
419,Thunderstruck,38.91664399092971,MID,MID,0.1870845109224319
420,Thunderstruck,39.00952380952381,MID,MID,0.202519416809082
421,Thunderstruck,39.10240362811791,MID,MID,0.1574542969465255
422,Thunderstruck,39.19528344671202,MID,MID,0.1841665059328079
423,Thunderstruck,39.288163265306125,MID,MID,0.1786612421274185
424,Thunderstruck,39.381043083900224,MID,MID,0.1543015390634536
425,Thunderstruck,39.47392290249433,MID,MID,0.1950096786022186
426,Thunderstruck,39.56680272108843,MID,MID,0.143398568034172
427,Thunderstruck,39.65968253968254,MID,MID,0.285977303981781
428,Thunderstruck,39.75256235827664,MID,MID,0.1757186502218246
429,Thunderstruck,39.84544217687075,MID,MID,0.144984096288681
430,Thunderstruck,39.938321995464854,MID,MID,0.1733166426420211
431,Thunderstruck,40.03120181405896,MID,MID,0.1180570870637893
432,Thunderstruck,40.12408163265306,MID,MID,0.2272446304559707
433,Thunderstruck,40.216961451247165,MID,MID,0.1476893126964569
434,Thunderstruck,40.30984126984127,MID,MID,0.1561632603406906
435,Thunderstruck,40.40272108843537,MID,MID,0.1656760573387146
436,Thunderstruck,40.49560090702948,MID,MID,0.15029077231884
437,Thunderstruck,40.58848072562358,MID,MID,0.2395683079957962
438,Thunderstruck,40.68136054421769,MID,MID,0.1295859068632125
439,Thunderstruck,40.77424036281179,MID,MID,0.1775059103965759
440,Thunderstruck,40.867120181405895,MID,MID,0.1363780796527862
441,Thunderstruck,40.96,MID,MID,0.1424051076173782
442,Thunderstruck,41.05287981859411,MID,MID,0.2156464159488678
443,Thunderstruck,41.145759637188206,MID,MID,0.1463759839534759
444,Thunderstruck,41.23863945578231,MID,MID,0.1993333250284195
445,Thunderstruck,41.33151927437642,MID,MID,0.1510137319564819
446,Thunderstruck,41.424399092970525,MID,MID,0.2576565742492676
447,Thunderstruck,41.517278911564624,MID,MID,0.2313326448202133
448,Thunderstruck,41.61015873015873,MID,MID,0.1348546147346496
449,Thunderstruck,41.70303854875283,MID,MID,0.1655287444591522
450,Thunderstruck,41.795918367346935,MID,MID,0.1433297842741012
451,Thunderstruck,41.88879818594104,MID,MID,0.2845590114593506
452,Thunderstruck,41.98167800453515,MID,MID,0.2032012492418289
453,Thunderstruck,42.074557823129254,MID,MID,0.1970661431550979
454,Thunderstruck,42.16743764172335,MID,MID,0.2455382943153381
455,Thunderstruck,42.26031746031746,MID,MID,0.1807038187980651
456,Thunderstruck,42.353197278911566,MID,MID,0.3337611258029938
457,Thunderstruck,42.44607709750567,MID,MID,0.188715398311615
458,Thunderstruck,42.53895691609977,MID,MID,0.1553302705287933
459,Thunderstruck,42.63183673469388,MID,MID,0.2138834744691848
460,Thunderstruck,42.72471655328798,MID,MID,0.1910170912742614
461,Thunderstruck,42.81759637188209,MID,MID,0.221268817782402
462,Thunderstruck,42.91047619047619,MID,MID,0.1419144719839096
463,Thunderstruck,43.003356009070295,MID,MID,0.1703664660453796
464,Thunderstruck,43.0962358276644,MID,MID,0.1856978833675384
465,Thunderstruck,43.1891156462585,MID,MID,0.2026381492614746
466,Thunderstruck,43.281995464852606,MID,MID,0.2883188128471374
467,Thunderstruck,43.37487528344671,MID,MID,0.1474615484476089
468,Thunderstruck,43.46775510204082,MID,MID,0.1606663763523101
469,Thunderstruck,43.56063492063492,MID,MID,0.1530270278453827
470,Thunderstruck,43.653514739229024,MID,MID,0.1675539314746856
471,Thunderstruck,43.74639455782313,MID,MID,0.1959765255451202
472,Thunderstruck,43.83927437641724,MID,MID,0.1333279460668563
473,Thunderstruck,43.932154195011336,MID,MID,0.2025569826364517
474,Thunderstruck,44.02503401360544,MID,MID,0.1500772982835769
475,Thunderstruck,44.11791383219955,MID,MID,0.2400238960981369
476,Thunderstruck,44.210793650793654,MID,MID,0.2018822580575943
477,Thunderstruck,44.30367346938775,MID,MID,0.1413528621196746
478,Thunderstruck,44.39655328798186,MID,MID,0.1829174757003784
479,Thunderstruck,44.489433106575966,MID,MID,0.1280519813299179
480,Thunderstruck,44.582312925170065,MID,MID,0.1890535950660705
481,Thunderstruck,44.67519274376417,MID,MID,0.1507820039987564
482,Thunderstruck,44.76807256235828,MID,MID,0.2183163315057754
483,Thunderstruck,44.860952380952384,MID,MID,0.2498627752065658
0,Wodymidaj,0.0,MID,MID,0.1468660086393356
1,Wodymidaj,0.0928798185941043,MID,MID,0.1476314812898636
2,Wodymidaj,0.1857596371882086,MID,MID,0.0909777358174324
3,Wodymidaj,0.2786394557823129,MID,MID,0.2080258876085281
4,Wodymidaj,0.3715192743764172,MID,MID,0.2973755896091461
5,Wodymidaj,0.4643990929705215,MID,MID,0.2209066897630691
6,Wodymidaj,0.5572789115646258,MID,MID,0.1897656172513961
7,Wodymidaj,0.6501587301587302,MID,MID,0.1584443002939224
8,Wodymidaj,0.7430385487528345,MID,MID,0.2032032608985901
9,Wodymidaj,0.8359183673469388,MID,MID,0.2124567925930023
10,Wodymidaj,0.9287981859410432,MID,LOW,0.1474348753690719
11,Wodymidaj,1.0216780045351477,MID,LOW,0.1747563928365707
12,Wodymidaj,1.1145578231292517,MID,LOW,0.1475123167037964
13,Wodymidaj,1.207437641723356,MID,LOW,0.1416384130716323
14,Wodymidaj,1.3003174603174603,MID,LOW,0.1166893988847732
15,Wodymidaj,1.3931972789115643,MID,LOW,0.2464379966259002
16,Wodymidaj,1.486077097505669,MID,LOW,0.1994156688451767
17,Wodymidaj,1.5789569160997732,MID,LOW,0.1242726296186447
18,Wodymidaj,1.6718367346938776,MID,LOW,0.1021018847823143
19,Wodymidaj,1.7647165532879818,MID,LOW,0.1443580687046051
20,Wodymidaj,1.8575963718820865,MID,LOW,0.0890033468604087
21,Wodymidaj,1.9504761904761905,MID,LOW,0.2575764656066894
22,Wodymidaj,2.043356009070295,MID,LOW,0.2012550234794616
23,Wodymidaj,2.136235827664399,MID,LOW,0.1032758951187133
24,Wodymidaj,2.2291156462585033,MID,LOW,0.0942618027329444
25,Wodymidaj,2.321995464852608,MID,LOW,0.109647512435913
26,Wodymidaj,2.414875283446712,MID,LOW,0.1070121750235557
27,Wodymidaj,2.507755102040816,MID,LOW,0.2553954422473907
28,Wodymidaj,2.6006349206349206,MID,LOW,0.1727354973554611
29,Wodymidaj,2.693514739229025,MID,LOW,0.1592081487178802
30,Wodymidaj,2.786394557823129,MID,LOW,0.1171008348464965
31,Wodymidaj,2.8792743764172335,MID,LOW,0.1362360268831253
32,Wodymidaj,2.972154195011338,MID,LOW,0.1679769903421402
33,Wodymidaj,3.0650340136054424,MID,LOW,0.19788858294487
34,Wodymidaj,3.1579138321995464,MID,LOW,0.1132357344031333
35,Wodymidaj,3.250793650793651,MID,LOW,0.1470623314380645
36,Wodymidaj,3.3436734693877552,MID,LOW,0.126513585448265
37,Wodymidaj,3.436553287981859,MID,LOW,0.1265501976013183
38,Wodymidaj,3.5294331065759637,MID,LOW,0.1419458091259002
39,Wodymidaj,3.622312925170068,MID,LOW,0.2220435440540313
40,Wodymidaj,3.715192743764173,MID,LOW,0.135584682226181
41,Wodymidaj,3.808072562358277,MID,LOW,0.1076928526163101
42,Wodymidaj,3.900952380952381,MID,LOW,0.1011493131518364
43,Wodymidaj,3.9938321995464854,MID,LOW,0.0955609828233718
44,Wodymidaj,4.08671201814059,MID,LOW,0.0900671258568763
45,Wodymidaj,4.179591836734694,MID,LOW,0.2458390891551971
46,Wodymidaj,4.272471655328798,MID,LOW,0.1284532845020294
47,Wodymidaj,4.365351473922902,MID,LOW,0.0926804095506668
48,Wodymidaj,4.458231292517007,MID,LOW,0.0904983654618263
49,Wodymidaj,4.551111111111111,MID,LOW,0.1112833768129348
50,Wodymidaj,4.6439909297052155,MID,LOW,0.1721242070198059
51,Wodymidaj,4.73687074829932,MID,LOW,0.2491742521524429
52,Wodymidaj,4.829750566893424,MID,LOW,0.2056978046894073
53,Wodymidaj,4.922630385487528,MID,LOW,0.1850342899560928
54,Wodymidaj,5.015510204081632,MID,LOW,0.1520397514104843
55,Wodymidaj,5.108390022675737,MID,LOW,0.1562796086072921
56,Wodymidaj,5.201269841269841,MID,LOW,0.2144334316253662
57,Wodymidaj,5.294149659863946,MID,LOW,0.1797258704900741
58,Wodymidaj,5.38702947845805,MID,LOW,0.1882563084363937
59,Wodymidaj,5.479909297052155,MID,LOW,0.1818341612815857
60,Wodymidaj,5.572789115646258,MID,LOW,0.1674691438674926
61,Wodymidaj,5.6656689342403626,MID,LOW,0.1613043248653412
62,Wodymidaj,5.758548752834467,MID,LOW,0.2366888672113418
63,Wodymidaj,5.851428571428571,MID,LOW,0.1819363236427307
64,Wodymidaj,5.944308390022676,MID,LOW,0.1585426181554794
65,Wodymidaj,6.03718820861678,MID,LOW,0.1584732085466385
66,Wodymidaj,6.130068027210885,MID,LOW,0.1345102787017822
67,Wodymidaj,6.222947845804988,MID,LOW,0.1529422551393509
68,Wodymidaj,6.315827664399093,MID,LOW,0.2166285961866378
69,Wodymidaj,6.408707482993197,MID,LOW,0.1955646127462387
70,Wodymidaj,6.501587301587302,MID,LOW,0.1703468859195709
71,Wodymidaj,6.594467120181406,MID,LOW,0.153439849615097
72,Wodymidaj,6.6873469387755105,MID,LOW,0.1517209857702255
73,Wodymidaj,6.780226757369615,MID,LOW,0.1192842870950698
74,Wodymidaj,6.873106575963718,MID,LOW,0.2844376862049103
75,Wodymidaj,6.965986394557823,MID,LOW,0.1959228068590164
76,Wodymidaj,7.058866213151927,MID,LOW,0.1645720601081848
77,Wodymidaj,7.151746031746032,MID,LOW,0.1236574277281761
78,Wodymidaj,7.244625850340136,MID,LOW,0.1450473219156265
79,Wodymidaj,7.337505668934241,MID,LOW,0.1588321179151535
80,Wodymidaj,7.430385487528345,MID,LOW,0.2162004858255386
81,Wodymidaj,7.523265306122449,MID,LOW,0.1409270316362381
82,Wodymidaj,7.616145124716553,MID,LOW,0.1360542476177215
83,Wodymidaj,7.7090249433106575,MID,LOW,0.1380155831575393
84,Wodymidaj,7.801904761904762,MID,LOW,0.1190872341394424
85,Wodymidaj,7.894784580498866,MID,LOW,0.1185586750507354
86,Wodymidaj,7.987664399092971,MID,LOW,0.2481317520141601
87,Wodymidaj,8.080544217687075,MID,LOW,0.1844123303890228
88,Wodymidaj,8.17342403628118,MID,LOW,0.1490323096513748
89,Wodymidaj,8.266303854875284,MID,LOW,0.1216430813074112
90,Wodymidaj,8.359183673469389,MID,LOW,0.1398259699344635
91,Wodymidaj,8.452063492063493,MID,LOW,0.1390451341867447
92,Wodymidaj,8.544943310657596,MID,LOW,0.2003137171268463
93,Wodymidaj,8.6378231292517,MID,LOW,0.1458415687084198
94,Wodymidaj,8.730702947845804,MID,LOW,0.1377450227737426
95,Wodymidaj,8.823582766439909,MID,LOW,0.1531136035919189
96,Wodymidaj,8.916462585034013,MID,LOW,0.168999895453453
97,Wodymidaj,9.009342403628118,MID,LOW,0.2161019444465637
98,Wodymidaj,9.102222222222222,MID,LOW,0.2120176553726196
99,Wodymidaj,9.195102040816328,MID,LOW,0.2012353688478469
100,Wodymidaj,9.287981859410433,MID,LOW,0.1842370778322219
101,Wodymidaj,9.380861678004536,MID,LOW,0.1685428470373153
102,Wodymidaj,9.47374149659864,MID,LOW,0.1791512668132782
103,Wodymidaj,9.566621315192744,MID,LOW,0.2118971049785614
104,Wodymidaj,9.659501133786849,MID,LOW,0.1353245228528976
105,Wodymidaj,9.752380952380951,MID,LOW,0.1378082484006881
106,Wodymidaj,9.845260770975056,MID,LOW,0.1305344402790069
107,Wodymidaj,9.93814058956916,MID,LOW,0.1347126513719558
108,Wodymidaj,10.031020408163265,MID,LOW,0.1444421112537384
109,Wodymidaj,10.12390022675737,MID,LOW,0.2259062081575393
110,Wodymidaj,10.216780045351474,MID,LOW,0.1815086305141449
111,Wodymidaj,10.309659863945578,MID,LOW,0.1637035459280014
112,Wodymidaj,10.402539682539684,MID,LOW,0.2315884530544281
113,Wodymidaj,10.495419501133789,MID,LOW,0.1758905947208404
114,Wodymidaj,10.588299319727891,MID,LOW,0.1849747449159622
115,Wodymidaj,10.681179138321996,MID,LOW,0.2498524487018585
116,Wodymidaj,10.7740589569161,MID,LOW,0.2116851210594177
117,Wodymidaj,10.866938775510205,MID,LOW,0.1734718531370163
118,Wodymidaj,10.95981859410431,MID,LOW,0.2495903223752975
119,Wodymidaj,11.052698412698414,MID,LOW,0.2231142222881317
120,Wodymidaj,11.145578231292516,MID,LOW,0.2109012603759765
121,Wodymidaj,11.23845804988662,MID,MID,0.305746853351593
122,Wodymidaj,11.331337868480723,HIGH,HIGH,0.255038321018219
123,Wodymidaj,11.42421768707483,HIGH,HIGH,0.2110630720853805
124,Wodymidaj,11.517097505668934,HIGH,HIGH,0.2025147825479507
125,Wodymidaj,11.609977324263038,HIGH,HIGH,0.1552008390426635
126,Wodymidaj,11.702857142857145,HIGH,HIGH,0.1368610113859176
127,Wodymidaj,11.795736961451247,HIGH,HIGH,0.2064278423786163
128,Wodymidaj,11.888616780045352,HIGH,HIGH,0.1716674417257309
129,Wodymidaj,11.981496598639456,HIGH,HIGH,0.1502897441387176
130,Wodymidaj,12.07437641723356,HIGH,HIGH,0.2106383740901947
131,Wodymidaj,12.167256235827663,HIGH,HIGH,0.2055199891328811
132,Wodymidaj,12.26013605442177,HIGH,HIGH,0.1850480735301971
133,Wodymidaj,12.353015873015874,HIGH,HIGH,0.297297716140747
134,Wodymidaj,12.445895691609977,HIGH,HIGH,0.1821244210004806
135,Wodymidaj,12.53877551020408,HIGH,HIGH,0.129489004611969
136,Wodymidaj,12.631655328798184,HIGH,HIGH,0.1608669906854629
137,Wodymidaj,12.72453514739229,HIGH,HIGH,0.1708475649356842
138,Wodymidaj,12.817414965986394,HIGH,HIGH,0.1656585484743118
139,Wodymidaj,12.9102947845805,HIGH,HIGH,0.235637292265892
140,Wodymidaj,13.003174603174603,HIGH,HIGH,0.2024099975824356
141,Wodymidaj,13.096054421768708,HIGH,HIGH,0.2061036825180053
142,Wodymidaj,13.188934240362812,HIGH,HIGH,0.1612598150968551
143,Wodymidaj,13.281814058956916,HIGH,HIGH,0.1397882103919983
144,Wodymidaj,13.37469387755102,HIGH,HIGH,0.211985632777214
145,Wodymidaj,13.467573696145124,HIGH,HIGH,0.2469461113214492
146,Wodymidaj,13.56045351473923,HIGH,HIGH,0.2042539268732071
147,Wodymidaj,13.653333333333334,HIGH,HIGH,0.179150179028511
148,Wodymidaj,13.746213151927437,HIGH,HIGH,0.1810756176710128
149,Wodymidaj,13.83909297052154,HIGH,HIGH,0.2216022759675979
150,Wodymidaj,13.931972789115646,HIGH,HIGH,0.2596559226512909
151,Wodymidaj,14.02485260770975,HIGH,HIGH,0.1686894744634628
152,Wodymidaj,14.117732426303856,HIGH,HIGH,0.1836832165718078
153,Wodymidaj,14.21061224489796,HIGH,HIGH,0.1571476012468338
154,Wodymidaj,14.303492063492063,HIGH,HIGH,0.1279529482126236
155,Wodymidaj,14.396371882086168,HIGH,HIGH,0.1214236617088317
156,Wodymidaj,14.489251700680272,HIGH,HIGH,0.2185459583997726
157,Wodymidaj,14.582131519274377,HIGH,HIGH,0.1376100778579712
158,Wodymidaj,14.67501133786848,HIGH,HIGH,0.1207496747374534
159,Wodymidaj,14.767891156462586,HIGH,HIGH,0.1922398209571838
160,Wodymidaj,14.86077097505669,HIGH,HIGH,0.1197907105088234
161,Wodymidaj,14.953650793650796,HIGH,HIGH,0.1447353810071945
162,Wodymidaj,15.046530612244895,HIGH,HIGH,0.2615490853786468
163,Wodymidaj,15.139410430839002,HIGH,HIGH,0.2071482688188552
164,Wodymidaj,15.232290249433106,HIGH,HIGH,0.1853614002466201
165,Wodymidaj,15.32517006802721,HIGH,HIGH,0.1983071714639663
166,Wodymidaj,15.418049886621317,HIGH,HIGH,0.1655443161725998
167,Wodymidaj,15.51092970521542,HIGH,HIGH,0.1272559314966201
168,Wodymidaj,15.603809523809524,HIGH,HIGH,0.258667528629303
169,Wodymidaj,15.696689342403628,HIGH,HIGH,0.2016255110502243
170,Wodymidaj,15.789569160997733,HIGH,HIGH,0.2002482861280441
171,Wodymidaj,15.882448979591835,HIGH,HIGH,0.2022794336080551
172,Wodymidaj,15.975328798185942,HIGH,HIGH,0.1661618947982788
173,Wodymidaj,16.068208616780044,HIGH,MID,0.1533185094594955
174,Wodymidaj,16.16108843537415,HIGH,MID,0.2467459142208099
175,Wodymidaj,16.253968253968253,HIGH,MID,0.186467170715332
176,Wodymidaj,16.34684807256236,HIGH,MID,0.193004161119461
177,Wodymidaj,16.439727891156462,HIGH,MID,0.2155622839927673
178,Wodymidaj,16.532607709750568,HIGH,MID,0.21360744535923
179,Wodymidaj,16.62548752834467,HIGH,MID,0.1720206886529922
180,Wodymidaj,16.718367346938777,HIGH,MID,0.2835082113742828
181,Wodymidaj,16.81124716553288,HIGH,MID,0.1623497754335403
182,Wodymidaj,16.904126984126986,HIGH,MID,0.1610453277826309
183,Wodymidaj,16.99700680272109,HIGH,MID,0.1589517891407013
184,Wodymidaj,17.08988662131519,HIGH,MID,0.200197547674179
185,Wodymidaj,17.182766439909297,HIGH,MID,0.1722308546304702
186,Wodymidaj,17.2756462585034,HIGH,MID,0.2411535382270813
187,Wodymidaj,17.368526077097506,HIGH,MID,0.1633177548646927
188,Wodymidaj,17.46140589569161,HIGH,MID,0.1526788473129272
189,Wodymidaj,17.554285714285715,HIGH,MID,0.1887761503458023
190,Wodymidaj,17.647165532879818,HIGH,MID,0.1771952807903289
191,Wodymidaj,17.740045351473924,HIGH,MID,0.2115292251110077
192,Wodymidaj,17.832925170068027,HIGH,MID,0.2571166157722473
193,Wodymidaj,17.925804988662133,HIGH,MID,0.2118581235408783
194,Wodymidaj,18.018684807256236,HIGH,MID,0.1975817680358886
195,Wodymidaj,18.11156462585034,HIGH,MID,0.1677802950143814
196,Wodymidaj,18.204444444444444,HIGH,MID,0.2120933085680008
197,Wodymidaj,18.297324263038547,HIGH,MID,0.2593304216861725
198,Wodymidaj,18.390204081632653,HIGH,MID,0.2057377398014068
199,Wodymidaj,18.483083900226756,HIGH,MID,0.1761754304170608
200,Wodymidaj,18.575963718820866,HIGH,MID,0.1657163500785827
201,Wodymidaj,18.668843537414965,HIGH,MID,0.1510035991668701
202,Wodymidaj,18.76172335600907,HIGH,MID,0.106456771492958
203,Wodymidaj,18.854603174603177,HIGH,MID,0.2268480807542801
204,Wodymidaj,18.94748299319728,HIGH,MID,0.1829444020986557
205,Wodymidaj,19.040362811791383,HIGH,MID,0.1600936949253082
206,Wodymidaj,19.13324263038549,HIGH,MID,0.1680282950401306
207,Wodymidaj,19.22612244897959,HIGH,MID,0.1537900120019912
208,Wodymidaj,19.319002267573698,HIGH,MID,0.1557127833366394
209,Wodymidaj,19.4118820861678,HIGH,MID,0.2492025643587112
210,Wodymidaj,19.504761904761907,HIGH,MID,0.1743597537279129
211,Wodymidaj,19.59764172335601,HIGH,MID,0.1323003470897674
212,Wodymidaj,19.690521541950112,HIGH,MID,0.194928839802742
213,Wodymidaj,19.783401360544214,HIGH,MID,0.2144872099161148
214,Wodymidaj,19.87628117913832,HIGH,MID,0.1971524357795715
215,Wodymidaj,19.969160997732427,HIGH,MID,0.2686901092529297
216,Wodymidaj,20.06204081632653,HIGH,MID,0.2390461713075637
217,Wodymidaj,20.154920634920636,HIGH,MID,0.2353525012731552
218,Wodymidaj,20.24780045351474,HIGH,MID,0.2128753811120987
219,Wodymidaj,20.340680272108845,HIGH,MID,0.1809870153665542
220,Wodymidaj,20.433560090702947,HIGH,MID,0.1410953998565673
221,Wodymidaj,20.526439909297057,HIGH,MID,0.2227353453636169
222,Wodymidaj,20.619319727891156,HIGH,MID,0.1793552935123443
223,Wodymidaj,20.712199546485262,HIGH,MID,0.1970961987972259
224,Wodymidaj,20.805079365079365,HIGH,MID,0.2033881247043609
225,Wodymidaj,20.897959183673468,HIGH,MID,0.1617224812507629
226,Wodymidaj,20.990839002267577,HIGH,MID,0.1742595881223678
227,Wodymidaj,21.083718820861677,HIGH,MID,0.3113639950752258
228,Wodymidaj,21.176598639455783,HIGH,MID,0.1744522750377655
229,Wodymidaj,21.269478458049885,HIGH,MID,0.1203632056713104
230,Wodymidaj,21.36235827664399,HIGH,MID,0.1461120396852493
231,Wodymidaj,21.455238095238094,HIGH,MID,0.1423671394586563
232,Wodymidaj,21.5481179138322,HIGH,MID,0.1830124258995056
233,Wodymidaj,21.640997732426303,HIGH,MID,0.2479479759931564
234,Wodymidaj,21.73387755102041,HIGH,MID,0.1996511965990066
235,Wodymidaj,21.826757369614512,HIGH,MID,0.1757583320140838
236,Wodymidaj,21.91963718820862,HIGH,MID,0.1431257277727127
237,Wodymidaj,22.01251700680272,HIGH,MID,0.147999033331871
238,Wodymidaj,22.105396825396827,HIGH,MID,0.2286438941955566
239,Wodymidaj,22.19827664399093,HIGH,MID,0.2529551684856415
240,Wodymidaj,22.291156462585032,HIGH,MID,0.2130540907382965
241,Wodymidaj,22.38403628117914,HIGH,MID,0.2013910561800003
242,Wodymidaj,22.47691609977324,HIGH,MID,0.1717904508113861
243,Wodymidaj,22.569795918367348,HIGH,MID,0.2009775340557098
244,Wodymidaj,22.66267573696145,HIGH,MID,0.2549219131469726
245,Wodymidaj,22.755555555555556,HIGH,MID,0.1844908148050308
246,Wodymidaj,22.84843537414966,HIGH,MID,0.2033709287643432
247,Wodymidaj,22.941315192743765,HIGH,MID,0.177947923541069
248,Wodymidaj,23.034195011337868,HIGH,MID,0.1308169215917587
249,Wodymidaj,23.127074829931978,HIGH,MID,0.1180274933576583
250,Wodymidaj,23.219954648526077,HIGH,MID,0.24316968023777
251,Wodymidaj,23.312834467120183,HIGH,MID,0.179469883441925
252,Wodymidaj,23.40571428571429,HIGH,MID,0.1638292074203491
253,Wodymidaj,23.49859410430839,HIGH,MID,0.2073095887899398
254,Wodymidaj,23.591473922902495,HIGH,MID,0.1820030659437179
255,Wodymidaj,23.684353741496597,HIGH,MID,0.1776473969221115
256,Wodymidaj,23.777233560090703,HIGH,MID,0.2667764127254486
257,Wodymidaj,23.87011337868481,HIGH,MID,0.1880064159631729
258,Wodymidaj,23.962993197278912,HIGH,MID,0.1283737421035766
259,Wodymidaj,24.055873015873015,HIGH,MID,0.1669134348630905
260,Wodymidaj,24.14875283446712,HIGH,MID,0.172767698764801
261,Wodymidaj,24.241632653061224,HIGH,MID,0.1538469791412353
262,Wodymidaj,24.33451247165533,HIGH,MID,0.285328209400177
263,Wodymidaj,24.427392290249433,HIGH,MID,0.2184190601110458
264,Wodymidaj,24.52027210884354,HIGH,MID,0.1932905167341232
265,Wodymidaj,24.61315192743764,HIGH,MID,0.19412761926651
266,Wodymidaj,24.706031746031748,HIGH,MID,0.201863408088684
267,Wodymidaj,24.79891156462585,HIGH,MID,0.1889876872301101
268,Wodymidaj,24.891791383219953,HIGH,MID,0.2733353674411773
269,Wodymidaj,24.98467120181406,HIGH,MID,0.2109483778476715
270,Wodymidaj,25.07755102040816,HIGH,MID,0.1865570247173309
271,Wodymidaj,25.170430839002268,HIGH,MID,0.1940338760614395
272,Wodymidaj,25.26331065759637,HIGH,MID,0.1210930570960044
273,Wodymidaj,25.356190476190477,HIGH,MID,0.1127614229917526
274,Wodymidaj,25.44907029478458,HIGH,MID,0.3091654777526855
275,Wodymidaj,25.54195011337869,HIGH,MID,0.2040261924266815
276,Wodymidaj,25.63482993197279,HIGH,MID,0.1525134593248367
277,Wodymidaj,25.727709750566895,HIGH,MID,0.171862855553627
278,Wodymidaj,25.820589569160997,HIGH,MID,0.2269981801509857
279,Wodymidaj,25.913469387755104,HIGH,MID,0.2317471355199813
280,Wodymidaj,26.006349206349206,HIGH,MID,0.2444410175085067
281,Wodymidaj,26.09922902494331,HIGH,MID,0.1654124110937118
282,Wodymidaj,26.192108843537415,HIGH,MID,0.1984992027282714
283,Wodymidaj,26.28498866213152,HIGH,MID,0.155628353357315
284,Wodymidaj,26.377868480725624,HIGH,MID,0.1580674201250076
285,Wodymidaj,26.470748299319727,HIGH,MID,0.223871111869812
286,Wodymidaj,26.563628117913833,HIGH,MID,0.2593630254268646
287,Wodymidaj,26.656507936507936,HIGH,MID,0.2012059241533279
288,Wodymidaj,26.74938775510204,HIGH,MID,0.1906256079673767
289,Wodymidaj,26.842267573696144,HIGH,MID,0.1965467780828476
290,Wodymidaj,26.93514739229025,HIGH,MID,0.2702422440052032
291,Wodymidaj,27.028027210884353,HIGH,MID,0.2861007452011108
292,Wodymidaj,27.12090702947846,HIGH,MID,0.2059393227100372
293,Wodymidaj,27.21378684807256,HIGH,MID,0.1803472340106964
294,Wodymidaj,27.30666666666667,HIGH,MID,0.1629098057746887
295,Wodymidaj,27.39954648526077,HIGH,MID,0.1882161349058151
296,Wodymidaj,27.492426303854874,HIGH,MID,0.2670119106769562
297,Wodymidaj,27.58530612244898,HIGH,MID,0.2592045068740845
298,Wodymidaj,27.678185941043083,HIGH,MID,0.1858844012022018
299,Wodymidaj,27.77106575963719,HIGH,MID,0.1568846106529235
300,Wodymidaj,27.86394557823129,HIGH,MID,0.2312439978122711
301,Wodymidaj,27.9568253968254,HIGH,MID,0.1878136545419693
302,Wodymidaj,28.0497052154195,HIGH,MID,0.1612005531787872
303,Wodymidaj,28.142585034013607,HIGH,MID,0.2653922736644745
304,Wodymidaj,28.23546485260771,HIGH,MID,0.1889637261629104
305,Wodymidaj,28.328344671201815,HIGH,MID,0.1209208220243454
306,Wodymidaj,28.42122448979592,HIGH,MID,0.2175934612751007
307,Wodymidaj,28.514104308390024,HIGH,MID,0.2143518775701522
308,Wodymidaj,28.606984126984127,HIGH,MID,0.220062106847763
309,Wodymidaj,28.69986394557823,HIGH,MID,0.2859407365322113
310,Wodymidaj,28.792743764172336,HIGH,MID,0.2254724651575088
311,Wodymidaj,28.88562358276644,HIGH,MID,0.1963896006345749
312,Wodymidaj,28.978503401360545,HIGH,MID,0.2184717655181884
313,Wodymidaj,29.071383219954647,HIGH,MID,0.1924237757921219
314,Wodymidaj,29.164263038548754,HIGH,MID,0.1585572510957718
315,Wodymidaj,29.257142857142856,HIGH,MID,0.2416716814041137
316,Wodymidaj,29.35002267573696,HIGH,MID,0.1990741342306137
317,Wodymidaj,29.442902494331065,HIGH,MID,0.2008913308382034
318,Wodymidaj,29.53578231292517,HIGH,MID,0.2311193197965622
319,Wodymidaj,29.62866213151927,HIGH,MID,0.1655566245317459
320,Wodymidaj,29.72154195011338,HIGH,MID,0.1601024568080902
321,Wodymidaj,29.814421768707483,HIGH,MID,0.2953891456127167
322,Wodymidaj,29.90730158730159,HIGH,MID,0.1749206036329269
323,Wodymidaj,30.00018140589569,HIGH,MID,0.1431953907012939
324,Wodymidaj,30.09306122448979,HIGH,MID,0.1567622125148773
325,Wodymidaj,30.1859410430839,HIGH,MID,0.1693461537361145
326,Wodymidaj,30.278820861678003,HIGH,MID,0.1849956214427948
327,Wodymidaj,30.37170068027211,HIGH,MID,0.2623549997806549
328,Wodymidaj,30.464580498866212,HIGH,MID,0.1866441071033477
329,Wodymidaj,30.55746031746032,HIGH,MID,0.1643743962049484
330,Wodymidaj,30.65034013605442,HIGH,MID,0.1095120012760162
331,Wodymidaj,30.743219954648527,HIGH,MID,0.1379763484001159
332,Wodymidaj,30.83609977324263,HIGH,MID,0.2464695274829864
333,Wodymidaj,30.928979591836736,HIGH,MID,0.2239906936883926
334,Wodymidaj,31.02185941043084,HIGH,MID,0.2006300538778305
335,Wodymidaj,31.114739229024945,HIGH,MID,0.189141646027565
336,Wodymidaj,31.207619047619048,HIGH,MID,0.199727177619934
337,Wodymidaj,31.30049886621315,HIGH,MID,0.2233064770698547
338,Wodymidaj,31.393378684807256,HIGH,MID,0.2630681991577148
339,Wodymidaj,31.48625850340136,HIGH,MID,0.1999501138925552
340,Wodymidaj,31.579138321995465,HIGH,MID,0.2096137106418609
341,Wodymidaj,31.672018140589568,HIGH,MID,0.1935059130191803
342,Wodymidaj,31.76489795918367,HIGH,MID,0.1285355538129806
343,Wodymidaj,31.857777777777777,HIGH,MID,0.1050616577267646
344,Wodymidaj,31.950657596371883,HIGH,MID,0.2243860363960266
345,Wodymidaj,32.04353741496599,HIGH,MID,0.1748474389314651
346,Wodymidaj,32.13641723356009,HIGH,MID,0.1449775248765945
347,Wodymidaj,32.229297052154195,HIGH,MID,0.1876555681228637
348,Wodymidaj,32.3221768707483,HIGH,MID,0.1342420428991317
349,Wodymidaj,32.41505668934241,HIGH,LOW,0.1522918790578842
350,Wodymidaj,32.507936507936506,HIGH,MID,0.30873504281044
351,Wodymidaj,32.60081632653061,HIGH,MID,0.2593209743499756
352,Wodymidaj,32.69369614512472,HIGH,MID,0.1730948686599731
353,Wodymidaj,32.78657596371882,HIGH,MID,0.2300905734300613
354,Wodymidaj,32.879455782312924,HIGH,MID,0.1494840383529663
355,Wodymidaj,32.97233560090703,HIGH,MID,0.1199451982975006
356,Wodymidaj,33.065215419501136,HIGH,MID,0.2684744298458099
357,Wodymidaj,33.158095238095235,HIGH,MID,0.2009937763214111
358,Wodymidaj,33.25097505668934,HIGH,MID,0.1831332743167877
359,Wodymidaj,33.34385487528345,HIGH,MID,0.1982071995735168
360,Wodymidaj,33.436734693877554,HIGH,MID,0.180159717798233
361,Wodymidaj,33.52961451247165,HIGH,MID,0.1576127111911773
362,Wodymidaj,33.62249433106576,HIGH,MID,0.2441881448030471
363,Wodymidaj,33.715374149659866,HIGH,MID,0.2203432917594909
364,Wodymidaj,33.80825396825397,HIGH,MID,0.1915820091962814
365,Wodymidaj,33.90113378684807,HIGH,MID,0.1813754588365554
366,Wodymidaj,33.99401360544218,HIGH,MID,0.1912809312343597
367,Wodymidaj,34.08689342403628,HIGH,MID,0.1726186275482177
368,Wodymidaj,34.17977324263038,HIGH,MID,0.2767439782619476
369,Wodymidaj,34.27265306122449,HIGH,MID,0.183503583073616
370,Wodymidaj,34.365532879818595,HIGH,MID,0.1746287196874618
371,Wodymidaj,34.4584126984127,HIGH,MID,0.1846486330032348
372,Wodymidaj,34.5512925170068,HIGH,MID,0.1792919188737869
373,Wodymidaj,34.644172335600906,HIGH,MID,0.1950989365577697
374,Wodymidaj,34.73705215419501,HIGH,MID,0.1967259049415588
375,Wodymidaj,34.82993197278912,HIGH,MID,0.1776109337806701
376,Wodymidaj,34.92281179138322,HIGH,MID,0.1415308713912964
377,Wodymidaj,35.015691609977324,HIGH,MID,0.1575770527124405
378,Wodymidaj,35.10857142857143,HIGH,MID,0.1531180143356323
379,Wodymidaj,35.20145124716553,HIGH,MID,0.2440714687108993
380,Wodymidaj,35.294331065759636,HIGH,MID,0.2450450509786605
381,Wodymidaj,35.38721088435374,HIGH,MID,0.187996432185173
382,Wodymidaj,35.48009070294785,HIGH,MID,0.214565247297287
383,Wodymidaj,35.57297052154195,HIGH,MID,0.2041816413402557
384,Wodymidaj,35.66585034013605,HIGH,MID,0.2350698560476303
385,Wodymidaj,35.75873015873016,HIGH,MID,0.2546977996826172
386,Wodymidaj,35.851609977324266,HIGH,MID,0.2160224318504333
387,Wodymidaj,35.944489795918365,HIGH,MID,0.1920623779296875
388,Wodymidaj,36.03736961451247,HIGH,MID,0.1904127597808838
389,Wodymidaj,36.13024943310658,HIGH,MID,0.1162031069397926
390,Wodymidaj,36.22312925170068,HIGH,MID,0.1195525676012039
391,Wodymidaj,36.31600907029478,HIGH,MID,0.2304795980453491
392,Wodymidaj,36.40888888888889,HIGH,MID,0.1807552576065063
393,Wodymidaj,36.501768707482995,HIGH,MID,0.1722036004066467
394,Wodymidaj,36.594648526077094,HIGH,MID,0.1888547092676162
395,Wodymidaj,36.6875283446712,HIGH,MID,0.1629948765039444
396,Wodymidaj,36.78040816326531,HIGH,MID,0.1644759625196457
397,Wodymidaj,36.87328798185941,HIGH,MID,0.2621246576309204
398,Wodymidaj,36.96616780045351,HIGH,MID,0.1760972440242767
399,Wodymidaj,37.05904761904762,HIGH,MID,0.1581865400075912
400,Wodymidaj,37.15192743764173,HIGH,MID,0.226745456457138
401,Wodymidaj,37.24480725623583,HIGH,MID,0.2670036554336548
402,Wodymidaj,37.33768707482993,HIGH,MID,0.2139745205640792
403,Wodymidaj,37.43056689342403,HIGH,MID,0.2970864474773407
404,Wodymidaj,37.52344671201814,HIGH,MID,0.2256620079278946
405,Wodymidaj,37.61632653061225,HIGH,MID,0.2294891625642776
406,Wodymidaj,37.70920634920635,HIGH,MID,0.212085023522377
407,Wodymidaj,37.802086167800454,HIGH,MID,0.1910988688468933
408,Wodymidaj,37.89496598639456,HIGH,MID,0.1717863976955413
409,Wodymidaj,37.98784580498866,HIGH,HIGH,0.2285431176424026
410,Wodymidaj,38.080725623582765,HIGH,HIGH,0.1604141741991043
411,Wodymidaj,38.17360544217687,HIGH,HIGH,0.1819791793823242
412,Wodymidaj,38.26648526077098,HIGH,HIGH,0.1837361007928848
413,Wodymidaj,38.35936507936508,HIGH,HIGH,0.1871899962425232
414,Wodymidaj,38.45224489795918,HIGH,HIGH,0.1826263070106506
415,Wodymidaj,38.54512471655329,HIGH,HIGH,0.2918736338615417
416,Wodymidaj,38.638004535147395,HIGH,HIGH,0.1795913577079773
417,Wodymidaj,38.730884353741494,HIGH,HIGH,0.1144565716385841
418,Wodymidaj,38.8237641723356,HIGH,HIGH,0.1576116681098938
419,Wodymidaj,38.91664399092971,HIGH,HIGH,0.1318624019622802
420,Wodymidaj,39.00952380952381,HIGH,HIGH,0.2038798779249191
421,Wodymidaj,39.10240362811791,HIGH,HIGH,0.2026091068983078
422,Wodymidaj,39.19528344671202,HIGH,HIGH,0.2187802493572235
423,Wodymidaj,39.288163265306125,HIGH,HIGH,0.2157533019781112
424,Wodymidaj,39.381043083900224,HIGH,HIGH,0.149586409330368
425,Wodymidaj,39.47392290249433,HIGH,HIGH,0.1291293799877166
426,Wodymidaj,39.56680272108843,HIGH,HIGH,0.2608124911785126
427,Wodymidaj,39.65968253968254,HIGH,HIGH,0.2202707082033157
428,Wodymidaj,39.75256235827664,HIGH,HIGH,0.2090822011232376
429,Wodymidaj,39.84544217687075,HIGH,HIGH,0.1946263462305069
430,Wodymidaj,39.938321995464854,HIGH,HIGH,0.1955758482217788
431,Wodymidaj,40.03120181405896,HIGH,HIGH,0.221236303448677
432,Wodymidaj,40.12408163265306,HIGH,HIGH,0.2673708498477936
433,Wodymidaj,40.216961451247165,HIGH,HIGH,0.214787021279335
434,Wodymidaj,40.30984126984127,HIGH,HIGH,0.2105658799409866
435,Wodymidaj,40.40272108843537,HIGH,HIGH,0.1858748495578766
436,Wodymidaj,40.49560090702948,HIGH,HIGH,0.1094711273908615
437,Wodymidaj,40.58848072562358,HIGH,HIGH,0.1131389662623405
438,Wodymidaj,40.68136054421769,HIGH,HIGH,0.2202526926994323
439,Wodymidaj,40.77424036281179,HIGH,HIGH,0.1571172326803207
440,Wodymidaj,40.867120181405895,HIGH,HIGH,0.1302746832370758
441,Wodymidaj,40.96,HIGH,HIGH,0.2075128108263015
442,Wodymidaj,41.05287981859411,HIGH,HIGH,0.1674248129129409
443,Wodymidaj,41.145759637188206,HIGH,HIGH,0.1359262317419052
444,Wodymidaj,41.23863945578231,HIGH,HIGH,0.2821135222911834
445,Wodymidaj,41.33151927437642,HIGH,HIGH,0.2213391810655594
446,Wodymidaj,41.424399092970525,HIGH,HIGH,0.1373943090438842
447,Wodymidaj,41.517278911564624,HIGH,HIGH,0.1754169762134552
448,Wodymidaj,41.61015873015873,HIGH,HIGH,0.1925688087940216
449,Wodymidaj,41.70303854875283,HIGH,HIGH,0.14717797935009
450,Wodymidaj,41.795918367346935,HIGH,HIGH,0.2732355892658233
451,Wodymidaj,41.88879818594104,HIGH,HIGH,0.2008054554462433
452,Wodymidaj,41.98167800453515,HIGH,HIGH,0.1985741704702377
453,Wodymidaj,42.074557823129254,HIGH,HIGH,0.2092811614274978
454,Wodymidaj,42.16743764172335,HIGH,HIGH,0.1963277608156204
455,Wodymidaj,42.26031746031746,HIGH,HIGH,0.1649075001478195
456,Wodymidaj,42.353197278911566,HIGH,HIGH,0.2627262473106384
457,Wodymidaj,42.44607709750567,HIGH,HIGH,0.2444708198308944
458,Wodymidaj,42.53895691609977,HIGH,HIGH,0.2208907008171081
459,Wodymidaj,42.63183673469388,HIGH,HIGH,0.1964975148439407
460,Wodymidaj,42.72471655328798,HIGH,HIGH,0.1349963545799255
461,Wodymidaj,42.81759637188209,HIGH,HIGH,0.1333762407302856
462,Wodymidaj,42.91047619047619,HIGH,HIGH,0.3488598167896271
463,Wodymidaj,43.003356009070295,HIGH,HIGH,0.226733848452568
464,Wodymidaj,43.0962358276644,HIGH,HIGH,0.1892346292734146
465,Wodymidaj,43.1891156462585,HIGH,HIGH,0.1547903567552566
466,Wodymidaj,43.281995464852606,HIGH,HIGH,0.1271974295377731
467,Wodymidaj,43.37487528344671,HIGH,HIGH,0.1249295026063919
468,Wodymidaj,43.46775510204082,HIGH,HIGH,0.1044726073741912
469,Wodymidaj,43.56063492063492,HIGH,HIGH,0.0679401978850364
470,Wodymidaj,43.653514739229024,HIGH,LOW,0.089839406311512
471,Wodymidaj,43.74639455782313,HIGH,LOW,0.0878981575369834
472,Wodymidaj,43.83927437641724,HIGH,LOW,0.0817354097962379
473,Wodymidaj,43.932154195011336,HIGH,LOW,0.1502320915460586
474,Wodymidaj,44.02503401360544,HIGH,LOW,0.182682067155838
475,Wodymidaj,44.11791383219955,HIGH,LOW,0.147679790854454
476,Wodymidaj,44.210793650793654,HIGH,LOW,0.102782666683197
477,Wodymidaj,44.30367346938775,HIGH,LOW,0.1112219989299774
478,Wodymidaj,44.39655328798186,HIGH,LOW,0.1134090721607208
479,Wodymidaj,44.489433106575966,HIGH,LOW,0.1028579324483871
480,Wodymidaj,44.582312925170065,HIGH,LOW,0.0921339988708496
481,Wodymidaj,44.67519274376417,HIGH,LOW,0.0913805067539215
482,Wodymidaj,44.76807256235828,HIGH,LOW,0.097091905772686
483,Wodymidaj,44.860952380952384,HIGH,LOW,0.0900653526186943
