timestamp,processing_time_ms,track_id,rms,rms_bass,rms_mid,rms_high,spectral_centroid,spectral_centroid_hz,onset_strength,bpm,is_beat,is_raw_beat,is_beat_bass,is_beat_high,is_section_boundary,current_section,energy_state,dimmer,strobe_bass
205.07924408296822,1.8397,Wodymidaj,0.03267408534884453,0.003962332811217961,0.0010234224511660426,0.0005474649104511838,0.44969923231654907,1050.69,69.33329935612049,120.0,False,False,False,False,False,A,LOW,0.0,False
205.1736520829727,0.8868,Wodymidaj,0.17762291431427002,0.24001930487629544,0.14733740412754556,0.010126513265024535,0.6976964152764034,2622.9,20.33584009064431,120.0,False,False,False,False,False,A,LOW,0.0,False
205.266753666976,0.7508,Wodymidaj,0.1508185863494873,0.29081725386935015,0.2726628780783741,0.01821779817679851,0.5872479049262285,1745.16,3.0748292069561374,120.0,False,False,False,False,False,A,LOW,0.0,False
205.3585312499781,1.0831,Wodymidaj,0.10449931025505066,0.27889142673843625,0.1395655659652605,0.006271882478379606,0.5161143042185781,1342.38,2.8720639272708186,120.0,False,False,False,False,False,A,LOW,0.0,False
205.45257570798276,1.0999,Wodymidaj,0.2802984118461609,0.2997315983681095,0.17068983892014752,0.012748608326550642,0.579727816681441,1697.42,6.598355947162376,120.0,False,False,False,False,False,A,LOW,0.0,False
205.54546254198067,1.8843,Wodymidaj,0.2890320420265198,0.9765440615145533,0.4031121232598872,0.03564298288536719,0.5610665619353301,1584.5,6.246549212522555,120.0,False,False,False,False,False,A,LOW,0.0,False
205.63862329197582,2.5645,Wodymidaj,0.2374727874994278,0.5606874527013902,0.3204585107630511,0.026473998784903995,0.5132894723669569,1328.47,2.3256232814179283,120.0,False,False,False,False,False,A,LOW,0.0,False
205.72670583298896,2.5861,Wodymidaj,0.18916510045528412,0.6015603972420018,0.24254417254800986,0.02027464066052248,0.503030510456149,1279.13,2.3654617853076534,120.0,False,False,False,False,False,A,LOW,0.0,False
205.82285679195775,4.5742,Wodymidaj,0.1762831062078476,0.501531338249646,0.19261194075473978,0.01912226218340519,0.5166051389807018,1344.81,2.9528432335792116,120.0,False,False,False,False,False,A,LOW,0.0,False
205.91790387500077,3.8588,Wodymidaj,0.22328515350818634,0.5824259435008837,0.2381212670890752,0.04038533225577216,0.5427008031140088,1480.71,2.5453636232115677,120.0,False,False,False,False,False,A,LOW,0.0,False
206.00541854195762,5.02,Wodymidaj,0.21836073696613312,0.5526346432686144,0.2513603420555084,0.03653434563582078,0.5369957958916914,1449.87,3.072602867749337,120.0,False,False,False,False,False,A,LOW,0.0,False
206.10252666700399,4.273,Wodymidaj,0.16945068538188934,0.6528892204432509,0.1689977687745907,0.017783413114474175,0.5908452093899514,1768.48,2.585964591153935,120.0,False,False,False,False,False,A,LOW,0.0,False
206.19477304199245,3.7162,Wodymidaj,0.16806337237358093,0.5120935771829348,0.1997336675647118,0.02659828584298872,0.5563322269328891,1557.07,4.106192140046501,120.0,False,False,False,False,False,A,LOW,0.0,False
206.28687512496253,4.1589,Wodymidaj,0.15771186351776123,0.4127548503214206,0.1870525961177306,0.02911590189633522,0.5601248551669002,1579.01,2.5824650772209505,120.0,False,False,False,False,False,A,LOW,0.0,False
206.37859545799438,3.9498,Wodymidaj,0.15214616060256958,0.41171259708734886,0.19354879109388595,0.016773521242278808,0.5649847287834505,1607.57,2.4612849558410197,120.0,False,False,False,False,False,A,LOW,0.0,False
206.46956179197878,3.4818,Wodymidaj,0.14264525473117828,0.38491537025636724,0.15297469507648365,0.026965758377161565,0.7293643964102016,2947.92,2.5850263417922292,120.0,False,False,False,False,False,A,LOW,0.0,False
206.56783012498636,2.1178,Wodymidaj,0.2810360789299011,0.6428522190982423,0.25916485171926057,0.018187442334129982,0.6044564346061233,1859.54,6.95179201731496,120.0,False,False,False,False,False,A,LOW,0.0,False
206.6573104999843,4.7859,Wodymidaj,0.21675299108028412,0.6538939147617688,0.32967990159477273,0.021008020345518248,0.5116464995362131,1320.44,1.816754955644091,120.0,False,False,False,False,False,A,LOW,0.0,False
206.75400399998762,3.5359,Wodymidaj,0.12454038113355637,0.32761541102865527,0.2111824120144688,0.00995880580181783,0.4848334070787941,1196.09,2.422519026364966,120.0,False,False,False,False,False,A,LOW,0.0,False
206.84696366696153,3.8819,Wodymidaj,0.1277696192264557,0.24213834216323407,0.11686823585745465,0.009747492170137692,0.5933359017278185,1784.8,2.9642181809727024,120.0,False,False,False,False,False,A,LOW,0.0,False
206.93403933296213,4.0789,Wodymidaj,0.13803717494010925,0.23979236800055928,0.2277168139959885,0.008687411609927882,0.5442710982407959,1489.31,3.21066260099145,120.0,False,False,False,False,False,A,LOW,0.0,False
207.0274804579676,6.7683,Wodymidaj,0.10156486928462982,0.24078585334551136,0.12839559740078402,0.018242785590900288,0.7397641582606751,3063.21,3.5540224023081457,172.265625,False,False,False,False,False,A,LOW,0.0,False
207.12254691700218,5.4355,Wodymidaj,0.3005952537059784,0.662486354141932,0.26829681568944874,0.018146389846384677,0.7148059061863721,2793.78,7.416582348250066,172.265625,False,False,False,False,False,A,LOW,0.0,False
207.21419841697207,4.7812,Wodymidaj,0.23455630242824554,0.40515825343415857,0.3966318194059105,0.021580930589565846,0.5078386618615435,1302.02,1.965845916563315,172.265625,False,False,False,False,False,A,LOW,0.0,False
207.3108673329698,3.0782,Wodymidaj,0.09804529696702957,0.22534639077664723,0.21335775964174228,0.01696770675056294,0.5548545173513468,1548.6,1.999028318932149,172.265625,False,False,False,False,False,A,LOW,0.0,False
207.40023891697638,4.9263,Wodymidaj,0.10925546288490295,0.21218469866140965,0.11120995631386518,0.011704236574806888,0.7084402510160149,2728.94,3.0812357399707992,172.265625,False,False,False,False,False,A,LOW,0.0,False
207.4950920419651,5.5475,Wodymidaj,0.12856580317020416,0.20378843491924445,0.17687030195061465,0.005923451276229269,0.5231378725726162,1377.62,3.313562218995416,172.265625,False,False,False,False,False,A,LOW,0.0,False
207.58545924996724,4.2868,Wodymidaj,0.12458383291959763,0.20566452353909567,0.1921166641413488,0.007040540624679062,0.5496559249550207,1519.19,3.6317062684268286,172.265625,False,False,False,False,False,A,LOW,0.0,False
207.6830621669651,2.4623,Wodymidaj,0.26474618911743164,0.6899840617340186,0.2541103100452735,0.02036408887742331,0.5529952343977269,1538.02,6.030093990380974,172.265625,False,False,False,False,False,A,LOW,0.0,False
207.77189829200506,2.131,Wodymidaj,0.17739376425743103,0.348714795067397,0.2773050189849161,0.03773581728873266,0.5598968953140478,1577.68,2.4753867760649277,172.265625,False,False,False,False,False,A,LOW,0.0,False
207.8644759169547,3.515,Wodymidaj,0.147957444190979,0.27702170372643226,0.18319077848841916,0.04747966177810894,0.5511009954124578,1527.31,2.216947269547722,172.265625,False,False,False,False,False,A,LOW,0.0,False
207.95740737498272,3.8226,Wodymidaj,0.11302269995212555,0.2416736174097535,0.1699757607421452,0.02455805811752209,0.5588717729676472,1571.72,2.7613660672523896,172.265625,False,False,False,False,False,A,LOW,0.0,False
208.051515500003,4.165,Wodymidaj,0.16464850306510925,0.24084847654609753,0.14940765922722563,0.01380255987337696,0.6600382279534208,2282.71,4.468435785087836,172.265625,False,False,False,False,False,A,LOW,0.0,False
208.14686516695656,3.9819,Wodymidaj,0.19261737167835236,0.2612024729809501,0.2920064090961178,0.020453402360306,0.5523328330355747,1534.26,2.1531474729007645,172.265625,False,False,False,False,False,A,LOW,0.0,False
208.2358937499812,4.6804,Wodymidaj,0.21052516996860504,0.7081356643620023,0.23806432996521618,0.018840776059993916,0.544083939056296,1488.28,5.299848710758108,172.265625,False,False,False,False,False,A,LOW,0.0,False
208.3284899169812,4.6167,Wodymidaj,0.15056642889976501,0.24917482787563194,0.18388901514774086,0.015013202375712874,0.6625980833733638,2304.37,4.441454207627371,172.265625,False,False,False,False,False,A,LOW,0.0,False
208.42466233298182,2.7547,Wodymidaj,0.15834030508995056,0.26966073975720134,0.21996694136788392,0.03167243224659241,0.5411949987453912,1472.51,2.2985604146208582,172.265625,False,False,False,False,False,A,LOW,0.0,False
208.51457166695036,2.57,Wodymidaj,0.12994877994060516,0.26854591199995914,0.18359092050861123,0.03342218262622302,0.5487963899696159,1514.38,3.133711169692546,172.265625,False,False,False,False,False,A,LOW,0.0,False
208.60635541699594,2.4675,Wodymidaj,0.1399335414171219,0.2714553981162038,0.1690723264089308,0.02521466852744946,0.5646700081606068,1605.7,3.266942885597893,172.265625,False,False,False,False,False,A,LOW,0.0,False
208.70369387499522,2.7786,Wodymidaj,0.15876327455043793,0.2763679210467912,0.19834649954105468,0.024398459346352985,0.548144092119868,1510.74,2.3584623531364497,172.265625,False,False,False,False,False,A,LOW,0.0,False
208.79178887495073,3.4863,Wodymidaj,0.22561469674110413,0.7571372950850874,0.2333253933350918,0.014502368108162054,0.5437592971611045,1486.5,5.874704656870992,172.265625,False,False,False,False,False,A,LOW,0.0,False
208.88643654197222,2.9952,Wodymidaj,0.14820894598960876,0.3188614709014067,0.1953647576092333,0.011520585379525562,0.5299889577003032,1412.88,4.168905482778101,172.265625,False,False,False,False,False,A,LOW,0.0,False
208.9806022499688,3.2882,Wodymidaj,0.1216677650809288,0.2556355568096936,0.17040474404269623,0.007791638109831557,0.5020864065300057,1274.68,2.4296891020138043,172.265625,False,False,False,False,False,A,LOW,0.0,False
209.0731270419783,7.0628,Wodymidaj,0.10880099982023239,0.2384022891722907,0.16000234115704942,0.01071005231712545,0.5606907931786346,1582.31,3.038744634440303,142.30638586956522,False,False,False,False,False,A,LOW,0.0,False
209.16797945799772,4.6723,Wodymidaj,0.11814286559820175,0.19650667557998022,0.1486430603056998,0.00980448794566192,0.5701577283035248,1638.54,3.35683336010437,142.30638586956522,False,False,False,False,False,A,LOW,0.0,False
209.25934770796448,4.2658,Wodymidaj,0.1900617778301239,0.1843737344416383,0.14907108074686443,0.008537788316683462,0.5340661104496802,1434.29,4.24818520380864,142.30638586956522,False,False,False,False,False,A,LOW,0.0,False
209.35321437497623,2.9693,Wodymidaj,0.2445552498102188,0.6987776538301521,0.3415874848531291,0.009345408058751531,0.4677676840212715,1123.11,8.644252385164226,142.30638586956522,False,False,False,False,False,A,LOW,0.0,False
209.4437518749619,4.2202,Wodymidaj,0.16167223453521729,0.26245188605862463,0.2614020403286714,0.0064630168812937865,0.49434952770216767,1238.82,3.325288959040244,142.30638586956522,False,False,False,False,False,A,LOW,0.0,False
209.53522212500684,0.993,Wodymidaj,0.1026996299624443,0.2151891839347498,0.15684705127564308,0.005355711508959822,0.5179158733895787,1351.33,3.5052633304575616,142.30638586956522,False,False,False,False,False,A,LOW,0.0,False
209.63105320796603,2.0783,Wodymidaj,0.10213679820299149,0.27544414625317315,0.13091073925807406,0.009393841355434689,0.5912427729850636,1771.07,2.8928524929647566,142.30638586956522,False,False,False,False,False,A,LOW,0.0,False
209.7236153749982,2.2601,Wodymidaj,0.12770526111125946,0.28691064044581815,0.14830422842697324,0.00748023582964371,0.5742091509749156,1663.21,3.0963020326640573,142.30638586956522,False,False,False,False,False,A,LOW,0.0,False
209.81458720797673,2.1699,Wodymidaj,0.21479487419128418,0.30190692280142384,0.1541752856324606,0.008110825540022596,0.5069760065089542,1297.88,7.481026351474431,142.30638586956522,False,False,False,False,False,A,LOW,0.0,False
209.91033466695808,2.0878,Wodymidaj,0.2643139660358429,0.7185028447771258,0.36061918965649187,0.02622302148719964,0.5347498251849215,1437.91,6.787034291838093,142.30638586956522,False,False,False,False,False,A,LOW,0.0,False
210.0028510419652,2.4248,Wodymidaj,0.23360279202461243,0.3169735993568748,0.34645221233126955,0.021551818270428163,0.5166226535927667,1344.9,2.3568694866673363,142.30638586956522,False,False,False,False,False,A,LOW,0.0,False
210.09794208296807,1.118,Wodymidaj,0.20743738114833832,0.3133532931433294,0.30186240060554714,0.014585837208216192,0.5092924120572072,1309.02,3.035254962906665,142.30638586956522,False,False,False,False,False,A,LOW,0.0,False
210.18744145799428,3.1815,Wodymidaj,0.16157764196395874,0.25353219975769675,0.2638350512274108,0.011523823933844273,0.5254191065231795,1389.26,2.023479824799032,142.30638586956522,False,False,False,False,False,A,LOW,0.0,False
210.2786549999728,3.737,Wodymidaj,0.1800898164510727,0.24083686385676772,0.246922014799252,0.013632542904097517,0.5553075020451569,1551.19,3.9212973492758634,142.30638586956522,False,False,False,False,False,A,LOW,0.0,False
210.37553745799232,4.3738,Wodymidaj,0.24139831960201263,0.40160763209005146,0.24922283657376676,0.016992475320466993,0.5381951708132303,1456.3,4.891305495066254,142.30638586956522,False,False,False,False,False,A,LOW,0.0,False
210.4649419579655,4.5185,Wodymidaj,0.19773824512958527,0.6935326338633088,0.28026963531461063,0.013505121685893655,0.5431855699563468,1483.36,2.0940815577783938,142.30638586956522,False,False,False,False,False,A,LOW,0.0,False
210.55671391700162,3.983,Wodymidaj,0.21471479535102844,0.3243446565294236,0.30374477789872834,0.012217559704713162,0.5381115551855942,1455.85,3.131719319784553,142.30638586956522,False,False,False,False,False,A,LOW,0.0,False
210.65110812499188,3.4121,Wodymidaj,0.2021881639957428,0.286308861727207,0.2762951438145324,0.01056448785132176,0.5208378227081842,1365.98,2.505995434436093,142.30638586956522,False,False,False,False,False,A,LOW,0.0,False
210.74759091698797,4.7147,Wodymidaj,0.17821350693702698,0.22359531955131012,0.27927557867129904,0.009039134606734407,0.5112949225003695,1318.73,2.289003435121324,142.30638586956522,False,False,False,False,False,A,LOW,0.0,False
210.83550112496596,4.9675,Wodymidaj,0.1801145076751709,0.2610460871032253,0.26416736470988444,0.009037949173518614,0.5338448264438069,1433.12,2.9180583760518046,142.30638586956522,False,False,False,False,False,A,LOW,0.0,False
210.93173362495145,1.6302,Wodymidaj,0.2439931333065033,0.503629799233542,0.2500653152206436,0.012021930308540986,0.5430884061246761,1482.83,6.381273832315909,142.30638586956522,False,False,False,False,False,A,LOW,0.0,False
211.02553441695636,1.5621,Wodymidaj,0.20581407845020294,0.6886178650152631,0.2593143603171798,0.013421166453428368,0.5074860670187442,1300.33,2.4498914694470884,142.30638586956522,False,False,False,False,False,A,LOW,0.0,False
211.1171532080043,10.5623,Wodymidaj,0.1751912385225296,0.5127657563493492,0.23906173062676228,0.010123538010435973,0.48313165057928537,1188.6,2.644960085363384,112.34714673913044,False,False,False,False,False,A,LOW,0.0,False
211.20678758295253,3.801,Wodymidaj,0.1819251924753189,0.49844261484391106,0.20196552511668517,0.01080896362143389,0.5061485225427008,1293.93,3.045125513683499,112.34714673913044,False,False,False,False,False,A,LOW,0.0,False
211.30030283296946,3.177,Wodymidaj,0.17417940497398376,0.4428142617128946,0.19398708045361213,0.008976331123568973,0.525876090309152,1391.6,1.9139091950589908,112.34714673913044,False,False,False,False,False,A,LOW,0.0,False
211.39406454196433,1.53,Wodymidaj,0.18965135514736176,0.3768909173093252,0.26968073744896265,0.028810012381380756,0.6820273460737414,2475.59,3.278869124899837,112.34714673913044,False,False,False,False,False,A,LOW,0.0,False
211.4908336669905,1.1887,Wodymidaj,0.23711730539798737,0.7308700021790716,0.2078184597031545,0.027880984646834275,0.6764847801013787,2425.49,6.206801909263202,112.34714673913044,False,False,False,False,False,A,MID,0.3042987149959193,False
211.57781804195838,0.8961,Wodymidaj,0.2234908640384674,0.5661313318656623,0.2619622799863326,0.023948779103276613,0.5268731026640252,1396.73,3.264364840190878,112.34714673913044,False,False,False,False,False,A,MID,0.3062198399363222,False
211.67463550000684,3.3611,Wodymidaj,0.18518401682376862,0.4205535918151049,0.28256016503997466,0.022596067764961654,0.5340755847384746,1434.34,2.404724238257525,112.34714673913044,False,False,False,False,True,B,HIGH,0.306641230672149,False
211.7678535419982,1.6022,Wodymidaj,0.16930434107780457,0.385943853076068,0.21609104482228247,0.014672904898457809,0.5296377470863781,1411.05,2.5526791852485995,112.34714673913044,False,False,False,False,False,B,HIGH,0.30641332961839646,False
211.85703908297,0.8802,Wodymidaj,0.1526108980178833,0.37713823310970557,0.2164489772283868,0.018639630927675285,0.5715912524375513,1647.23,2.5331006942392906,112.34714673913044,False,False,False,False,False,B,HIGH,0.30578914464310764,False
211.9534260419896,3.5624,Wodymidaj,0.13006916642189026,0.32616055673824723,0.1562809405825784,0.015999582938818088,0.7146371883735008,2792.04,2.4491336839807603,112.34714673913044,False,False,False,False,False,B,HIGH,0.30416636128810964,False
212.04274000000441,4.5855,Wodymidaj,0.322286993265152,0.7327902683156275,0.34139450638383706,0.017501955593042615,0.5110549125616918,1317.56,6.0146499734045245,112.34714673913044,False,False,False,False,False,B,HIGH,0.3089580432237042,False
212.13697041699197,4.7098,Wodymidaj,0.22223754227161407,0.4304193474110826,0.3647886315262811,0.019084384984043693,0.5126806956403451,1325.49,2.1271343100662903,112.34714673913044,False,False,False,False,False,B,HIGH,0.3104011205730977,False
212.23086895799497,3.9636,Wodymidaj,0.1695224642753601,0.32666316630448416,0.2578103965129243,0.015386428151519414,0.49780932344947465,1254.73,1.9532692382712844,112.34714673913044,False,False,False,False,False,B,HIGH,0.3098160484334324,False
212.32183491700562,18.7337,Wodymidaj,0.12772150337696075,0.29542903578539426,0.16579603012153118,0.009726730797094579,0.526576310713829,1395.2,2.5483153998391854,112.34714673913044,False,False,False,False,False,B,HIGH,0.30745668677507376,False
212.41680729197105,4.3392,Wodymidaj,0.16414666175842285,0.266560635021648,0.19168451144458637,0.0127431330819379,0.5325177174931361,1426.12,3.0981498000538594,112.34714673913044,False,False,False,False,False,B,HIGH,0.30680166619525395,False
212.5075624169549,0.976,Wodymidaj,0.2087177336215973,0.31520135840418384,0.28366871252440534,0.0153919717402176,0.5284580707778431,1404.92,2.19410117216671,112.34714673913044,False,False,False,False,False,B,HIGH,0.3078774867800284,False
212.60041650000494,1.3422,Wodymidaj,0.23931121826171875,0.6394487991879714,0.29613023944586786,0.0155652932220848,0.5218974615657405,1371.33,3.076895626276161,112.34714673913044,False,False,False,False,False,B,HIGH,0.3099525497413505,False
212.69270683295326,1.9148,Wodymidaj,0.16938245296478271,0.3298760639031141,0.23639470732695758,0.017601605987922996,0.5985158737595989,1819.23,2.2720367785195017,112.34714673913044,False,False,False,False,False,B,HIGH,0.30938429804265466,False
212.79155479196925,4.1972,Wodymidaj,0.16165518760681152,0.26275602267730486,0.24342802351622753,0.009255351576073385,0.5034941418804708,1281.32,2.0455809684772954,112.34714673913044,False,False,False,False,False,B,HIGH,0.3085309314211663,False
212.88431366696022,5.1977,Wodymidaj,0.16278909146785736,0.2759087750833631,0.2225418561214948,0.011304265012702845,0.5372159678706919,1451.05,2.6532767975902734,112.34714673913044,False,False,False,False,False,B,HIGH,0.30776674452160446,False
212.97717475000536,6.7609,Wodymidaj,0.1388678103685379,0.287605261914808,0.19810215345603413,0.013423276780152305,0.5671226463404526,1620.3,2.5506979956301135,112.34714673913044,False,False,False,False,False,B,HIGH,0.30601888104935876,False
213.06595245795324,3.2252,Wodymidaj,0.15440481901168823,0.35456223472343523,0.15742001622208954,0.010314990054148975,0.5360716685676506,1444.94,2.434152991242834,112.34714673913044,False,False,False,False,False,B,HIGH,0.3050320843252915,False
213.16157437500078,14.7087,Wodymidaj,0.2797367572784424,0.6736461095513996,0.3290896914976859,0.017985618340950207,0.5327040653619883,1427.1,5.50228471072448,112.34714673913044,False,False,False,False,False,B,HIGH,0.30853381554363013,False
213.25430604198482,3.514,Wodymidaj,0.19291627407073975,0.3085916032881771,0.30501360160087526,0.017371737394855643,0.540040902196386,1466.25,2.0493833806281776,112.34714673913044,False,False,False,False,False,B,HIGH,0.3089459756983916,False
213.3478364169714,3.7785,Wodymidaj,0.14824672043323517,0.36102380895985464,0.21104996250105806,0.012638256480337447,0.5089376521104122,1307.31,2.2475257788965926,112.34714673913044,False,False,False,False,False,B,HIGH,0.3075504474198567,False
213.43744333297946,1.8213,Wodymidaj,0.13173282146453857,0.3201121186896519,0.17066066270612748,0.014543399386774885,0.5673732158704234,1621.79,2.8326313428421037,112.34714673913044,False,False,False,False,False,B,HIGH,0.305490247381124,False
213.53089841699693,2.8999,Wodymidaj,0.15638379752635956,0.26435771068562514,0.19604260914906751,0.015321562972508466,0.5801098894383095,1699.81,2.902723293590917,112.34714673913044,False,False,False,False,False,B,HIGH,0.3046129844930897,False
213.6252727920073,3.5632,Wodymidaj,0.19283926486968994,0.2940277552495162,0.2142151334930009,0.017082008243477304,0.5484214272328068,1512.29,2.96511602756911,112.34714673913044,False,False,False,False,False,B,HIGH,0.30521831196698346,False
213.71424970799126,3.1592,Wodymidaj,0.18356050550937653,0.6269953651228903,0.24762462882957226,0.018717300102329082,0.5378581305238191,1454.49,3.506002118738323,112.34714673913044,False,False,False,False,False,B,HIGH,0.3054423606384876,False
213.80907074996503,3.2552,Wodymidaj,0.1614016741514206,0.3018693769433263,0.21028834781956626,0.018754707882230843,0.57843704992158,1689.35,2.467553825655196,112.34714673913044,False,False,False,False,False,B,HIGH,0.30477566774717013,False
213.9020189169678,2.7507,Wodymidaj,0.16445229947566986,0.32680120029407844,0.2103337273508265,0.015569866004990726,0.5138466535471223,1331.2,2.420563021997586,112.34714673913044,False,False,False,False,False,B,HIGH,0.3042671482843959,False
213.9929725829861,2.1448,Wodymidaj,0.18664731085300446,0.3567406572250452,0.2533415719455633,0.018605836063817768,0.5562932823533632,1556.84,3.086249324428984,112.34714673913044,False,False,False,False,False,B,HIGH,0.3046565803730504,False
214.08916570799192,2.8483,Wodymidaj,0.1940457820892334,0.3414546901227348,0.2508109531647007,0.01885413312992201,0.5463974254319125,1501.04,2.3614290399443703,112.34714673913044,False,False,False,False,False,B,HIGH,0.30530468749622725,False
214.18282845796784,3.3025,Wodymidaj,0.2396266758441925,0.38707894108186613,0.2630072344997483,0.018850255297156674,0.5154572829001637,1339.13,5.213179817474855,112.34714673913044,False,False,False,False,False,B,HIGH,0.3075188536491539,False
214.27572570799384,4.164,Wodymidaj,0.1988532841205597,0.664916600189192,0.2772074425441392,0.02067782276455343,0.5464738814753367,1501.46,5.276646811996025,112.34714673913044,False,False,False,False,False,B,HIGH,0.30820149554551757,False
214.36486783297732,3.6642,Wodymidaj,0.1975593864917755,0.34116428092277257,0.2901327587171601,0.01733713080700899,0.547705427393354,1508.3,2.4777563893805485,112.34714673913044,False,False,False,False,False,B,HIGH,0.3088024253590029,False
214.4594601249555,3.3683,Wodymidaj,0.18537288904190063,0.37939977643670214,0.23439532886951925,0.017253774870066355,0.5239207340711532,1381.6,2.1962085183704185,112.34714673913044,False,False,False,False,False,B,HIGH,0.30891657794348765,False
214.55453112500254,3.426,Wodymidaj,0.16518528759479523,0.3414045405019217,0.2545081813202354,0.016165262112065454,0.5207260617656593,1365.41,2.056482025795218,112.34714673913044,False,False,False,False,False,B,HIGH,0.30823081993875284,False
214.6454816669575,4.6063,Wodymidaj,0.21370303630828857,0.2741371318599184,0.2737433041688648,0.016244214063243112,0.5331223642776441,1429.3,4.246514864162413,112.34714673913044,False,False,False,False,False,B,HIGH,0.3094122632312747,False
214.7359262079699,5.8706,Wodymidaj,0.2387801557779312,0.36260445291192617,0.29207172133652237,0.015360143919625896,0.5204673843402793,1364.11,4.598074884495589,112.34714673913044,False,False,False,False,False,B,HIGH,0.31139295586304816,False
214.83296195795992,3.7131,Wodymidaj,0.1577885001897812,0.6039012319276712,0.238323278307217,0.02077155715310272,0.6226954193292277,1988.96,2.2244235482588652,112.34714673913044,False,False,False,False,False,B,HIGH,0.31027919690671174,False
214.9231035829871,5.3319,Wodymidaj,0.15573130548000336,0.27906020564219713,0.22415397370805648,0.013701029433046295,0.5580874907964563,1567.18,2.826505106270634,112.34714673913044,False,False,False,False,False,B,HIGH,0.3083193323556493,False
215.01936408295296,6.1933,Wodymidaj,0.1531236618757248,0.3025363923741005,0.18368238060309414,0.009137865683448083,0.5343216939628458,1435.64,3.8990712803276826,112.34714673913044,False,False,False,False,False,B,HIGH,0.30346856208374773,False
215.10845349996816,4.6119,Wodymidaj,0.18992291390895844,0.27605791445824,0.2653910894239538,0.010699165791202416,0.5341174801629418,1434.56,2.006881175303937,112.34714673913044,False,False,False,False,False,B,HIGH,0.30162698986266345,False
215.20437441696413,11.8648,Wodymidaj,0.18618907034397125,0.2939297841894019,0.2677917978479539,0.010927443584587146,0.5594643050913273,1575.16,3.4483130471079404,112.34714673913044,False,False,False,False,False,B,HIGH,0.2996284364514257,False
215.2969772919896,3.7208,Wodymidaj,0.2512247562408447,0.5296793205968703,0.2531627448899445,0.015199462884920797,0.5796919996886426,1697.19,5.870961657000141,112.34714673913044,False,False,False,False,False,B,HIGH,0.30146583467696636,False
215.3909819999826,5.4201,Wodymidaj,0.19904357194900513,0.5349296102333233,0.3032353499625125,0.020985995502872928,0.569431505325095,1634.16,2.3774471480093475,112.34714673913044,False,False,False,False,False,B,HIGH,0.3003104634938054,False
215.47996533295373,4.1802,Wodymidaj,0.205839604139328,0.3640944437605653,0.2909662969540568,0.01738971997688536,0.526129080988319,1392.9,2.754062934123283,112.34714673913044,False,False,False,False,False,B,HIGH,0.29963099827930756,False
215.57707062497502,4.2162,Wodymidaj,0.2545728087425232,0.4399925014758568,0.3248350539175726,0.02820229077816087,0.5921314986950119,1776.89,3.5788433870684115,112.34714673913044,False,False,False,False,False,B,HIGH,0.3016343788459691,False
215.66480708296876,3.6539,Wodymidaj,0.20277653634548187,0.44936671300545816,0.27750868675339924,0.018651374907639493,0.6110645992748359,1905.43,2.6325914036616465,112.34714673913044,False,False,False,False,False,B,HIGH,0.30070209263568715,False
215.7576724999817,5.1303,Wodymidaj,0.23369263112545013,0.40647971637338365,0.3196352317691124,0.021272312470212426,0.6594574756437964,2277.83,2.9959565216439623,112.34714673913044,False,False,False,False,False,B,HIGH,0.30158175928732717,False
215.85243291698862,4.6088,Wodymidaj,0.2800571024417877,0.6699948941452535,0.3142932798529046,0.03304903404198394,0.6866972556819807,2518.61,4.29112549216141,112.34714673913044,False,False,False,False,False,B,HIGH,0.30469299954784773,False
215.948430541961,3.7522,Wodymidaj,0.26205381751060486,0.43542278078837215,0.3830501319088916,0.031378129847976804,0.6906647406719414,2555.74,2.224894670729722,112.34714673913044,False,False,False,False,False,B,HIGH,0.306807571970981,False
216.03640937496675,5.5611,Wodymidaj,0.22969141602516174,0.35769400013311087,0.3372633363265745,0.027026553893935108,0.6851634933705004,2504.4,2.9186872203981156,112.34714673913044,False,False,False,False,False,B,HIGH,0.3071668391945991,False
216.13210208300734,4.3805,Wodymidaj,0.2945154011249542,0.456011765988239,0.3599976089725501,0.027103565014833072,0.6510887388006217,2208.58,4.653330891819005,112.34714673913044,False,False,False,False,False,B,HIGH,0.31064195417961277,False
216.2223699169699,4.1234,Wodymidaj,0.2713829278945923,0.6531813475161465,0.34165468196326726,0.030199841248195424,0.649393712452351,2194.81,2.5037445448058837,112.34714673913044,False,False,False,False,False,B,HIGH,0.3129008878600767,False
216.32068241696106,6.0998,Wodymidaj,0.24895209074020386,0.8204771216283081,0.29485066509960794,0.029542520641753715,0.6668405334263556,2340.71,3.427725715560714,112.34714673913044,False,False,False,False,False,B,HIGH,0.31396077626761393,False
216.41246766695986,5.3804,Wodymidaj,0.32270345091819763,0.8006165619227692,0.344246716563739,0.04040365240837991,0.726016856968981,2911.74,6.101812937841931,112.34714673913044,False,False,False,False,False,B,HIGH,0.3182627374542332,False
216.50434995797696,3.7655,Wodymidaj,0.29012635350227356,0.7736203067011467,0.36151377910555604,0.04370861467898757,0.7082754492856176,2727.28,2.2560783538570597,112.34714673913044,False,False,False,False,False,B,HIGH,0.32097492264210736,False
216.59831133298576,3.7059,Wodymidaj,0.23258420825004578,0.6495692566606046,0.29800478840218686,0.03079845283022385,0.6871093256353705,2522.44,2.1279388096341707,112.34714673913044,False,False,False,False,False,B,HIGH,0.32076833724120135,False
216.68707275000634,2.525,Wodymidaj,0.21223819255828857,0.46924161074686543,0.2985043849280095,0.02654485816652979,0.6848993821188756,2501.96,3.228305108889126,112.34714673913044,False,False,False,False,False,B,HIGH,0.3194343020960647,False
216.78525766695384,3.6388,Wodymidaj,0.17523233592510223,0.38480413985172474,0.2258868414853942,0.021855466662504756,0.6911469956630445,2560.29,2.479130129669795,112.34714673913044,False,False,False,False,False,B,HIGH,0.3157689860377306,False
216.87800712499302,3.5629,Wodymidaj,0.17301179468631744,0.44342553151692055,0.23232212219167722,0.027380020265953597,0.7198252699664094,2845.99,4.035838213018502,112.34714673913044,False,False,False,False,False,B,HIGH,0.31212472939608993,False
216.9656691669952,3.8105,Wodymidaj,0.23274318873882294,0.7574206715368947,0.18488210707020675,0.031965479641364675,0.7364685978484447,3026.19,3.9534434311512103,112.34714673913044,False,False,False,False,False,B,HIGH,0.3123691600957473,False
217.06344662496122,3.9148,Wodymidaj,0.22204779088497162,0.43356007595878643,0.2648549124200215,0.026472470118811896,0.6403851858535854,2123.08,2.9771247349294363,112.34714673913044,False,False,False,False,False,B,HIGH,0.3120163610726879,False
217.1555000829976,3.3082,Wodymidaj,0.169703871011734,0.3727169830257379,0.27413208132194855,0.03429898382159832,0.6360277098671635,2089.22,2.117489124528628,112.34714673913044,False,False,False,False,False,B,HIGH,0.3083131600297338,False
217.24700254196068,17.6856,Wodymidaj,0.24815426766872406,0.43921169920193354,0.298921210222123,0.030534256360567776,0.6177418104148228,1952.94,4.40656898356793,112.34714673913044,False,False,False,False,False,B,HIGH,0.30947828290277074,False
217.34033745795023,1.4637,Wodymidaj,0.2519245147705078,0.48981624225995996,0.31723590674705404,0.022523572244042094,0.598943723255001,1822.11,2.5268231470342752,112.34714673913044,False,False,False,False,False,B,HIGH,0.31077839918511707,False
217.43484399997396,1.2195,Wodymidaj,0.20923703908920288,0.47821167216489757,0.31226356415441847,0.017051219512125987,0.5850489626101409,1731.07,2.559666277188883,112.34714673913044,False,False,False,False,False,B,HIGH,0.30964127439503747,False
217.52563108300092,1.3751,Wodymidaj,0.3167330026626587,0.7673471587871067,0.38038660554101367,0.02610451634508752,0.571492829455045,1646.63,5.038311333239939,112.34714673913044,False,False,False,False,False,B,HIGH,0.31391128933945495,False
217.6164339169627,1.269,Wodymidaj,0.20590989291667938,0.3851650289340738,0.32813460543955225,0.02004391943293605,0.606152203749665,1871.21,2.7692777579053,112.34714673913044,False,False,False,False,False,B,HIGH,0.3124124042975921,False
217.7094516250072,1.3213,Wodymidaj,0.1454176902770996,0.3484724803974345,0.1924498050021382,0.017680284098756834,0.6850630277670802,2503.47,2.015996737988348,112.34714673913044,False,False,False,False,False,B,HIGH,0.3063319430149243,False
217.80162229196867,1.1013,Wodymidaj,0.17836949229240417,0.3436483961305526,0.2170511825763237,0.0245335374669163,0.7078797712323843,2723.3,3.0454183103779573,112.34714673913044,False,False,False,False,False,B,HIGH,0.3033550107762382,False
217.89423658297164,2.7252,Wodymidaj,0.2093418687582016,0.37412597643710127,0.26143838284483634,0.016787565046569725,0.5755109538670807,1671.22,4.647491689125833,112.34714673913044,False,False,False,False,False,B,HIGH,0.3025954611837526,False
217.99007570795948,4.9669,Wodymidaj,0.22000187635421753,0.3452766629453261,0.2741551787791596,0.012524531633970964,0.5474726345060184,1507.0,3.509734955220296,112.34714673913044,False,False,False,False,False,B,HIGH,0.30250830214478996,False
218.08380862500053,3.5118,Wodymidaj,0.18245969712734222,0.7254028553600004,0.24555970812645728,0.014197539131111438,0.547705026352185,1508.3,3.7733671719859063,112.34714673913044,False,False,False,False,False,B,HIGH,0.300019209131755,False
218.17312958295224,2.5737,Wodymidaj,0.24179582297801971,0.3174792543940055,0.294606264351269,0.01304776556461318,0.5497966952720508,1519.98,4.5658551198715385,112.34714673913044,False,False,False,False,False,B,MID,0.3012668496691701,False
218.26895187498303,2.658,Wodymidaj,0.22693867981433868,0.34812023388756375,0.33433149153678177,0.016164754784682565,0.5245983755154604,1385.06,2.5884439007097386,112.34714673913044,False,False,False,False,False,B,MID,0.30164226647326753,False
218.36087433295324,1.1484,Wodymidaj,0.17876765131950378,0.3900062648659166,0.2778028538285543,0.0177680573867141,0.618659253115122,1959.56,3.388136268668181,112.34714673913044,False,False,False,False,False,B,MID,0.2989290716117879,False
218.45524466695497,1.2516,Wodymidaj,0.1809551864862442,0.4102215564721045,0.2076002409883066,0.012506921385003218,0.5861735646129004,1738.26,3.2657340415246106,112.34714673913044,False,False,False,False,False,B,MID,0.29651079963079785,False
218.5474674999714,1.2463,Wodymidaj,0.25517481565475464,0.400338655242383,0.2467158176411669,0.011447992902830417,0.4981214668796713,1256.18,3.9682854344957597,112.34714673913044,False,False,False,False,False,B,MID,0.29862376997291074,False
218.64115212496836,1.8853,Wodymidaj,0.2595716714859009,0.8444863807121746,0.3288890678548833,0.03236358555534799,0.5655969868173856,1611.2,5.9313736225348865,112.34714673913044,False,False,False,False,False,B,MID,0.3008505889674313,False
218.7337992079556,0.9978,Wodymidaj,0.2261633276939392,0.5478300745862871,0.3166072029643586,0.024523921116940635,0.5493623835929962,1517.54,2.2036478643126003,112.34714673913044,False,False,False,False,False,B,MID,0.3012031465984828,False
218.82732487499015,1.1092,Wodymidaj,0.19913825392723083,0.5831953332556774,0.23757767421480955,0.020079711111308542,0.5624264858225775,1592.47,2.4698669318485926,112.34714673913044,False,False,False,False,False,B,MID,0.29991082360908994,False
218.9213849999942,1.1594,Wodymidaj,0.1883367896080017,0.3913905342307531,0.24949799743659026,0.018323087105230687,0.5898768809694986,1762.17,2.572875759714921,112.34714673913044,False,False,False,False,False,B,MID,0.29796378328561124,False
219.00845104199834,0.855,Wodymidaj,0.2485325038433075,0.4123188521207726,0.31072520845397267,0.018800007399680584,0.5754189062091636,1670.65,4.022547107479501,112.34714673913044,False,False,False,False,False,B,MID,0.2996658839520379,False
219.10369433299638,1.0326,Wodymidaj,0.29205843806266785,0.5583548504875342,0.35017142378250554,0.0197544957056143,0.5409433551657999,1471.14,3.0274296367569846,112.34714673913044,False,False,False,False,False,B,MID,0.30336789805573694,False
219.19651704200078,0.9965,Wodymidaj,0.20899412035942078,0.7440054329514428,0.2986673344048123,0.022031783113417563,0.5421628214895778,1477.77,2.2230143067938277,112.34714673913044,False,False,False,False,False,B,MID,0.30258644124486206,False
219.29125324997585,7.5445,Wodymidaj,0.21599891781806946,0.4384561697829821,0.28038166820459215,0.01799556032885892,0.5627902714591929,1594.61,3.370897959923756,112.34714673913044,False,False,False,False,False,B,MID,0.30226532546253243,False
219.3824131669826,2.2898,Wodymidaj,0.18860329687595367,0.3470377838307691,0.28141953134540754,0.016248245517024997,0.5449563309114036,1493.08,2.9333230106883024,112.34714673913044,False,False,False,False,False,B,MID,0.3002188820938291,False
219.47540174995083,1.5726,Wodymidaj,0.15356044471263885,0.36797544565191287,0.20070948073416164,0.011919546758031653,0.5448719806009072,1492.61,2.8216878507275864,112.34714673913044,False,False,False,False,False,B,MID,0.2955257096543673,False
219.5669608329772,4.5415,Wodymidaj,0.16320359706878662,0.3844771788191028,0.20777932017620068,0.00841952765347985,0.48094451388960646,1179.05,2.560717459659446,112.34714673913044,False,False,False,False,False,B,MID,0.2899697655888522,False
219.66419154196046,4.6074,Wodymidaj,0.23523098230361938,0.6371757372263033,0.22358521534535564,0.01527485991215948,0.5456618351425615,1496.97,5.676453408725124,112.34714673913044,False,False,False,False,False,B,MID,0.29072965419723956,False
219.75447937496938,4.6557,Wodymidaj,0.1689799576997757,0.5567555019315356,0.23596912135877035,0.016498624577202678,0.5572319642371139,1562.24,2.2950255584992916,112.34714673913044,False,False,False,False,False,B,MID,0.2860661346895574,False
219.85042637499282,4.2035,Wodymidaj,0.15822528302669525,0.34718105716039843,0.213133572105676,0.01295342238697321,0.5565701376546929,1558.44,3.1679959658177173,112.34714673913044,False,False,False,False,False,B,MID,0.2803693890353336,False
219.9412454169942,1.8747,Wodymidaj,0.21105679869651794,0.3640611019653605,0.2737978883227174,0.023736610395185587,0.5468859175799242,1503.74,3.539619448954561,112.34714673913044,False,False,False,False,False,B,MID,0.27994117220576153,False
220.03580304200295,0.9858,Wodymidaj,0.13715867698192596,0.317795166490561,0.19959267613861026,0.02241484301642615,0.5914256238013275,1772.27,1.8829417536238884,112.34714673913044,False,False,False,False,False,B,MID,0.27099343973651324,False
220.1232125419774,0.99,Wodymidaj,0.18846425414085388,0.3484548895962267,0.21877852899268177,0.019607168158798472,0.6974420144191591,2620.44,3.0018547273182326,112.34714673913044,False,False,False,False,False,B,MID,0.26921448008931165,False
220.2199275419698,2.5434,Wodymidaj,0.278065949678421,0.731602059828207,0.31049721598016566,0.01838186854177983,0.5394580552237729,1463.1,4.764067881662742,112.34714673913044,False,False,False,False,False,B,MID,0.27352462345786294,False
220.30917358299484,0.9321,Wodymidaj,0.24334697425365448,0.4942079536261428,0.3297645801881105,0.025022179592931463,0.5653112126988322,1609.51,2.744659415140082,112.34714673913044,False,False,False,False,False,B,MID,0.2756199665706665,False
220.40579804196022,3.3226,Wodymidaj,0.18679837882518768,0.42438492124395816,0.2923085242139122,0.023953535986634265,0.5618495413934351,1589.08,3.3620227268071914,112.34714673913044,False,False,False,False,False,B,MID,0.2734618341962608,False
220.49866141699022,1.3412,Wodymidaj,0.22666680812835693,0.4546472919755778,0.2578679482540289,0.016700551543211258,0.5360233526923718,1444.68,3.7656346986845293,112.34714673913044,False,False,False,False,False,B,MID,0.27448210732277495,False
220.58925816696137,1.9817,Wodymidaj,0.2071612924337387,0.42594668489978366,0.28945924820582813,0.018397403808393904,0.5990758553767849,1822.99,3.6505304181816904,112.34714673913044,False,False,False,False,False,B,MID,0.27405572006046613,False
220.6826191250002,3.4608,Wodymidaj,0.1548234075307846,0.39237986784677753,0.2403955906953313,0.023002625267749287,0.7182616455101354,2829.62,2.288644279657121,112.34714673913044,False,False,False,False,False,B,MID,0.2685091177092052,False
220.77728479198413,1.9382,Wodymidaj,0.2820998728275299,0.676848568638813,0.3047841493357086,0.01895885206859772,0.5564443996496634,1557.71,5.823077474848733,112.34714673913044,False,False,False,False,False,B,MID,0.2730696983461006,False
220.87179108295823,1.7289,Wodymidaj,0.2501179873943329,0.383092096583331,0.338451742503116,0.02289420174364201,0.5508929742348899,1526.14,2.5280136059266214,112.34714673913044,False,False,False,False,False,B,MID,0.2756010877478843,False
220.964891416952,1.8815,Wodymidaj,0.20905764400959015,0.43469847221720986,0.30752523733040343,0.016761897211934898,0.5153775316321352,1338.74,2.788527290421821,112.34714673913044,False,False,False,False,False,B,MID,0.2752621131187695,False
221.05326029198477,1.6785,Wodymidaj,0.21744325757026672,0.45747365017701114,0.2895600926844948,0.01901515862113971,0.535426715257608,1441.5,2.814227759431458,112.34714673913044,False,False,False,False,False,B,MID,0.2755531465309393,False
221.14722695795354,2.342,Wodymidaj,0.18651483952999115,0.4670148120448523,0.23421737054733183,0.016863601005777912,0.5352118083165589,1440.36,3.011187598578643,112.34714673913044,False,False,False,False,False,B,MID,0.2733729655623183,False
221.24136079195887,3.6878,Wodymidaj,0.1678982675075531,0.3978146184561568,0.23825514552793337,0.017322155921413354,0.5498101939898659,1520.05,2.266475299289473,112.34714673913044,False,False,False,False,False,B,MID,0.26945877147662706,False
221.3310824999935,13.9459,Wodymidaj,0.25961044430732727,0.7907744809268514,0.25368912660323784,0.02295692424761345,0.5581978102512734,1567.82,3.8821080970495934,112.34714673913044,False,False,False,False,False,B,MID,0.2727296522877269,False
221.42562854196876,1.9815,Wodymidaj,0.2031918615102768,0.4344661020881483,0.2450290477358459,0.04650227084647444,0.599075259537463,1822.99,3.146246450811037,112.34714673913044,False,False,False,False,False,B,MID,0.2720846362586863,False
221.5200621249969,0.999,Wodymidaj,0.2016398012638092,0.3726069903290216,0.2677944355808685,0.036301410002683575,0.5747099585606427,1666.29,1.9493318673891784,112.34714673913044,False,False,False,False,False,B,MID,0.2713497409404134,False
221.61511112499284,1.9895,Wodymidaj,0.24531172215938568,0.37570245433043653,0.3299421236439393,0.03986262415990876,0.5548631588044578,1548.65,4.0486485836199195,112.34714673913044,False,False,False,False,False,B,MID,0.2736750849160603,False
221.70192029199097,2.3459,Wodymidaj,0.24626986682415009,0.3811422029398577,0.32588511989505026,0.028869251731607405,0.5624463848980382,1592.59,2.9728990236900286,112.34714673913044,False,False,False,False,False,B,MID,0.2759428939020508,False
221.79543054196984,2.3033,Wodymidaj,0.19875219464302063,0.36803084363827127,0.2947540587079623,0.01527089397052264,0.5467448357383169,1502.96,2.132101095616866,112.34714673913044,False,False,False,False,False,B,MID,0.27478408327317577,False
221.8882290420006,1.1502,Wodymidaj,0.29175809025764465,0.858371561084034,0.3279183060394535,0.021003817410132422,0.5409925488145833,1471.41,5.224905219462944,112.34714673913044,False,False,False,False,False,B,MID,0.2795339329336383,False
221.98413112497656,1.1215,Wodymidaj,0.16816361248493195,0.32037883194077554,0.2639879318243068,0.018085414477172296,0.5736494542510205,1659.78,2.0800016637001253,112.34714673913044,False,False,False,False,False,B,MID,0.27534092095639934,False
222.0758330419776,1.4012,Wodymidaj,0.18308943510055542,0.4068069786598766,0.21193916399559692,0.010618993642326838,0.48277711430473613,1187.05,3.026623266412619,112.34714673913044,False,False,False,False,False,B,MID,0.272859187292268,False
222.16952583298553,2.154,Wodymidaj,0.17016209661960602,0.39287973489018285,0.22513910181881788,0.020242721121632303,0.5456943173581035,1497.15,2.247662292007681,112.34714673913044,False,False,False,False,False,B,MID,0.2692167829962317,False
222.26204370800406,2.0499,Wodymidaj,0.2377660721540451,0.38111671455597473,0.28580823775325004,0.030495727149501585,0.5600857373291765,1578.78,3.257266839327293,112.34714673913044,False,False,False,False,False,B,MID,0.27106267639735404,False
222.3558018329786,1.6004,Wodymidaj,0.23000741004943848,0.40593120805764155,0.2877615197228807,0.02473763713931698,0.5390732447630239,1461.03,3.342190332319565,112.34714673913044,False,False,False,False,False,B,MID,0.2722966119889206,False
222.44877970800735,1.2332,Wodymidaj,0.1987125724554062,0.8369353783527652,0.2358159186657447,0.028019057166167347,0.5731427226152302,1656.68,3.6334913286329886,112.34714673913044,False,False,False,False,False,B,MID,0.2711040620207783,False
222.5411447499646,1.8229,Wodymidaj,0.18260614573955536,0.37741189619692206,0.2261425836686887,0.027007958060625538,0.589753030891955,1761.37,4.859359496556223,112.34714673913044,False,False,False,False,False,B,MID,0.26851122575752145,False
222.6366132919793,3.3093,Wodymidaj,0.1606561541557312,0.33910826690572066,0.20624083832905427,0.016089936055460354,0.5865993317917346,1740.99,3.590019771303173,112.34714673913044,False,False,False,False,False,B,MID,0.26356634674183665,False
222.72600654198322,1.3246,Wodymidaj,0.2045813649892807,0.40687763149768275,0.2662116439069123,0.020565795708640627,0.5739425148183132,1661.58,4.079212063853389,112.34714673913044,False,False,False,False,False,B,MID,0.2632937407524042,False
222.81814454199048,1.5391,Wodymidaj,0.18686258792877197,0.403346087089004,0.26359913053701295,0.021230729760291545,0.5599410030277083,1577.93,2.6680063190143826,112.34714673913044,False,False,False,False,False,B,MID,0.26149920296000245,False
222.91072924999753,1.3808,Wodymidaj,0.2557922899723053,0.4247615123664442,0.18048778097526355,0.012771442629777068,0.5402329057355669,1467.29,6.522405853383245,112.34714673913044,False,False,False,False,False,B,MID,0.26486330229372584,False
223.00421445799293,1.3827,Wodymidaj,0.27082279324531555,0.7691348226381326,0.39169166923800247,0.03733830375834362,0.5587465391545509,1571.0,4.920854066268534,112.34714673913044,False,False,False,False,False,B,MID,0.2689363285671491,False
223.09907962498255,2.2109,Wodymidaj,0.23752284049987793,0.4434589792283877,0.3341048369615738,0.029160485211712762,0.538661682786283,1458.81,2.58172511425733,112.34714673913044,False,False,False,False,False,B,MID,0.27078027451131736,False
223.19121683295816,0.9445,Wodymidaj,0.2350977212190628,0.4653412915435718,0.31980987833681657,0.031175074823013037,0.5579469921456941,1566.37,2.1519684956792076,112.34714673913044,False,False,False,False,False,B,MID,0.2723716860863059,False
223.28295049996814,1.0338,Wodymidaj,0.19399455189704895,0.34972522154642105,0.285662926515041,0.03170209590509102,0.5896274330413365,1760.55,2.6693044434932647,112.34714673913044,False,False,False,False,False,B,MID,0.27076971519979554,False
223.37909137498355,7.6794,Wodymidaj,0.23000237345695496,0.2807993598231631,0.29412882107378385,0.026984677054804396,0.5863713224537923,1739.53,5.014053418636736,112.34714673913044,False,False,False,False,False,B,MID,0.27183112865338555,False
223.47169449995272,2.0057,Wodymidaj,0.2876245677471161,0.4749290279165568,0.3435252576957476,0.027739056609152973,0.5501136580863751,1521.76,3.8580930365675554,112.34714673913044,False,False,False,False,False,B,MID,0.2764224035942886,False
223.56368533300702,1.8325,Wodymidaj,0.2292104959487915,0.6036678134835985,0.34803050374059075,0.03972902977630281,0.55117532841884,1527.73,2.666230805632267,112.34714673913044,False,False,False,False,False,B,MID,0.2771444482542027,False
223.65642737498274,1.8264,Wodymidaj,0.19777368009090424,0.33411462024564437,0.2680622143248024,0.0473153210113898,0.5959863287200663,1802.34,2.9777553162251196,112.34714673913044,False,False,False,False,False,B,MID,0.2753148717597632,False
223.750156916969,1.6571,Wodymidaj,0.20530112087726593,0.3168222862789101,0.27101547431652856,0.026979710977657084,0.5555133770664359,1552.37,3.6151308288073185,112.34714673913044,False,False,False,False,False,B,MID,0.27423407416054574,False
223.84230587497586,1.0439,Wodymidaj,0.1771702915430069,0.3452139275311074,0.27213372781875256,0.02230480469720004,0.6345103232118098,2077.56,1.935727200547567,112.34714673913044,False,False,False,False,False,B,MID,0.2704806275979995,False
223.931031916989,0.8429,Wodymidaj,0.13170816004276276,0.32377807446137163,0.18163120320692758,0.01781519999897295,0.631046577167329,2051.18,2.122117842529597,112.34714673913044,False,False,False,False,False,B,MID,0.2569565962180995,False
224.0247429169831,0.7466,Wodymidaj,0.24756796658039093,0.6061720065741977,0.2088429006896035,0.017111156791773607,0.5939073255228838,1788.57,5.487472265147404,112.34714673913044,False,False,False,False,False,B,MID,0.2600437927705064,False
224.120729999966,1.0125,Wodymidaj,0.19129693508148193,0.5660139004058937,0.2830874552749294,0.028488920997775186,0.5491769082587231,1516.51,2.4045211852904367,112.34714673913044,False,False,False,False,False,B,MID,0.2588202241770581,False
224.2116545419558,0.8651,Wodymidaj,0.1995159089565277,0.38404438872158336,0.27659199645310023,0.02265406701038536,0.5736461415084657,1659.76,3.58082455244571,112.34714673913044,False,False,False,False,False,B,MID,0.2583703280074007,False
224.3030892079696,0.7718,Wodymidaj,0.2068416029214859,0.36070521354843244,0.24238676945650228,0.019795823161151225,0.5546608184412823,1547.5,4.516079124750007,112.34714673913044,False,False,False,False,False,B,MID,0.2585392005570635,False
224.39823108300334,1.206,Wodymidaj,0.17362593114376068,0.3881565684429955,0.2585096859155338,0.021236511308256295,0.5848783834967793,1729.98,2.1871299524690033,112.34714673913044,False,False,False,False,False,B,MID,0.2556504264016802,False
224.491303082963,1.0786,Wodymidaj,0.16814348101615906,0.4188221165427754,0.2239650404479899,0.027410060969817997,0.6935156850323927,2582.76,3.8645967788670563,112.34714673913044,False,False,False,False,False,B,MID,0.25228646519413755,False
224.5835251249955,0.926,Wodymidaj,0.27822864055633545,0.711351037525428,0.261077820043977,0.030891010229121846,0.6756437914704554,2417.98,6.552078262868328,112.34714673913044,False,True,False,False,False,B,MID,0.25740181620833197,False
224.68012270797044,0.9025,Wodymidaj,0.1914127767086029,0.48098191889824116,0.3159372743581946,0.026743882532356253,0.6246532632774238,2003.37,3.8438670506197665,112.34714673913044,False,False,False,False,False,B,MID,0.2563207490423396,False
224.77152362500783,0.7862,Wodymidaj,0.14973056316375732,0.37906976395101377,0.18659884146530162,0.023259029439623605,0.7142876019293687,2788.44,2.3454593282197953,112.34714673913044,False,False,False,False,False,B,MID,0.25034422914291665,False
224.86127187497914,0.7328,Wodymidaj,0.23238413035869598,0.3854389775057214,0.25821481858506273,0.01495135014422741,0.5401559237645097,1466.87,4.665413863250959,112.34714673913044,False,False,False,False,False,B,MID,0.25277636883132854,False
224.95323654200183,0.8907,Wodymidaj,0.24285916984081268,0.3859726725358947,0.3345865484320419,0.014858335769183943,0.5483019729349536,1511.62,2.091407272996583,112.34714673913044,False,False,False,False,False,B,MID,0.2557748643600998,False
225.0509178749635,0.7939,Wodymidaj,0.19768477976322174,0.37355812088941626,0.32213814156180287,0.016969228780728256,0.5764113728317908,1676.78,3.8553511376171437,112.34714673913044,False,False,False,False,False,B,MID,0.2553227641155383,False
225.14287391700782,1.2353,Wodymidaj,0.2900907099246979,0.7084289781880483,0.30845359545628953,0.018557976324891364,0.5368088891354195,1448.87,4.5359170636716755,112.34714673913044,False,False,False,False,False,B,MID,0.26092490555051107,False
225.23336566699436,1.5525,Wodymidaj,0.2640635669231415,0.5610131484674056,0.35323235688744886,0.023304000573088998,0.5505382338366488,1524.14,2.3282242416862586,112.34714673913044,False,False,False,False,False,B,MID,0.264807592011308,False
225.32715804199688,4.9613,Wodymidaj,0.24989986419677734,0.524494706188745,0.3429056985050578,0.01631689418391307,0.5178996770203097,1351.25,2.352618660511631,112.34714673913044,False,False,False,False,False,B,MID,0.26764722970854465,False
225.4171692499658,14.8465,Wodymidaj,0.22633153200149536,0.4098105048908056,0.3292149906260331,0.014573100844069684,0.5260542109811681,1392.52,2.7288174918347203,112.34714673913044,False,False,False,False,False,B,MID,0.26879878316490596,False
225.5098548749811,2.583,Wodymidaj,0.18976804614067078,0.3302986938748111,0.27172017301080653,0.01218168633028261,0.5340675905519576,1434.29,2.8263132543679763,112.34714673913044,False,False,False,False,False,B,MID,0.2669991236499412,False
225.6081029169727,1.2312,Wodymidaj,0.1442278027534485,0.2896856466293512,0.24537504931445825,0.013875138555015482,0.5827574158588058,1716.49,2.9816948149100444,112.34714673913044,True,True,False,True,False,B,MID,1.0,False
225.69699941697763,1.0947,Wodymidaj,0.24151818454265594,0.7209200309884412,0.2216283709610133,0.026831580243500932,0.7081192100591712,2725.71,4.877739059848567,112.34714673913044,True,True,True,False,False,B,MID,1.0,True
225.79467766697053,1.6057,Wodymidaj,0.20703333616256714,0.39717024127627004,0.26391938681229016,0.024277257075841635,0.5840689662616175,1724.82,4.112712426359168,112.34714673913044,False,False,False,False,False,B,MID,0.65,False
225.88525449996814,2.9535,Wodymidaj,0.21938420832157135,0.31806007043509543,0.29615593304065857,0.0397878087328696,0.571717029535746,1647.99,2.3337116213450657,112.34714673913044,False,False,False,False,False,B,MID,0.42250000000000004,False
225.97795400000177,1.687,Wodymidaj,0.20787079632282257,0.3503682112058229,0.3032128065712364,0.03992718926123222,0.5726612794767277,1653.74,4.234665310828175,112.34714673913044,False,False,False,False,False,B,MID,0.27462500000000006,False
226.0698989579687,4.0423,Wodymidaj,0.19282272458076477,0.3601776822517148,0.26021432707364844,0.021113835745407844,0.5721032825890446,1650.34,2.4342982688337753,112.34714673913044,False,False,False,False,False,B,MID,0.26174882817567374,False
226.1647783749504,1.417,Wodymidaj,0.21626880764961243,0.34023730589570306,0.24588164673878765,0.015082288411947422,0.532229324640283,1424.6,2.4472100183561465,112.34714673913044,False,False,False,False,False,B,MID,0.26247117774114626,False
226.25646870798664,1.3237,Wodymidaj,0.3158372640609741,0.7494461057065935,0.39458923217028896,0.027937348512508633,0.5644643082719811,1604.49,6.922883117086292,112.34714673913044,False,True,False,False,False,B,MID,0.2690175401897623,False
226.35102750000078,1.0319,Wodymidaj,0.20170649886131287,0.3897093614005224,0.3360091673156142,0.019568215042692533,0.5782394742371293,1688.12,3.682992721252438,112.34714673913044,False,False,False,False,False,B,MID,0.26842388472993656,False
226.44360324996524,1.6801,Wodymidaj,0.1340464949607849,0.348009006734107,0.19047350810555216,0.018878564008043594,0.6935880597893963,2583.45,1.7608944111877527,112.34714673913044,False,False,False,False,False,B,MID,0.25774524808023935,False
226.53163954196498,1.8135,Wodymidaj,0.1722022294998169,0.3712938822349171,0.18674161351499033,0.022954923098980725,0.7021884356083635,2666.72,2.8556968799860747,112.34714673913044,False,False,False,False,False,B,MID,0.2548834235528692,False
226.62574020796455,1.7289,Wodymidaj,0.18133185803890228,0.3579933688226846,0.2303073498433696,0.01471091984011979,0.521515365712153,1369.4,3.0188178858282475,112.34714673913044,False,False,False,False,False,B,MID,0.25313535208174226,False
226.7227427919861,1.0733,Wodymidaj,0.24166204035282135,0.42081610937766345,0.25287573947716113,0.014692114847132438,0.5059881720776299,1293.16,3.474493740315112,112.34714673913044,False,False,False,False,False,B,MID,0.2562653757525096,False
226.81180099997437,1.361,Wodymidaj,0.25025883316993713,0.9297750128203855,0.29327874129126924,0.016473121286380704,0.5110844038099913,1317.7,3.6691757857575156,112.34714673913044,False,False,False,False,False,B,MID,0.25978843826746545,False
226.90485537500354,1.3605,Wodymidaj,0.22938328981399536,0.4377938546161527,0.3086453338756474,0.016611714386452796,0.529033567796849,1407.91,3.314097640615392,112.34714673913044,False,False,False,False,False,B,MID,0.2617585534938519,False
226.99807666696142,2.0535,Wodymidaj,0.20083969831466675,0.4230610538533224,0.2727637045199328,0.022114753646202544,0.5394076224074458,1462.83,2.796645237036676,112.34714673913044,False,False,False,False,False,B,MID,0.26145523183610603,False
227.09146233298816,2.4928,Wodymidaj,0.1518430858850479,0.4333388417133143,0.22144212334623012,0.02124272232495729,0.6567859236800215,2255.49,4.688592038616071,112.34714673913044,False,False,False,False,False,B,MID,0.2556799928014181,False
227.18711149995215,2.4991,Wodymidaj,0.16026221215724945,0.3761158491018564,0.1875602222129862,0.013854686491253454,0.6214688062978544,1979.98,3.774945761582269,112.34714673913044,False,False,False,False,False,B,MID,0.25144937860278405,False
227.27818108297652,2.7129,Wodymidaj,0.2754687964916229,0.38526588366754927,0.228804194104714,0.013209939116443976,0.5217071587596229,1370.36,5.783217802208272,112.34714673913044,True,True,True,False,False,B,MID,1.0,True
227.37135837500682,2.7313,Wodymidaj,0.2954389154911041,0.8366664127510164,0.41054452011907644,0.03230888853558678,0.5453373145093283,1495.18,4.418973031470459,112.34714673913044,False,False,False,False,False,B,MID,0.65,False
227.4646417920012,11.8459,Wodymidaj,0.24621285498142242,0.505124880057332,0.36812439573630196,0.026541092866956967,0.5336519050199793,1432.1,2.704733191014643,112.34714673913044,False,False,False,False,False,B,MID,0.42250000000000004,False
227.5532993329689,1.4896,Wodymidaj,0.2238931506872177,0.5110045453128991,0.28348714310751344,0.023402553478880088,0.5412553108037111,1472.83,2.360569415254796,112.34714673913044,False,False,False,False,False,B,MID,0.27462500000000006,False
227.64712058298755,0.8798,Wodymidaj,0.2059924453496933,0.35595162262408847,0.2992522102490205,0.024426038018354194,0.5388544898033351,1459.85,2.3687611770444934,112.34714673913044,False,False,False,False,False,B,MID,0.26696850672361805,False
227.7437640419812,0.7601,Wodymidaj,0.24980995059013367,0.3524924956621008,0.3375548772153532,0.022914301521943705,0.5565597154137801,1558.38,3.4337044504024954,112.34714673913044,False,False,False,False,False,B,MID,0.26996428075437107,False
227.83684741699835,0.6581,Wodymidaj,0.27530568838119507,0.5087951139483506,0.3227045191391752,0.028290825060980518,0.5543091813287075,1545.49,3.4392510712747084,112.34714673913044,False,False,False,False,False,B,MID,0.2743288954477686,False
227.92970270797377,0.9814,Wodymidaj,0.19948308169841766,0.6915250687523806,0.2738171430720574,0.030761658286247055,0.5599380856546596,1577.92,2.7708466764545236,112.34714673913044,False,False,False,False,False,B,MID,0.2733103824282586,False
228.02221729198936,1.0892,Wodymidaj,0.23387913405895233,0.41597055063616684,0.29903006209638017,0.03583135199745845,0.5772607462973995,1682.04,3.6003810229582096,112.34714673913044,False,False,False,False,False,B,MID,0.2749472644919136,False
228.11377954197815,0.9408,Wodymidaj,0.20232141017913818,0.32758718121755154,0.291768038297367,0.029153292618498076,0.5512855259108337,1528.35,2.6379719312439867,112.34714673913044,False,False,False,False,False,B,MID,0.2741368454818962,False
228.20592720800778,1.0222,Wodymidaj,0.14362172782421112,0.27301872053108217,0.2461756157415715,0.012619946868146742,0.525703921542845,1390.72,1.8194139920208385,112.34714673913044,False,False,False,False,False,B,MID,0.26619154629320196,False
228.29931987496093,1.0412,Wodymidaj,0.15413551032543182,0.23412745259285622,0.20122904708530945,0.012234459731925286,0.5778671351514503,1685.81,2.9256645158075276,112.34714673913044,False,False,False,False,False,B,MID,0.26056298854192883,False
228.3909587499802,1.0505,Wodymidaj,0.258381187915802,0.6427426819796348,0.2671135035540602,0.019272781001249087,0.5609976307399128,1584.1,8.318132617465901,112.34714673913044,True,True,True,False,False,B,MID,1.0,True
228.48286962497514,1.6841,Wodymidaj,0.2129022628068924,0.566327166374957,0.26244576490593313,0.02367526188087655,0.5812680821211882,1707.09,2.3515654536213813,112.34714673913044,False,False,False,False,False,B,MID,0.65,False
228.57515145797515,1.0372,Wodymidaj,0.1962333470582962,0.3389012058439315,0.30542248758296736,0.02208228828230834,0.5558532172550924,1554.32,4.065790060878802,112.34714673913044,False,False,False,False,False,B,MID,0.42250000000000004,False
228.67088579200208,1.1514,Wodymidaj,0.21946242451667786,0.32223163214099737,0.2882136764503339,0.03148811106093081,0.5852139514780464,1732.12,3.4954034926461306,112.34714673913044,False,False,False,False,False,B,MID,0.27462500000000006,False
228.76349566696445,0.8884,Wodymidaj,0.19587010145187378,0.3157806044387435,0.27433909729036043,0.03113775696188215,0.5874521927900048,1746.48,1.9643965498530156,112.34714673913044,False,False,False,False,False,B,MID,0.26433903635670125,False
228.85763245797716,0.9133,Wodymidaj,0.22780290246009827,0.31032978745185924,0.3112221820498733,0.015323909373408344,0.5512359619296048,1528.07,3.0208854794240296,112.34714673913044,False,False,False,False,False,B,MID,0.2660039025684109,False
228.94788608298404,1.3137,Wodymidaj,0.3036683201789856,0.7514674486773393,0.3512675924983833,0.02318082561755953,0.5453812531242592,1495.42,6.231275618838189,112.34714673913044,False,True,False,False,False,B,MID,0.2720916824231912,False
229.04310354200425,1.4093,Wodymidaj,0.2473822385072708,0.4514052542222685,0.3440652413448242,0.027198796793127922,0.5722090729488418,1650.99,1.945837277731778,112.34714673913044,False,False,False,False,False,B,MID,0.2746777173402266,False
229.1346367499791,1.549,Wodymidaj,0.14231476187705994,0.3595562747219896,0.26466097692154833,0.015743503677635898,0.5358860275678241,1443.95,3.234177711687058,112.34714673913044,False,False,False,False,False,B,MID,0.2664089541693149,False
229.22894579195417,1.3301,Wodymidaj,0.20089395344257355,0.3602638488943139,0.23324875933712627,0.023662429181956424,0.6256273352443709,2010.59,4.115771547107207,112.34714673913044,False,False,False,False,False,B,MID,0.26590591468525465,False
229.32266762497602,1.4052,Wodymidaj,0.21724353730678558,0.3165276309529625,0.27024053911284757,0.030686367823540252,0.6087854731438,1889.47,3.1591644157292937,112.34714673913044,False,False,False,False,False,B,MID,0.26672549167123105,False
229.41525170800742,1.3442,Wodymidaj,0.17997929453849792,0.32681773543183024,0.28731039938545583,0.029396468584807545,0.6832918805424727,2487.16,4.325796882238625,112.34714673913044,False,False,False,False,False,B,MID,0.2642720356662479,False
229.50736466696253,15.4429,Wodymidaj,0.3224407434463501,0.737433086480057,0.3458113992800379,0.03879037700736822,0.6933285790636381,2580.98,5.653424088519384,112.34714673913044,True,True,True,False,False,B,MID,1.0,True
229.60273849999066,1.6427,Wodymidaj,0.2439187914133072,0.5072500365593197,0.359150605360999,0.03671052962211233,0.5749314520487674,1667.65,2.7818475259638418,112.34714673913044,False,False,False,False,False,B,MID,0.65,False
229.69385233300272,1.7306,Wodymidaj,0.20017151534557343,0.37796233098730175,0.2841506996479543,0.04083427446632965,0.5677163725425313,1623.85,2.47196176664277,112.34714673913044,False,False,False,False,False,B,MID,0.42250000000000004,False
229.7884748329525,3.1049,Wodymidaj,0.21732310950756073,0.37560385526704915,0.2902568777614338,0.043471659103081164,0.5934392320813081,1785.48,3.890938463926687,112.34714673913044,False,False,False,False,False,B,MID,0.27462500000000006,False
229.88077558297664,1.9003,Wodymidaj,0.20312009751796722,0.42968074481723456,0.22971410658168423,0.03576524464117208,0.5800808370350987,1699.63,5.175139893981111,112.34714673913044,False,False,False,False,False,B,MID,0.2715802434264614,False
229.97093058296014,1.828,Wodymidaj,0.22785598039627075,0.3475509605309307,0.3224963018657738,0.03421095520737113,0.5909740258511788,1769.32,2.627377406617723,112.34714673913044,False,False,False,False,False,B,MID,0.2726502770799759,False
230.06583166698692,1.6737,Wodymidaj,0.293345183134079,0.7874954599244459,0.31894126978657267,0.03350567158975023,0.5802160315139299,1700.48,5.980656696734252,112.34714673913044,False,True,False,False,False,B,MID,0.27756825505133614,False
230.1596532499534,1.6956,Wodymidaj,0.2335168719291687,0.36489790840341635,0.3251853273126634,0.039958225268040735,0.619996170995863,1969.25,3.4623479945577915,112.34714673913044,False,False,False,False,False,B,MID,0.27872481854649134,False
230.2522104170057,1.9302,Wodymidaj,0.2071963995695114,0.27796631295873026,0.31662783753461216,0.02788729143245407,0.5756312361838476,1671.96,1.8457497044563786,112.34714673913044,False,False,False,False,False,B,MID,0.2779122302240195,False
230.34086549998028,1.9485,Wodymidaj,0.19297610223293304,0.26808936683112733,0.2919226679594012,0.022828250266951518,0.5708186520558753,1642.54,3.594438533187681,112.34714673913044,False,False,False,False,False,B,MID,0.27595243146195,False
230.43654549994972,1.6603,Wodymidaj,0.14341162145137787,0.31113358797403096,0.21289989789410566,0.013901247192757466,0.6071803592910714,1878.32,1.9941636500560658,112.34714673913044,False,False,False,False,False,B,MID,0.2677791379993194,False
230.5300357079832,0.941,Wodymidaj,0.18175558745861053,0.264515150439805,0.16100621722794967,0.010141409900585586,0.5767208995147255,1678.69,2.4543540919767963,112.34714673913044,False,False,False,False,False,B,MID,0.2652774633172176,False
230.62428549997276,1.0845,Wodymidaj,0.3322394788265228,0.7531955689391101,0.4183159946916606,0.023647625388298097,0.5556394783110988,1553.09,9.899548903111285,112.34714673913044,True,True,True,True,False,B,MID,1.0,True
230.71249091695063,2.2435,Wodymidaj,0.22571146488189697,0.3279730703013322,0.3609894923803235,0.027981871742139727,0.5738981710648483,1661.3,3.615637012170192,112.34714673913044,False,False,False,False,False,B,MID,0.65,False
230.80630991695216,2.2866,Wodymidaj,0.19042278826236725,0.35137811508246747,0.26662503015712036,0.017656249269424946,0.527098107630438,1397.89,2.1895847527367085,112.34714673913044,False,False,False,False,False,B,MID,0.42250000000000004,False
230.9011744169984,1.0457,Wodymidaj,0.1818074733018875,0.39233207209131665,0.262785187962312,0.016387305482693678,0.5567781630036742,1559.63,2.705640989206464,112.34714673913044,False,False,False,False,False,B,MID,0.27462500000000006,False
230.99273395800265,3.094,Wodymidaj,0.2850603759288788,0.3543438155807897,0.31858028936625166,0.01628971376131985,0.5417328214350942,1475.43,4.235984165501077,112.34714673913044,False,False,False,False,False,B,MID,0.2718553751550719,False
231.08657791698352,2.1524,Wodymidaj,0.29284703731536865,0.40013695101051616,0.3970941524211181,0.021481454981320012,0.5276194581820595,1400.58,2.683346059668324,112.34714673913044,False,False,False,False,False,B,MID,0.2763700197382367,False
231.17803520796588,3.6462,Wodymidaj,0.21941952407360077,0.9104194645410996,0.29978159065516063,0.03198584977836643,0.5421167260121998,1477.52,2.7660393109717387,112.34714673913044,False,False,False,False,False,B,MID,0.27628531967760167,False
231.2691220419947,2.8683,Wodymidaj,0.19251345098018646,0.386647832835914,0.23212736117429178,0.018280569361217584,0.6453296275590098,2162.15,3.650085426504375,112.34714673913044,False,False,False,False,False,B,MID,0.2740980083259598,False
231.3625092919683,1.9355,Wodymidaj,0.2140941172838211,0.4073400167582697,0.2806222651457608,0.012273304198635508,0.5170764085128029,1347.15,2.7323362676879146,112.34714673913044,False,False,False,False,False,B,MID,0.2737414060009173,False
231.46003912499873,0.8447,Wodymidaj,0.17088475823402405,0.4013990121631031,0.2622352508235132,0.015247195016674885,0.5680075548397997,1625.59,2.5115129034062615,112.34714673913044,False,False,False,False,False,B,MID,0.26957542398607626,False
231.55223291699076,19.6188,Wodymidaj,0.18061091005802155,0.42329263375292786,0.22965707462606663,0.02484735168907285,0.5991356566342683,1823.4,2.5306286938011304,112.34714673913044,False,False,False,False,False,B,MID,0.2666274754932035,False
231.6449931669631,2.8106,Wodymidaj,0.2634981572628021,0.438517412567991,0.20348307088346085,0.012014741309944935,0.5220534140663993,1372.12,5.9326974304413085,112.34714673913044,True,True,False,True,False,B,MID,1.0,False
231.73815441696206,4.0573,Wodymidaj,0.2853758931159973,0.775845602849262,0.41647565712896856,0.02842633554185994,0.5612735004867262,1585.71,4.131932528446662,112.34714673913044,False,False,False,False,False,B,MID,0.65,False
231.83067429199582,1.0721,Wodymidaj,0.22753942012786865,0.5590124852715107,0.3006219596200236,0.02717329915462449,0.5704170047974061,1640.11,2.6445753892839496,112.34714673913044,False,False,False,False,False,B,MID,0.42250000000000004,False
231.92274816695135,0.9963,Wodymidaj,0.21804600954055786,0.5741723657977046,0.25416262287569963,0.027761100290562515,0.5774653064663172,1683.31,2.474218493833132,112.34714673913044,False,False,False,False,False,B,MID,0.27462500000000006,False
232.0161640829756,1.1418,Wodymidaj,0.20593737065792084,0.44319830511141467,0.2849238385859577,0.03019047299176324,0.5896119559799387,1760.45,3.2298824831916377,112.34714673913044,False,False,False,False,False,B,MID,0.2735532403611558,False
232.1101000829949,2.055,Wodymidaj,0.3548078238964081,0.3652431993718315,0.44176801347936845,0.030842904897608686,0.5841050962534302,1725.05,3.7552656875812667,112.34714673913044,False,False,False,False,False,B,MID,0.279875578343098,False
232.20264112495352,5.5127,Wodymidaj,0.3343242108821869,0.5711105676418354,0.48627268157727177,0.03265492386391711,0.5543109755085583,1545.5,3.8716952030863263,112.34714673913044,False,False,False,False,False,B,MID,0.28502517855008613,False
232.29163274995517,4.4305,Wodymidaj,0.24300582706928253,0.6433603997432358,0.33228512666909654,0.032947013716662116,0.5862253155227397,1738.59,2.2418087753328946,112.34714673913044,False,False,False,False,False,B,MID,0.2853537148780458,False
232.38857162499335,3.2243,Wodymidaj,0.21884675323963165,0.4149194102326936,0.31659176088512525,0.032857422995535415,0.5963306975580696,1804.63,2.4972770277822205,112.34714673913044,False,False,False,False,False,B,MID,0.28413103780658444,False
232.47690287500154,5.6316,Wodymidaj,0.18513895571231842,0.36357873575524274,0.23843566599868726,0.029855088170635844,0.606069696965419,1870.64,3.9791273173670274,112.34714673913044,False,False,False,False,False,B,MID,0.2803690501587171,False
232.5726613329607,5.0597,Wodymidaj,0.2042967826128006,0.3283794934662133,0.26881090829849863,0.033968832667090644,0.5929909034467781,1782.53,2.3214414644667634,112.34714673913044,False,False,False,False,False,B,MID,0.2783560860320054,False
232.66575649997685,4.673,Wodymidaj,0.2732086181640625,0.31642554989349125,0.39394362209423966,0.030861815191678552,0.5779234237290036,1686.16,4.21073257697385,112.34714673913044,False,False,False,False,False,B,MID,0.28069929825393297,False
232.75993620796362,3.8362,Wodymidaj,0.2675257623195648,0.699647021777204,0.2920167861928574,0.019443747347860047,0.5422367687514327,1478.17,4.564191606279073,112.34714673913044,True,True,False,True,False,B,MID,1.0,False
232.85283458296908,5.1823,Wodymidaj,0.23713915050029755,0.5410486157074739,0.31332464309169017,0.027292839260922793,0.6124966949138468,1915.52,1.9461513560964756,112.34714673913044,False,False,False,False,False,B,MID,0.65,False
232.9430563749629,3.6398,Wodymidaj,0.178824320435524,0.3734698266243442,0.29653780426651555,0.022141844682213425,0.5751568152463256,1669.04,3.7898599145585106,112.34714673913044,False,False,False,False,False,B,MID,0.42250000000000004,False
233.03665333299432,3.7852,Wodymidaj,0.24833159148693085,0.38438148659065363,0.30756256755230427,0.02809251126139248,0.5822029555447665,1712.99,4.728656539331957,112.34714673913044,False,False,False,False,False,B,MID,0.2794179759462758,False
233.1308862500009,2.03,Wodymidaj,0.20202672481536865,0.3918401879711464,0.265012420569426,0.02860494757941105,0.5878343008585755,1748.94,3.5518556768504013,112.34714673913044,False,False,False,False,False,B,MID,0.2772804285180417,False
233.22342087497236,2.0632,Wodymidaj,0.20580773055553436,0.3270576133703843,0.29556247501024024,0.02200232501595868,0.6758199693527922,2419.55,3.928471205072986,112.34714673913044,False,True,False,False,False,B,MID,0.2755348469404186,False
233.31438749999506,4.3466,Wodymidaj,0.3017810583114624,0.7544586926524127,0.34485922973424016,0.031016943551912524,0.6690443159727619,2359.82,4.522242022397319,112.34714673913044,False,False,False,False,False,B,MID,0.2794370168223416,False
233.40738770796452,3.7606,Wodymidaj,0.19882404804229736,0.3796059104577433,0.3237246236023865,0.028012082951775607,0.6016100503885152,1840.12,3.2500141987430675,112.34714673913044,False,False,False,False,False,B,MID,0.27705042220534026,False
233.49782612500712,1.5898,Wodymidaj,0.1534964144229889,0.32751972236551735,0.20891025672032446,0.02054323912307106,0.6755919489761874,2417.51,2.5435069299263002,112.34714673913044,False,False,False,False,False,B,MID,0.2701451588841512,False
233.59615258296253,10.5893,Wodymidaj,0.25528115034103394,0.39631597674010866,0.32323681728469217,0.01753701624339292,0.5469147022291639,1503.9,5.147031522431472,112.34714673913044,False,False,False,False,False,B,MID,0.2719278075271347,False
233.6837690419634,1.3605,Wodymidaj,0.24994266033172607,0.34350596785976795,0.33799466877815665,0.014723098949650841,0.532013400051987,1423.47,2.480722239331898,112.34714673913044,False,False,False,False,False,B,MID,0.27331745938285884,False
233.77738720795605,3.0399,Wodymidaj,0.2563265562057495,0.3757936673736009,0.3922771937586711,0.01642044829809486,0.5426263026738869,1480.3,2.710404661489994,112.34714673913044,False,False,False,False,False,B,MID,0.2750001533587621,False
233.8703174169641,3.3325,Wodymidaj,0.34495842456817627,0.6671888173457429,0.4065613007231958,0.03127201892718252,0.6364177636703413,2092.23,5.934892848736964,112.34714673913044,True,True,False,True,False,B,MID,1.0,False
233.96606033295393,3.446,Wodymidaj,0.2507079243659973,0.5972631200183164,0.37249185635657495,0.03171604474145808,0.6706442128967154,2373.79,2.5176418005726804,112.34714673913044,False,False,False,False,False,B,MID,0.65,False
234.05595612496836,5.0858,Wodymidaj,0.2270188182592392,0.4431332979950273,0.3241810087402627,0.02351926929809506,0.652006296630349,2216.07,2.4549339760348583,112.34714673913044,False,False,False,False,False,B,MID,0.42250000000000004,False
234.15073954197578,4.4907,Wodymidaj,0.2604530155658722,0.4420539094243639,0.3344556247568434,0.022247698841480985,0.6330749883497884,2066.59,3.012588294128582,112.34714673913044,False,False,False,False,False,B,MID,0.28263905437362785,False
234.24557991698384,5.5641,Wodymidaj,0.21380393207073212,0.406066223807832,0.312858758099956,0.017389782498608675,0.609060574823613,1891.39,3.46927888647967,112.34714673913044,False,False,False,False,False,B,MID,0.281097860341678,False
234.33641691697994,3.6204,Wodymidaj,0.19486676156520844,0.38142221092228495,0.2762081433795418,0.024959613312176228,0.6890328500816227,2540.4,2.5360992726211045,112.34714673913044,False,False,False,False,False,B,MID,0.2781741549870409,False
234.43102237500716,1.1513,Wodymidaj,0.2448679506778717,0.7895436478462383,0.2533087756190911,0.027191005519411227,0.6923782884572811,2571.94,4.082945401138675,112.34714673913044,False,False,False,False,True,C,MID,0.2788867115446252,False
234.5249739169958,1.3003,Wodymidaj,0.23751159012317657,0.331156653704638,0.2760970467245431,0.02529424773101868,0.6315367974558401,2054.9,3.1755164561727156,112.34714673913044,False,False,False,False,False,C,MID,0.279114202960897,False
234.61814704199787,0.8397,Wodymidaj,0.23310837149620056,0.2539191403574656,0.3366058350735347,0.037206489401509835,0.6176434781991679,1952.23,2.128968321323923,112.34714673913044,False,False,False,False,False,C,MID,0.27905292170737295,False
234.70622137497412,1.4641,Wodymidaj,0.25793200731277466,0.2973467123592095,0.3950968931838604,0.02908476227287142,0.592924374980705,1782.09,4.4515022991672994,112.34714673913044,False,False,False,False,False,C,MID,0.2804812346235857,False
234.80027458298719,2.2453,Wodymidaj,0.1948448270559311,0.2854950693184983,0.29430186783715956,0.020454275980291616,0.598216026289337,1817.22,2.1878712492163186,112.34714673913044,False,False,False,False,False,C,MID,0.277586535646122,False
234.89610233297572,1.9493,Wodymidaj,0.19595029950141907,0.3136540990037657,0.22507197737047846,0.018710327965468985,0.5961685572602561,1803.55,2.387708667460997,112.34714673913044,False,False,False,False,False,C,MID,0.2749281019283824,False
234.98449849995086,2.775,Wodymidaj,0.30603912472724915,0.7814974444693443,0.3806759404494462,0.026413413310434765,0.5722482919893267,1651.22,6.247518613994427,112.34714673913044,True,True,True,False,False,C,MID,1.0,True
235.07822012499673,4.7901,Wodymidaj,0.19936200976371765,0.3623952132088064,0.3122701283193659,0.02171122870160879,0.5980196581007813,1815.91,2.390619606233536,112.34714673913044,False,False,False,False,False,C,MID,0.65,False
235.1706038749544,2.9932,Wodymidaj,0.15822143852710724,0.3489696249177906,0.20567183820388804,0.020504505340474575,0.6978707287395713,2624.59,2.7071476331532103,112.34714673913044,False,False,False,False,False,C,MID,0.42250000000000004,False
235.26720224996097,4.4533,Wodymidaj,0.1872149258852005,0.3435027321364541,0.2297135970390311,0.02543009378905126,0.6829954223434801,2484.45,3.09134609669352,112.34714673913044,False,False,False,False,False,C,MID,0.27462500000000006,False
235.3579266250017,4.3105,Wodymidaj,0.19375629723072052,0.3481625407938087,0.27303483652981714,0.017002860775869957,0.5535052945645251,1540.92,2.9515295912740647,112.34714673913044,False,False,False,False,False,C,MID,0.2647256833793165,False
235.45266420795815,4.594,Wodymidaj,0.2304619401693344,0.3243294920454184,0.23274396253292023,0.012601541912187434,0.5482177859664953,1511.15,3.786418610809052,112.34714673913044,False,False,False,False,False,C,MID,0.2652138594539148,False
235.543893791968,5.2578,Wodymidaj,0.21337395906448364,0.8387114264625357,0.2840122311629849,0.016526847738575105,0.5322377066550451,1424.65,3.5912750334545125,112.34714673913044,False,False,False,False,False,C,MID,0.26451302654953807,False
235.6367531249998,16.5032,Wodymidaj,0.2093650996685028,0.3974992160817075,0.2727222226527154,0.01937749147799284,0.5590997054714169,1573.05,4.137863670997987,112.34714673913044,False,False,False,False,False,C,MID,0.2635546429583534,False
235.73269333300414,3.4754,Wodymidaj,0.1751696914434433,0.38122474876897067,0.24745677461077414,0.020920759566909163,0.5614084091371491,1586.5,4.300558619110825,112.34714673913044,False,False,False,False,False,C,MID,0.2596941296880279,False
235.82154095795704,3.9822,Wodymidaj,0.12136127054691315,0.30483829387723227,0.17915283645716115,0.023046136110696093,0.6922318389736537,2570.56,2.5591078221936487,112.34714673913044,False,False,False,False,False,C,MID,0.24670942320362652,False
235.91547166695818,4.8438,Wodymidaj,0.15826921164989471,0.3137889165556572,0.18364359982602596,0.01368904216724372,0.6255849966297105,2010.27,4.263750717113438,112.34714673913044,False,False,False,False,False,C,MID,0.2430218058214781,False
236.010809667001,3.6177,Wodymidaj,0.281478613615036,0.4143001790720822,0.25500756182106926,0.01548597786514956,0.5317441205776325,1422.05,6.387039421810904,112.34714673913044,True,True,True,True,False,C,MID,1.0,True
236.09966562496265,4.0772,Wodymidaj,0.2693263292312622,0.8339552840503351,0.3676758196936325,0.03272052431952907,0.5615102940099479,1587.1,3.6297903681007826,112.34714673913044,False,False,False,False,False,C,MID,0.65,False
236.19551195797976,4.862,Wodymidaj,0.221013143658638,0.5481440668781506,0.3220745435727835,0.029948796123464978,0.5513697259258711,1528.82,2.8147980324914994,112.34714673913044,False,False,False,False,False,C,MID,0.42250000000000004,False
236.2861149169621,4.443,Wodymidaj,0.20121821761131287,0.5119413398426378,0.23413932353469105,0.02601165090453139,0.5701542926810675,1638.52,3.250536645022395,112.34714673913044,False,False,False,False,False,C,MID,0.27462500000000006,False
236.38049954199232,4.6082,Wodymidaj,0.22222888469696045,0.41354051361050304,0.28684929045735436,0.02388125293378667,0.5643344047484105,1603.72,2.464320084183826,112.34714673913044,False,False,False,False,False,C,MID,0.25329152995041737,False
236.47179275000235,4.4599,Wodymidaj,0.2743358910083771,0.36354256301913684,0.3758939716047766,0.025314845455140334,0.5651527291305866,1608.56,2.7415565875884638,112.34714673913044,False,False,False,False,False,C,MID,0.2571309817054622,False
236.56404049997218,4.6087,Wodymidaj,0.29227814078330994,0.6593539429917067,0.34494096780292355,0.024354125540616667,0.5396856355413193,1464.33,3.648879016142859,112.34714673913044,False,False,False,False,False,C,MID,0.26163178134707094,False
236.66081320797093,4.4968,Wodymidaj,0.20998181402683258,0.7144518935691272,0.28597946246279,0.026722125431261946,0.5595650682720972,1575.75,2.161456941606075,112.34714673913044,False,False,False,False,False,C,MID,0.26142746995472754,False
236.74846749997232,6.4452,Wodymidaj,0.24728147685527802,0.48720921137454787,0.31919078539572715,0.02415551693138631,0.561794165330651,1588.76,4.178281373538639,112.34714673913044,False,False,False,False,False,C,MID,0.2634628094262279,False
236.84130599995842,2.63,Wodymidaj,0.22538135945796967,0.3933044122941261,0.31773501171204827,0.016245386376077968,0.5301187408175967,1413.55,3.1463148450571428,112.34714673913044,False,False,False,False,False,C,MID,0.2641397594573382,False
236.9347268329584,5.0395,Wodymidaj,0.15067723393440247,0.31620875896173933,0.25413838194105237,0.01202680945696714,0.5386956986385306,1458.99,2.4570856470824483,112.34714673913044,False,False,False,False,False,C,MID,0.2587211433531353,False
237.0280954579939,4.3382,Wodymidaj,0.12781350314617157,0.2667611604499119,0.172046964853435,0.009603460830218973,0.5271985275986706,1398.41,2.070719672396251,112.34714673913044,False,False,False,False,False,C,MID,0.24969917930968547,False
237.12264708295697,4.5719,Wodymidaj,0.26431378722190857,0.6481250094156268,0.2733700259359889,0.02157545077545149,0.5726769663339865,1653.84,6.89483321899073,112.34714673913044,True,True,True,False,False,C,MID,1.0,True
237.21314983296907,1.3708,Wodymidaj,0.22731345891952515,0.502785778781213,0.2830323716457768,0.02087558527224785,0.5659265516232337,1613.16,2.503311495889468,112.34714673913044,False,False,False,False,False,C,MID,0.65,False
237.30830133298878,0.9137,Wodymidaj,0.17157228291034698,0.3851294773690792,0.28578947873188876,0.020364799446078788,0.5643055565731984,1603.55,2.5493294095229686,112.34714673913044,False,False,False,False,False,C,MID,0.42250000000000004,False
237.40093079197686,0.8594,Wodymidaj,0.20525838434696198,0.42160382681952363,0.25080012006261093,0.02912314600811863,0.5603309628700389,1580.21,3.344307365996215,112.34714673913044,False,False,False,False,False,C,MID,0.27462500000000006,False
237.492426666955,0.8643,Wodymidaj,0.16435246169567108,0.370497654622164,0.20751173040763343,0.025376928331915266,0.5878569371778254,1749.09,3.2308506682443316,112.34714673913044,False,False,False,False,False,C,MID,0.24840006286033744,False
237.58819070796017,2.141,Wodymidaj,0.19583745300769806,0.3650125068621503,0.25891633540941017,0.022717841926584405,0.6897412328519028,2547.05,2.8480397892064024,112.34714673913044,False,False,False,False,False,C,MID,0.24787872234059216,False
237.68076720798854,7.2465,Wodymidaj,0.33224278688430786,0.7632151348275242,0.35838421600644427,0.021615668365600783,0.5306801607991357,1416.48,5.884368642280512,112.34714673913044,False,False,False,False,False,C,MID,0.254581660583613,False
237.77124558296055,1.1898,Wodymidaj,0.2543794810771942,0.35850661717823984,0.39491600326710574,0.03289412677161485,0.5798656391430624,1698.28,2.544647283468114,112.34714673913044,False,False,False,False,False,C,MID,0.2573405755652245,False
237.8659986249986,0.9398,Wodymidaj,0.18249006569385529,0.40077383358681073,0.28903907802342044,0.027994970828414303,0.5727488774161964,1654.28,2.346490991258112,112.34714673913044,False,False,False,False,False,C,MID,0.2553505954804523,False
237.95918499998515,1.0621,Wodymidaj,0.2623773217201233,0.4125511442839782,0.3388802745074125,0.02531466712789859,0.5604000728468579,1580.61,3.586707941751603,112.34714673913044,True,True,False,True,False,C,MID,1.0,False
238.05057437496725,2.9279,Wodymidaj,0.1910376101732254,0.3917817177209287,0.27685746891897783,0.021313549123027783,0.6654376494906351,2328.63,2.3127332319168517,112.34714673913044,False,False,False,False,False,C,MID,0.65,False
238.14609712496167,0.9348,Wodymidaj,0.16857005655765533,0.3013137941687304,0.26268181157003445,0.020966416186453663,0.6728648535896061,2393.31,2.7137760332414387,112.34714673913044,False,False,False,False,False,C,MID,0.42250000000000004,False
238.2398648749804,0.985,Wodymidaj,0.3016526997089386,0.6784239262914341,0.3355993814043252,0.022061955980472506,0.5465178225519406,1501.7,6.113593088827355,112.34714673913044,True,True,True,False,False,C,MID,1.0,True
238.3285671249614,1.075,Wodymidaj,0.23913608491420746,0.37492580463579156,0.35117845327717917,0.021404737381694544,0.5429452111964169,1482.04,2.3046545714639253,112.34714673913044,False,False,False,False,False,C,MID,0.65,False
238.42258687497815,1.8875,Wodymidaj,0.20144882798194885,0.3656675994708755,0.30234699598207465,0.016692963055450465,0.5224809295021919,1374.28,1.883852918385471,112.34714673913044,False,False,False,False,False,C,MID,0.42250000000000004,False
238.51457775000017,1.3477,Wodymidaj,0.22598707675933838,0.43174383819623174,0.30182604105676375,0.019754916854113663,0.5427142431419664,1480.78,2.692008606885467,112.34714673913044,False,False,False,False,False,C,MID,0.27462500000000006,False
238.61112199997297,1.1453,Wodymidaj,0.2048632949590683,0.3763512053672281,0.25270609380028064,0.01820841901136404,0.5355020163091165,1441.9,4.279199513780601,112.34714673913044,False,False,False,False,False,C,MID,0.2603554528147444,False
238.70116083300672,1.021,Wodymidaj,0.18932804465293884,0.35448049211384103,0.286949059781332,0.017007491510890146,0.5263211630334602,1393.89,3.1959797808001458,112.34714673913044,False,False,False,False,False,C,MID,0.2587518219964984,False
238.793782541994,1.2148,Wodymidaj,0.2731110453605652,0.7963431232264713,0.2699993979695382,0.0274143884569083,0.5553894868388455,1551.66,3.097110648129128,112.34714673913044,False,False,False,False,False,C,MID,0.26225806136453,False
238.88564704195596,1.0784,Wodymidaj,0.2596457004547119,0.3478169710823287,0.344928325825945,0.04452996108270824,0.5704455364659807,1640.28,2.948871971755645,112.34714673913044,False,False,False,False,False,C,MID,0.26490892186872583,False
238.97866449999856,1.6639,Wodymidaj,0.22156481444835663,0.2633538827961123,0.3419819057442285,0.04064134762849562,0.5507971013218991,1525.6,2.0871735473133812,112.34714673913044,False,False,False,False,False,C,MID,0.2652802255595066,False
239.07095174997812,1.3428,Wodymidaj,0.21552318334579468,0.2773824348052058,0.3144495689155922,0.033704420698840554,0.5750778651146011,1668.55,3.7669506487530193,112.34714673913044,False,False,False,False,False,C,MID,0.26525344627023756,False
239.16388320800615,2.0753,Wodymidaj,0.2209031730890274,0.28395920100765065,0.2952579911980811,0.03296894702343509,0.5883160764738782,1752.05,3.121350279135133,112.34714673913044,False,False,False,False,False,C,MID,0.2655665812383082,False
239.26159254199592,4.968,Wodymidaj,0.23544226586818695,0.2996480187436073,0.2648113489875456,0.012894252687685591,0.5137544407261285,1330.75,3.0167783309867935,112.34714673913044,False,False,False,False,False,C,MID,0.26673194030995606,False
239.35227483295603,2.6875,Wodymidaj,0.28035274147987366,0.7672735375768924,0.3928138692957852,0.025339104948475598,0.5538329089846868,1542.78,6.173344832010077,112.34714673913044,True,True,True,False,False,C,MID,1.0,True
239.44637575000525,1.1493,Wodymidaj,0.2082938849925995,0.3613394403968431,0.30303044053831074,0.019378314241770698,0.5460389690713432,1499.05,3.200952182279354,112.34714673913044,False,False,False,False,False,C,MID,0.65,False
239.53468616696773,0.9557,Wodymidaj,0.19216862320899963,0.4669525665180516,0.23751415591449343,0.011484134983496989,0.4657284672446053,1114.69,3.2451169612542805,112.34714673913044,False,False,False,False,False,C,MID,0.42250000000000004,False
239.63312899996527,0.9436,Wodymidaj,0.19128188490867615,0.42683224394322966,0.2572393438952347,0.015944441354558192,0.5345487964944263,1436.84,2.587296231274813,112.34714673913044,False,False,False,False,False,C,MID,0.27462500000000006,False
239.7227074999828,11.0194,Wodymidaj,0.19750279188156128,0.355406372982571,0.26951029223588546,0.026015564307211175,0.5597476849786616,1576.81,2.6908926347468385,112.34714673913044,False,False,False,False,False,C,MID,0.2645147723533856,False
239.8158403749694,2.0202,Wodymidaj,0.22240114212036133,0.3803006603000212,0.2152680171538192,0.0246482810067322,0.5524900637406984,1535.15,2.624577253769878,112.34714673913044,False,False,False,False,False,C,MID,0.2649573252159213,False
239.9085668749758,1.8716,Wodymidaj,0.1733260452747345,0.8291769490054589,0.20299152003427495,0.029663086812530208,0.5800765731365074,1699.6,3.636487880304438,112.34714673913044,False,False,False,False,False,C,MID,0.26181242508103403,False
240.00096533296164,2.3538,Wodymidaj,0.22560273110866547,0.3034567814035353,0.3063842327347773,0.02274030414358845,0.5721491445466755,1650.62,5.460554085778546,112.34714673913044,False,False,False,False,False,C,MID,0.2625852843994303,False
240.09533191699302,7.7183,Wodymidaj,0.1745958775281906,0.29152558448133686,0.2405771407598161,0.01251241390359967,0.5386612850550135,1458.81,4.032155265444979,112.34714673913044,False,False,False,False,False,C,MID,0.2596704659579458,False
240.1896661669598,1.0408,Wodymidaj,0.15727239847183228,0.37073005082785854,0.2293942269696143,0.01937150512419883,0.5897442892473415,1761.31,3.614170050013057,112.34714673913044,False,False,False,False,False,C,MID,0.25522783880477623,False
240.2815389999887,1.8989,Wodymidaj,0.16012614965438843,0.30446139439492187,0.20642943790385734,0.02527857783219412,0.599710907075592,1827.27,3.5626457223253443,112.34714673913044,False,False,False,False,False,C,MID,0.25130942634578013,False
240.37239804200362,0.9799,Wodymidaj,0.25454476475715637,0.4482916725697947,0.21260403345370785,0.019461197112440626,0.5502895359890959,1522.74,6.450958185998468,112.34714673913044,True,True,False,True,False,C,MID,1.0,False
240.46778304199688,1.0689,Wodymidaj,0.27137190103530884,0.8011612615022475,0.35851298313059127,0.04040927894880593,0.5692246480159197,1632.91,2.9318284097970837,112.34714673913044,False,False,False,False,False,C,MID,0.65,False
240.55674429197097,0.9465,Wodymidaj,0.206776425242424,0.5454524615127714,0.2813512319400542,0.03295914360913129,0.5603753742385529,1580.47,2.3319379982644595,112.34714673913044,False,False,False,False,False,C,MID,0.42250000000000004,False
240.65165770798922,1.1458,Wodymidaj,0.24686098098754883,0.5137384032858071,0.2774932883007967,0.04310433342537567,0.5843294262399988,1726.48,2.7885728063663335,112.34714673913044,False,False,False,False,False,C,MID,0.27462500000000006,False
240.74326966697117,1.0753,Wodymidaj,0.2247180938720703,0.3542555471196642,0.3208340937641434,0.04100361633285633,0.5814981681889939,1708.54,2.3514482304969166,112.34714673913044,False,False,False,False,False,C,MID,0.26067369423211945,False
240.83521020796616,1.8343,Wodymidaj,0.2672748565673828,0.29815392114937905,0.37702472651258845,0.029844129539217487,0.5735626075063817,1659.25,3.227789129085657,112.34714673913044,False,False,False,False,False,C,MID,0.2637933008230139,False
240.93095479195472,1.1148,Wodymidaj,0.2661948800086975,0.5472353292910637,0.33273598539359267,0.029867062587323,0.5411481774858464,1472.25,3.015190823316556,112.34714673913044,False,False,False,False,False,C,MID,0.2667024722964473,False
241.02328812499763,0.9652,Wodymidaj,0.2453092485666275,0.5944033840339086,0.31039738822350815,0.04449984074314857,0.549330678435906,1517.37,2.7631461061905127,112.34714673913044,False,False,False,False,False,C,MID,0.26836604883481885,False
241.1171294169617,1.0822,Wodymidaj,0.23791755735874176,0.3456845453028827,0.3342332954549111,0.04932088384121166,0.5663551448670473,1615.72,2.8781330573972896,112.34714673913044,False,False,False,False,False,C,MID,0.2695330528278847,False
241.20686449995264,1.0254,Wodymidaj,0.2131146341562271,0.3339950621068414,0.3094124309501801,0.029969476480532505,0.5468621854881704,1503.61,3.5751367633723383,112.34714673913044,False,False,False,False,False,C,MID,0.26913863842589514,False
241.30315020796843,0.9324,Wodymidaj,0.1553189754486084,0.35536220169143184,0.23780397175523463,0.023983862212704547,0.6255324674249176,2009.88,2.468263646933098,112.34714673913044,False,False,False,False,False,C,MID,0.26400820113647677,False
241.3974430419621,1.2351,Wodymidaj,0.1488638073205948,0.3014181983678948,0.20024630375449354,0.02047111228288008,0.6346240551174482,2078.43,2.93375806341262,112.34714673913044,False,False,False,False,False,C,MID,0.25837335822589913,False
241.4879266669741,1.1829,Wodymidaj,0.2665384113788605,0.7108537737746442,0.25670093940638955,0.025124821622125627,0.6161292643847197,1941.36,7.446107549693723,112.34714673913044,True,True,True,False,False,C,MID,1.0,True
241.58025800000178,1.4978,Wodymidaj,0.2530076503753662,0.45926758884119634,0.3199513504750429,0.027994987987967266,0.5521464726218346,1533.21,2.1103875516754536,112.34714673913044,False,False,False,False,False,C,MID,0.65,False
241.672550749965,1.2284,Wodymidaj,0.21246765553951263,0.30529444875240386,0.3305892095406907,0.027376191068632736,0.5785219405128889,1689.88,2.7593198977778233,112.34714673913044,False,False,False,False,False,C,MID,0.42250000000000004,False
241.76949533296283,7.698,Wodymidaj,0.23735347390174866,0.3107032630245775,0.30495290186169594,0.02440843483390651,0.5588818032517148,1571.78,3.432110480659947,112.34714673913044,False,False,False,False,False,C,MID,0.27462500000000006,False
241.8625419579912,1.7308,Wodymidaj,0.19247329235076904,0.35602883901259846,0.31890344753287403,0.02847086593134383,0.582677595568427,1715.99,2.2759581092148564,112.34714673913044,False,False,False,False,False,C,MID,0.26351330709460524,False
241.95204820798244,1.9538,Wodymidaj,0.20443090796470642,0.31246823365266246,0.27658713128996726,0.03608013444971599,0.7144562398862322,2790.18,3.856239855102379,112.34714673913044,True,True,False,True,False,C,MID,1.0,False
242.04613383300602,0.9765,Wodymidaj,0.30059337615966797,0.7235088081438893,0.3319746099699246,0.03662406208593894,0.6485190536577493,2187.74,5.977220663485063,112.34714673913044,False,True,False,False,False,C,MID,0.65,False
242.13779574999353,0.8525,Wodymidaj,0.18420329689979553,0.38238123469382906,0.2995803934898099,0.033613907743527224,0.6630614644182692,2308.31,2.8661271337927676,112.34714673913044,False,False,False,False,False,C,MID,0.42250000000000004,False
242.22871333296644,1.062,Wodymidaj,0.17758554220199585,0.3621688133007537,0.24885728245549832,0.023032594089259097,0.6521451790250652,2217.2,3.218560603241913,112.34714673913044,False,False,False,False,False,C,MID,0.27462500000000006,False
242.3241258749622,1.4266,Wodymidaj,0.25254422426223755,0.3255357110240961,0.3043319127031834,0.020666062532701666,0.5650090325678834,1607.71,5.6717163427483355,112.34714673913044,False,False,False,False,False,C,MID,0.2655707617915129,False
242.41752533300314,1.409,Wodymidaj,0.2839178442955017,0.3357287888162101,0.4013613131761879,0.018427853387209436,0.5334078343323735,1430.81,2.30433425217339,112.34714673913044,False,False,False,False,False,C,MID,0.26959408569597687,False
242.51080237497808,1.6035,Wodymidaj,0.21705448627471924,0.35141304111146265,0.35439181622450266,0.019106094306000285,0.5741082236849294,1662.59,3.514760688485055,112.34714673913044,False,False,False,False,False,C,MID,0.2697128907442508,False
242.60373733297456,1.2963,Wodymidaj,0.31820446252822876,0.7057774880938558,0.3561173846624407,0.021594266855975906,0.54390548425088,1487.3,4.512870218595584,112.34714673913044,False,True,False,False,False,C,MID,0.2751016299595019,False
242.69541174999904,1.8286,Wodymidaj,0.25300538539886475,0.5886925434221987,0.35440205939015956,0.022788978776338245,0.5461853517712619,1499.86,2.707244574562862,112.34714673913044,False,False,False,False,False,C,MID,0.2770666402034632,False
242.78864758298732,1.613,Wodymidaj,0.2499607652425766,0.5908876862197794,0.32895234052565664,0.019480609956143355,0.515916345119968,1341.4,2.683804747972045,112.34714673913044,False,False,False,False,False,C,MID,0.2787670863561852,False
242.8842032919638,1.907,Wodymidaj,0.21832948923110962,0.46116274441186755,0.306628843196428,0.01671157425651022,0.5321479383336261,1424.17,2.2991571541438454,112.34714673913044,False,False,False,False,False,C,MID,0.2785093007910241,False
242.97748962498736,0.9609,Wodymidaj,0.21847590804100037,0.412763121328192,0.2784553145142936,0.013099995291155221,0.5244054650359595,1384.07,2.7262612553759733,112.34714673913044,False,False,False,False,False,C,MID,0.2782737902800704,False
243.06626958295237,6.8935,Wodymidaj,0.1983972191810608,0.5253454173067167,0.2796551418714635,0.018726184893736817,0.6156705427247641,1938.08,2.348156314845197,112.34714673913044,True,True,False,True,False,C,MID,1.0,False
243.16223133297171,5.0625,Wodymidaj,0.2343856543302536,0.7693360990473531,0.23270270097687976,0.031996843358357153,0.6727967546960537,2392.71,3.768600532058981,112.34714673913044,False,False,False,False,False,C,MID,0.65,False
243.252071624971,4.8548,Wodymidaj,0.1916688084602356,0.20937414946382332,0.2418896275754682,0.036153548381827494,0.6056053932914784,1867.44,3.8448125252166747,112.34714673913044,False,False,False,False,False,C,MID,0.42250000000000004,False
243.34749041695613,3.6682,Wodymidaj,0.20234812796115875,0.15380601879489436,0.2868222341992418,0.051720008104316206,0.5821355975029914,1712.56,2.3041642769531108,112.34714673913044,False,False,False,False,False,C,MID,0.27462500000000006,False
243.43785087496508,2.4446,Wodymidaj,0.19976848363876343,0.17666101592261915,0.29747651871895214,0.03908696002272472,0.585926381701502,1736.68,3.3507911254550793,112.34714673913044,False,False,False,False,False,C,MID,0.2729988178693377,False
243.53118312498555,0.9623,Wodymidaj,0.20059172809123993,0.22051339247696458,0.26561447338091043,0.02393570607920409,0.5923069007429739,1778.04,3.131443468574261,112.34714673913044,False,False,False,False,False,C,MID,0.27182913554138266,False
243.62218887498602,1.2277,Wodymidaj,0.24361984431743622,0.2651533270680703,0.2852130177330005,0.01944600084246913,0.5474569631107162,1506.92,2.6502529559254215,112.34714673913044,False,False,False,False,False,C,MID,0.27343804706700503,False
243.7169499169686,1.4897,Wodymidaj,0.29828721284866333,0.6698650189955966,0.4158922199775065,0.030913480964379826,0.5757420065142712,1672.64,6.228991085270608,112.34714673913044,True,True,True,False,False,C,MID,1.0,True
243.81155612500152,5.7949,Wodymidaj,0.20964054763317108,0.3169067961543788,0.3507481496323249,0.02270761749609668,0.5796104841121111,1696.68,2.6222806282338413,112.34714673913044,False,False,False,False,False,C,MID,0.65,False
243.90425924997544,1.352,Wodymidaj,0.13663984835147858,0.32079143534264704,0.1795883044693673,0.018731063508641944,0.6929054159497159,2576.95,1.908659628928649,112.34714673913044,False,False,False,False,False,C,MID,0.42250000000000004,False
243.99579899996752,1.0429,Wodymidaj,0.1714061051607132,0.3574614154407577,0.20510260734218383,0.024468695257651794,0.6813799689495978,2469.69,3.2255162163524758,112.34714673913044,False,False,False,False,False,C,MID,0.27462500000000006,False
244.0906546249753,1.1699,Wodymidaj,0.15375962853431702,0.33490083285910555,0.20293656493232826,0.01568004627433514,0.5408508923717577,1470.64,2.576024287966753,112.34714673913044,False,False,False,False,False,C,MID,0.26166055117769654,False
244.18284233298618,1.3326,Wodymidaj,0.24352391064167023,0.31137386807909284,0.23186409733382868,0.01470578209492007,0.5325589930389905,1426.33,3.8230819275046657,112.34714673913044,False,False,False,False,False,C,MID,0.2641822881686056,False
244.27338108298136,1.0472,Wodymidaj,0.19263704121112823,0.8962952677762369,0.2610151917193974,0.01823751892778113,0.5303076291949531,1414.54,2.910530274754531,112.34714673913044,False,False,False,False,False,C,MID,0.2631882218259221,False
244.36508679197868,0.8914,Wodymidaj,0.2489936798810959,0.3800142822981907,0.3185193497619341,0.0169084953033712,0.5278977862632751,1402.02,4.90849827709384,112.34714673913044,False,False,False,False,False,C,MID,0.2659473728863443,False
244.46306787495269,1.1972,Wodymidaj,0.22069713473320007,0.29596256382881275,0.3080444603812808,0.024867626146016023,0.5383088563379376,1456.91,3.887620844871257,112.34714673913044,False,False,False,False,False,C,MID,0.2668544515635579,False
244.55639995797537,1.6193,Wodymidaj,0.15731246769428253,0.2939543226943171,0.26417354048821456,0.02343178771481358,0.6500599284528787,2200.21,1.7219457015342126,112.34714673913044,True,True,False,True,False,C,MID,1.0,False
244.64751866698498,0.7963,Wodymidaj,0.15250587463378906,0.32444121442345125,0.18231487836420265,0.0156097058608509,0.6173139826356896,1949.86,2.3085891232780975,112.34714673913044,False,False,False,False,False,C,MID,0.65,False
244.74038758297684,1.2217,Wodymidaj,0.27084988355636597,0.47939760286657235,0.2500944279210879,0.017628291737011408,0.5182280282897542,1352.89,6.448409851354824,112.34714673913044,True,True,True,False,False,C,MID,1.0,True
244.8334759999998,1.3841,Wodymidaj,0.24330516159534454,0.8038630312136079,0.32041576900783336,0.04056977655720995,0.5613289588192347,1586.03,3.585298955760348,112.34714673913044,False,False,False,False,False,C,MID,0.65,False
244.92751312500332,2.1191,Wodymidaj,0.23406757414340973,0.5727644347007692,0.30119264407938556,0.0384110566113837,0.5492237692398289,1516.77,2.7861752178845642,112.34714673913044,False,False,False,False,False,C,MID,0.42250000000000004,False
245.019307541952,4.5045,Wodymidaj,0.222202867269516,0.5525921438058633,0.24107808160660882,0.04565146269242295,0.5546329533638813,1547.34,3.493233906769433,112.34714673913044,False,False,False,False,False,C,MID,0.27462500000000006,False
245.11295883299317,3.7799,Wodymidaj,0.2191344052553177,0.44479738092446824,0.2932741361395432,0.049290256077442064,0.5485275151791991,1512.88,1.9254069790458375,112.34714673913044,False,False,False,False,False,C,MID,0.26798648983460405,False
245.20245170796989,1.6812,Wodymidaj,0.2837674915790558,0.39233942841155567,0.35445362345264336,0.04829052582465757,0.565468673129905,1610.44,3.9451278062537867,112.34714673913044,False,False,False,False,False,C,MID,0.27234819925691073,False
245.2989301669877,1.3195,Wodymidaj,0.2988024055957794,0.6519576343715032,0.3530323888316316,0.04986014850190081,0.5381056278177658,1455.82,3.480537600498185,112.34714673913044,False,False,False,False,False,C,MID,0.2772211875100492,False
245.39113904198166,1.2731,Wodymidaj,0.23875504732131958,0.675484851666542,0.3133163374148956,0.050660588510841716,0.550867746759711,1526.0,2.673448405580801,112.34714673913044,False,False,False,False,False,C,MID,0.2786849915841948,False
245.4848102919641,1.1496,Wodymidaj,0.21422632038593292,0.4624172244341736,0.2801003135917988,0.04733984536858384,0.5616803310149101,1588.09,3.128896053364314,112.34714673913044,False,False,False,False,False,C,MID,0.27852686998099874,False
245.5757099170005,1.179,Wodymidaj,0.20349295437335968,0.408700839477043,0.2687032956004081,0.045398515005698525,0.5441470533115101,1488.63,3.50967318305583,112.34714673913044,False,False,False,False,False,C,MID,0.27762862399810684,False
245.66915391699877,1.4082,Wodymidaj,0.15115505456924438,0.33080583528324303,0.23621077093140527,0.01616744212011126,0.529338159961586,1409.49,2.0715363396104283,112.34714673913044,False,False,False,False,False,C,MID,0.2719640544109642,False
245.76294879196212,1.9393,Wodymidaj,0.14414089918136597,0.24788395065381502,0.18938110893131116,0.015701060543557677,0.5293742740992831,1409.68,2.7105352239920015,112.34714673913044,False,False,False,False,False,C,MID,0.2647061399699986,False
245.85443624999607,9.6395,Wodymidaj,0.25881850719451904,0.7145690507991858,0.2589902747201898,0.02026836479441209,0.5290155435891177,1407.81,6.320965869314545,112.34714673913044,True,True,True,False,False,C,MID,1.0,True
245.9463308749837,2.1079,Wodymidaj,0.21425604820251465,0.4412825224904012,0.279391290677377,0.01825553639350908,0.5601534333606223,1579.17,2.230249122986977,112.34714673913044,False,False,False,False,False,C,MID,0.65,False
246.0407575829886,1.9045,Wodymidaj,0.16782867908477783,0.3224232226567022,0.27575214955023497,0.019704585492996227,0.5652583802204556,1609.19,4.216658164415355,112.34714673913044,False,False,False,False,False,C,MID,0.42250000000000004,False
246.1335300419596,2.5804,Wodymidaj,0.22916418313980103,0.3447910320229181,0.26527585278881505,0.027821297681962037,0.5732015041075451,1657.04,4.234205666992983,112.34714673913044,False,False,False,False,False,C,MID,0.27462500000000006,False
246.22823637496913,5.2445,Wodymidaj,0.18185973167419434,0.3223413859215444,0.2927287457108885,0.034952096622218584,0.6023162730666081,1844.92,2.5304830364884223,112.34714673913044,False,False,False,False,False,C,MID,0.2630635031440643,False
246.31761624995852,0.9397,Wodymidaj,0.1642684042453766,0.3211950428852399,0.22718666892080683,0.021318652930548566,0.5707725301447802,1642.26,2.706552140899589,112.34714673913044,False,False,False,False,False,C,MID,0.25904456308555857,False
246.41166120796697,1.9068,Wodymidaj,0.32392361760139465,0.8134122606285995,0.3221007018335435,0.030611850258483345,0.5493153350997132,1517.28,4.630257041130154,112.34714673913044,False,False,False,False,False,C,MID,0.265718189679124,False
246.5009693329921,0.9382,Wodymidaj,0.23706093430519104,0.3965464893542688,0.37384581493045677,0.037033651663563975,0.5771344400298277,1681.26,3.0596195515308993,112.34714673913044,False,False,False,False,False,C,MID,0.26747525366779384,False
246.59905129199615,4.2787,Wodymidaj,0.15870003402233124,0.3211287428449853,0.25860919723778736,0.02103763082639989,0.5371338561015594,1450.61,2.4648744404529905,112.34714673913044,False,False,False,False,False,C,MID,0.26257280764338936,False
246.68997591699008,2.235,Wodymidaj,0.22167417407035828,0.32855594988711817,0.23891636076336029,0.023850516901508217,0.6110533075196604,1905.35,3.63671932529063,112.34714673913044,True,True,False,True,False,C,MID,1.0,False
246.7852031670045,2.559,Wodymidaj,0.20040741562843323,0.26399177278802055,0.31007094904021715,0.03348325080113605,0.6044026772340733,1859.17,2.3223925930238467,112.34714673913044,False,False,False,False,False,C,MID,0.65,False
246.87535495799966,5.6944,Wodymidaj,0.15573106706142426,0.33824036581082045,0.2481596238421543,0.026258010212629836,0.6589706297423492,2273.74,2.673609327343534,112.34714673913044,False,False,False,False,False,C,MID,0.42250000000000004,False
246.96567266696366,2.1936,Wodymidaj,0.30170202255249023,0.6870010531195883,0.2972027844843793,0.04216455252665924,0.7221633519160544,2870.64,5.663311990412961,112.34714673913044,True,True,True,False,False,C,MID,1.0,True
247.05795108299935,1.9657,Wodymidaj,0.22530817985534668,0.5727151269087554,0.3155056710504647,0.04184775890530524,0.5828258386444338,1716.93,2.5875682852464768,112.34714673913044,False,False,False,False,False,C,MID,0.65,False
247.15130087500438,3.9536,Wodymidaj,0.22802099585533142,0.3826904184976229,0.29695284095943314,0.05164537266225273,0.5847999518566609,1729.48,2.349089339823766,112.34714673913044,False,False,False,False,False,C,MID,0.42250000000000004,False
247.24775095796213,5.4795,Wodymidaj,0.22341091930866241,0.3705689617976439,0.29261230722959086,0.05759921676295211,0.5902771556390871,1764.78,2.342371538290944,112.34714673913044,False,False,False,False,False,C,MID,0.27462500000000006,False
247.33749779197387,4.452,Wodymidaj,0.2029511034488678,0.40397521512561074,0.24999615800223798,0.043501940653354616,0.5859522532563983,1736.84,3.8113028078092315,112.34714673913044,False,False,False,False,False,C,MID,0.26462703513012836,False
247.43337920797057,1.796,Wodymidaj,0.18365061283111572,0.3644482458038296,0.2687947635481101,0.02223880393154065,0.5673009834335804,1621.36,3.1465654275716144,112.34714673913044,False,False,False,False,False,C,MID,0.26185697773189837,False
247.52670737495646,1.9345,Wodymidaj,0.2894085943698883,0.7764859523890764,0.31538988069033164,0.030874999241388323,0.5963721487786691,1804.9,6.737307406647687,112.34714673913044,False,False,False,False,False,C,MID,0.2666388261130267,False
247.61832154198783,5.0998,Wodymidaj,0.31158146262168884,0.30897194006961104,0.39358278520516815,0.03240586155013152,0.5727275123316453,1654.15,3.4888361077880834,112.34714673913044,False,False,False,False,False,C,MID,0.27269663719611487,False
247.7100751249818,3.8593,Wodymidaj,0.24347642064094543,0.25924016843827,0.41955551345498626,0.03102376687167522,0.557098976697308,1561.48,2.1821387705783963,112.34714673913044,False,False,False,False,False,C,MID,0.2745578484448495,False
247.80214391695336,4.328,Wodymidaj,0.2422097772359848,0.23386619928248756,0.3417125598830209,0.030968929885117423,0.582177783577723,1712.83,4.187155723400788,112.34714673913044,False,False,False,False,False,C,MID,0.27624221858959397,False
247.89689191698562,10.7611,Wodymidaj,0.15566913783550262,0.23939239011416155,0.28472872831178725,0.01557304265094526,0.5775833011463319,1684.04,3.041375708558944,112.34714673913044,False,False,False,False,False,C,MID,0.269503554613328,False
247.98868566699093,2.8028,Wodymidaj,0.22702684998512268,0.22383893672968125,0.1835402773454652,0.011878519533747451,0.600246839159149,1830.89,4.160618779560743,112.34714673913044,True,True,False,True,False,C,MID,1.0,False
248.0799092919915,4.4029,Wodymidaj,0.34490638971328735,0.8041778490713795,0.45409510414509197,0.04756299466049599,0.670148089443591,2369.45,9.54583195445654,112.34714673913044,True,True,True,False,False,C,MID,1.0,True
248.17839912499767,3.4778,Wodymidaj,0.2703792154788971,0.4820897220159202,0.3996716585028938,0.03341280665995237,0.5978437351245846,1814.73,2.5264650743129677,112.34714673913044,False,False,False,False,False,C,MID,0.65,False
248.27082883298863,3.5675,Wodymidaj,0.22001653909683228,0.47656479661198503,0.3166723510537,0.01815651621552022,0.5437437708542773,1486.42,2.694357143479037,112.34714673913044,False,False,False,False,False,C,MID,0.42250000000000004,False
248.3602374579641,3.4822,Wodymidaj,0.15555566549301147,0.3630653996665755,0.22921769895336122,0.012179761196720443,0.5592321519809791,1573.81,2.3840240584239853,112.34714673913044,False,False,False,False,False,C,MID,0.27462500000000006,False
248.45344187499722,6.1446,Wodymidaj,0.1353248953819275,0.273342363012037,0.197014830432814,0.009212454892032797,0.5839232259919029,1723.89,2.447267391709107,112.34714673913044,False,False,False,False,False,C,MID,0.2578251680310766,False
248.55025849997764,4.066,Wodymidaj,0.13484859466552734,0.2705837177988451,0.16826750350096967,0.01021993866214857,0.5618001748297184,1588.79,3.6495179901407133,112.34714673913044,False,False,False,False,False,C,MID,0.24493390962952274,False
248.63914987497265,4.1302,Wodymidaj,0.10300077497959137,0.21413403052006943,0.1771437524464228,0.008129064015365058,0.5465304076379657,1501.77,2.330561722788084,112.34714673913044,False,False,False,False,False,C,MID,0.2326872141480466,False
248.73062891699374,4.2962,Wodymidaj,0.081013023853302,0.16270392406622317,0.08764149467436501,0.0075649993013043385,0.6552630646964316,2242.85,3.024714770351219,112.34714673913044,False,False,False,False,False,C,MID,0.22105285344064426,False
248.82624012499582,3.7015,Wodymidaj,0.10161195695400238,0.19125747492350836,0.1497737738560622,0.005187530368895073,0.5145483869593205,1334.65,3.121127335562163,112.34714673913044,False,False,False,False,False,C,MID,0.21627476444274593,False
248.92052270798013,4.9913,Wodymidaj,0.08497079461812973,0.17345709926803357,0.11940625917130195,0.006266031022788099,0.5599951424966976,1578.25,2.4102474919749537,112.34714673913044,False,False,False,False,False,C,MID,0.20842551056389222,False
249.0090001669596,4.9825,Wodymidaj,0.10341507941484451,0.1718537122862851,0.09288304029725401,0.004693529473932138,0.5554061908737066,1551.76,2.9158435537142777,112.34714673913044,False,False,False,False,False,C,MID,0.20452273854499675,False
249.10522045800462,4.3463,Wodymidaj,0.1602393537759781,0.264885200152253,0.18536799092301576,0.0059382595539769645,0.5118170688043417,1321.27,8.322877880344722,112.34714673913044,True,True,True,True,False,C,MID,1.0,True
249.19521883298876,5.4591,Wodymidaj,0.20476362109184265,0.5923000506574962,0.2409392600825791,0.013483711445816478,0.563232048747259,1597.21,3.914937893745148,112.34714673913044,False,False,False,False,False,C,MID,0.65,False
249.2910692919977,3.2397,Wodymidaj,0.16827870905399323,0.673199309723181,0.15928437881450044,0.010555254482699544,0.5349441787155658,1438.94,2.216181441875742,112.34714673913044,False,False,False,False,False,C,MID,0.42250000000000004,False
249.3859380419599,5.1308,Wodymidaj,0.12416151165962219,0.44482989425619807,0.10809091037310471,0.009904731354753955,0.5343375354755562,1435.72,2.615964296123065,112.34714673913044,False,False,False,False,False,C,MID,0.27462500000000006,False
249.4744860419887,4.3572,Wodymidaj,0.11994283646345139,0.47369565085234666,0.11063312207124412,0.009559552385719308,0.5257545392530064,1390.98,3.444490700340124,112.34714673913044,False,False,False,False,False,C,MID,0.2074740448429231,False
249.56872541696066,3.7918,Wodymidaj,0.13584184646606445,0.2839479541821154,0.16471121118005466,0.0105629538206976,0.530019085057212,1413.03,2.6242407309964038,112.34714673913044,False,False,False,False,True,D,MID,0.20689161853827706,False
249.6634157919907,2.5087,Wodymidaj,0.11983691900968552,0.3208956995568323,0.14720562910800575,0.011674406105907989,0.5452728086608737,1494.82,2.3368482708710516,112.34714673913044,False,False,False,False,False,D,LOW,0.0,False
249.75552145799156,3.8289,Wodymidaj,0.10037903487682343,0.38599590198440753,0.10331352744765418,0.01127291321994322,0.5406981208739992,1469.81,2.3354756727261905,112.34714673913044,False,False,False,False,False,D,LOW,0.0,False
249.84458587499103,5.1729,Wodymidaj,0.09015603363513947,0.2690796459477121,0.1102828346628138,0.007600580328828351,0.529210088861037,1408.82,3.051346642771321,112.34714673913044,False,False,False,False,False,D,LOW,0.0,False
249.94146108295536,17.6867,Wodymidaj,0.10140983015298843,0.22073922044253666,0.11006297055546407,0.007161978939731479,0.5381918413021848,1456.28,2.5536809507316174,112.34714673913044,False,False,False,False,False,D,LOW,0.0,False
250.03276937495684,5.8573,Wodymidaj,0.08070399612188339,0.2752925777958181,0.1147326993681694,0.00796691055034887,0.5220637114032886,1372.17,2.708370114731839,112.34714673913044,False,False,False,False,False,D,LOW,0.0,False
250.12608262500726,3.3803,Wodymidaj,0.03558967635035515,0.11296530575443847,0.07627689144983579,0.005514163387839688,0.540042074295359,1466.26,2.5852176362617185,112.34714673913044,False,False,False,False,False,D,LOW,0.0,False
250.21789720800007,2.0393,Wodymidaj,0.0,0.0038290988644641265,0.001075211514693777,7.396076536069213e-05,0.13453514396065513,328.52,0.0,112.34714673913044,False,False,False,False,False,D,LOW,0.0,False
250.31085220800014,3.8884,Wodymidaj,0.0,0.0,0.0,0.0,0.0,200.0,0.0,112.34714673913044,False,False,False,False,False,D,LOW,0.0,False
250.4044888750068,3.574,Wodymidaj,0.0,0.0,0.0,0.0,0.0,200.0,0.0,112.34714673913044,False,False,False,False,False,D,LOW,0.0,False
250.49758679198567,4.2046,Wodymidaj,0.0,0.0,0.0,0.0,0.0,200.0,0.0,112.34714673913044,False,False,False,False,False,D,LOW,0.0,False
250.59010887495242,4.9061,Wodymidaj,0.0,0.0,0.0,0.0,0.0,200.0,0.0,112.34714673913044,False,False,False,False,False,D,LOW,0.0,False
250.6864760830067,5.0224,Wodymidaj,0.0,0.0,0.0,0.0,0.0,200.0,0.0,112.34714673913044,False,False,False,False,False,D,LOW,0.0,False
250.77737974998308,3.706,Wodymidaj,0.0,0.0,0.0,0.0,0.0,200.0,0.0,112.34714673913044,False,False,False,False,False,D,LOW,0.0,False
250.8662832499831,4.7715,Wodymidaj,0.0,0.0,0.0,0.0,0.0,200.0,0.0,112.34714673913044,False,False,False,False,False,D,LOW,0.0,False
250.96154200000456,6.0558,Wodymidaj,0.0,0.0,0.0,0.0,0.0,200.0,0.0,112.34714673913044,False,False,False,False,False,D,LOW,0.0,False
251.0527592919534,4.7083,Wodymidaj,0.0,0.0,0.0,0.0,0.0,200.0,0.0,112.34714673913044,False,False,False,False,False,D,LOW,0.0,False
251.14778124995064,4.9834,Wodymidaj,0.0,0.0,0.0,0.0,0.0,200.0,0.0,112.34714673913044,False,False,False,False,False,D,LOW,0.0,False
251.23869037500117,4.8779,Wodymidaj,0.0,0.0,0.0,0.0,0.0,200.0,0.0,112.34714673913044,False,False,False,False,False,D,LOW,0.0,False
251.335990416992,3.9458,Wodymidaj,0.0,0.0,0.0,0.0,0.0,200.0,0.0,112.34714673913044,False,False,False,False,False,D,LOW,0.0,False
251.42850166698918,4.38,Wodymidaj,0.0,0.0,0.0,0.0,0.0,200.0,0.0,112.34714673913044,False,False,False,False,False,D,LOW,0.0,False
251.517327791953,2.0517,Wodymidaj,0.0,0.0,0.0,0.0,0.0,200.0,0.0,112.34714673913044,False,False,False,False,False,D,LOW,0.0,False
