timestamp,processing_time_ms,track_id,rms,rms_bass,rms_mid,rms_high,spectral_centroid,spectral_centroid_hz,onset_strength,bpm,is_beat,is_raw_beat,is_beat_bass,is_beat_high,is_section_boundary,current_section,energy_state,dimmer,strobe_bass
104.95356287498726,3.7936,Less_Than_Zero,0.12757417559623718,0.025820351051084905,0.007228931887745825,0.0007446250857057161,0.22054126142045222,451.18,71.16890208141322,120.0,False,False,False,False,False,A,LOW,0.0,False
105.0469436669955,3.8669,Less_Than_Zero,0.37060680985450745,1.045775217803916,0.2282072420267733,0.0405191334862464,0.6255928089670226,2010.33,15.59906420864645,120.0,False,False,False,False,False,A,LOW,0.0,False
105.14064808300463,2.6727,Less_Than_Zero,0.33976835012435913,1.4456841563398461,0.22076732670160804,0.07942787258197917,0.7848835563004412,3617.93,2.2491470122322195,120.0,False,False,False,False,False,A,LOW,0.0,False
105.23251995799365,1.6381,Less_Than_Zero,0.43897008895874023,1.5153047339635874,0.18781304833775772,0.03569299052361528,0.656394700049214,2252.23,2.5561172836078083,120.0,False,False,False,False,False,A,LOW,0.0,False
105.3249051249586,3.0911,Less_Than_Zero,0.4171639084815979,2.2647170747031633,0.1490801282122763,0.042339174126233746,0.6051171848700098,1864.08,5.702192354608695,120.0,False,False,False,False,False,A,LOW,0.0,False
105.4198144999682,1.861,Less_Than_Zero,0.2305234968662262,0.6270876453737361,0.20930620321658464,0.03731844866026985,0.6005033318414842,1832.62,3.5318723667749357,120.0,False,False,False,False,False,A,LOW,0.0,False
105.51449545798823,1.9892,Less_Than_Zero,0.5081104636192322,2.0854369580899714,0.1943916600662553,0.04480104472545516,0.6343969693815639,2076.69,5.739653367105649,120.0,False,False,False,False,False,A,LOW,0.0,False
105.60678412497509,2.205,Less_Than_Zero,0.14933334290981293,0.8410336748039491,0.21879924928404007,0.037686091299343076,0.632473797192476,2062.01,2.836250198693426,120.0,False,False,False,False,False,A,LOW,0.0,False
105.698915499961,2.0675,Less_Than_Zero,0.2971937358379364,0.8476142154434146,0.18819436610436627,0.03812268143088254,0.6649034551725669,2324.05,6.818341462981712,120.0,False,False,False,False,False,A,LOW,0.0,False
105.79099704197142,2.3847,Less_Than_Zero,0.2832047641277313,1.1199767710608497,0.2180172128917398,0.04430316207905538,0.6224864850975482,1987.42,3.0665755719235444,120.0,False,False,False,False,False,A,LOW,0.0,False
105.88521008298267,4.1004,Less_Than_Zero,0.3904249668121338,1.3723046921910984,0.22081257772385038,0.04706840713144728,0.6172510470321659,1949.41,6.743558555783932,120.0,False,False,False,False,False,A,LOW,0.0,False
105.97815308300778,5.6496,Less_Than_Zero,0.36836227774620056,1.4955717606313996,0.21186640898996037,0.08643547501824972,0.7723495148490227,3454.46,2.2434650669799536,120.0,False,False,False,False,False,A,LOW,0.0,False
106.07036104198778,3.4719,Less_Than_Zero,0.3046360909938812,1.263936592429362,0.2269171159485199,0.040274455668884844,0.6453983524813857,2162.7,3.6752084979552166,120.0,False,False,False,False,False,A,LOW,0.0,False
106.16426945797866,5.1268,Less_Than_Zero,0.32288774847984314,1.2691275117214829,0.2518342368379625,0.04913197734159642,0.6541769388261599,2233.88,4.063567399049071,120.0,False,False,False,False,False,A,LOW,0.0,False
106.25454891700065,4.7255,Less_Than_Zero,0.3109104335308075,1.2403628768127493,0.19118363623428328,0.04414005109879535,0.6176073650809014,1951.97,2.59030585927768,120.0,False,False,False,False,False,A,LOW,0.0,False
106.34989462496014,2.9962,Less_Than_Zero,0.5019596219062805,2.0774945988058984,0.18602952609592255,0.04582615483521921,0.601853568018016,1841.77,5.177317309310872,120.0,False,False,False,False,False,A,MID,0.2144980206448842,False
106.43990283296444,3.2509,Less_Than_Zero,0.21731120347976685,0.9582164661205239,0.2389965543373468,0.03889118327590452,0.6344678661899487,2077.23,2.6995733062543152,120.0,False,False,False,False,False,A,MID,0.21736748932361372,False
106.53546933300095,2.4596,Less_Than_Zero,0.33462822437286377,1.081631891617195,0.21806313060640592,0.0430531780433886,0.6590228795348742,2274.18,2.5053606660032943,120.0,False,False,False,False,False,A,MID,0.22304071292622882,False
106.62881862500217,3.392,Less_Than_Zero,0.37954217195510864,1.507824635864137,0.2210485508632596,0.04434583631993316,0.6274947296133431,2024.48,2.778795155128941,120.0,False,False,False,False,False,A,MID,0.2294048794941594,False
106.71834095800295,3.696,Less_Than_Zero,0.3336167335510254,1.1249962728908147,0.26201940037845756,0.04338549982403265,0.6353999154251705,2084.39,6.761056592369492,120.0,False,False,False,False,False,A,MID,0.234453487192262,False
106.81231999996817,4.0391,Less_Than_Zero,0.34625712037086487,1.4189253014843424,0.2347233752278233,0.08254726894311373,0.7810989001249898,3567.77,2.5707068531806465,120.0,False,False,False,False,False,A,MID,0.23953127255755363,False
106.9082771249814,8.4256,Less_Than_Zero,0.38455694913864136,1.528445902844237,0.18835610269566821,0.047835319648724325,0.6915674598801026,2564.26,3.257720529257144,117.45383522727273,False,False,False,False,False,A,MID,0.2451757329606606,False
106.99696716695325,4.9204,Less_Than_Zero,0.39575138688087463,1.6005695983268395,0.2350599168816698,0.05411367659675051,0.6859795327353079,2511.95,2.52290616837465,117.45383522727273,False,False,False,False,False,A,MID,0.2507693044120327,False
107.09232741699088,4.0373,Less_Than_Zero,0.3700522780418396,1.5011600652291068,0.2281931315469617,0.05272582101027122,0.6491489714753924,2192.83,2.665200766216253,117.45383522727273,False,False,False,False,False,A,MID,0.25554659025522775,False
107.18655558297178,3.9217,Less_Than_Zero,0.5140448212623596,2.1873237385273168,0.17902962724234397,0.05241311144414167,0.6622564124370391,2301.47,6.360576739535447,117.45383522727273,False,False,False,False,False,A,MID,0.26276926074246637,False
107.27478379197419,3.6069,Less_Than_Zero,0.1614614576101303,1.0079567912198004,0.18732793032208664,0.05175112920306212,0.7116265667312357,2761.2,2.6618070608850237,117.45383522727273,False,False,False,False,False,A,MID,0.2614455463571682,False
107.36953520798124,4.1247,Less_Than_Zero,0.300904780626297,0.8915860244035345,0.20619299900115137,0.05701753435957339,0.7108339752717843,2753.14,5.809791019285077,117.45383522727273,False,False,False,False,False,A,MID,0.2640521656174112,False
107.45966541697271,4.3555,Less_Than_Zero,0.2565210163593292,0.9693605540389103,0.23253651202091077,0.059523346623411424,0.6869832563000625,2521.26,2.542480198014972,117.45383522727273,False,False,False,False,False,A,MID,0.26543141002328563,False
107.5530364579754,2.6487,Less_Than_Zero,0.3537949323654175,0.9852950227010926,0.22658389469777335,0.058281633046907276,0.685374715106355,2506.35,6.651603826987387,117.45383522727273,False,False,False,False,False,A,MID,0.26903625766907846,False
107.64816691697342,4.7424,Less_Than_Zero,0.3268975019454956,1.3834478079897985,0.23445192755726324,0.09397266010563662,0.7737212126661522,3471.98,3.6598227747373144,117.45383522727273,False,False,False,False,False,A,MID,0.2718650739313943,False
107.73924033297226,4.1807,Less_Than_Zero,0.3028842806816101,1.2194228432992682,0.19951188001798084,0.05197460158646233,0.6841227779810118,2494.8,2.3034840904266285,117.45383522727273,False,False,False,False,False,A,MID,0.27399751639738573,False
107.83582370798104,3.8049,Less_Than_Zero,0.29080185294151306,1.0671623799118075,0.2195358175663246,0.04899603690770114,0.6484576277778349,2187.25,3.7877381310780343,117.45383522727273,False,False,False,False,False,A,MID,0.2757350248326753,False
107.92923633300234,4.8379,Less_Than_Zero,0.27083614468574524,1.1286839660652532,0.20459487916019434,0.04507847378390593,0.5985517275360028,1819.47,2.7232206971029806,117.45383522727273,False,False,False,False,False,A,MID,0.2768945344214533,False
108.01718454196816,5.218,Less_Than_Zero,0.3054603040218353,0.5827181440705457,0.3609821529570919,0.06868087321669843,0.6522590187588018,2218.14,4.877538916519603,117.45383522727273,False,False,False,False,False,A,MID,0.278836157399097,False
108.1120635829866,4.6461,Less_Than_Zero,0.2634025812149048,0.18171238289664718,0.3672628809567217,0.044174548748368445,0.6426216993319719,2140.66,3.1115714495776925,117.45383522727273,False,False,False,False,False,A,MID,0.2796527282050174,False
108.20706149999751,4.4349,Less_Than_Zero,0.262764036655426,0.0935645956639175,0.39422091219813016,0.0524397532940352,0.6776396010856185,2435.84,2.173557796273572,117.45383522727273,False,False,False,False,False,A,MID,0.28041219721118676,False
108.29857708298368,4.0379,Less_Than_Zero,0.2919290065765381,0.04613769268541006,0.3942593938405753,0.06795998857691109,0.6816411868131662,2472.07,2.3835172051088143,117.45383522727273,False,False,False,False,False,A,MID,0.28185614091281647,False
108.39402124995831,4.5092,Less_Than_Zero,0.2760727107524872,0.044471468340185484,0.4112001449763192,0.06974506143028918,0.6892196859322494,2542.15,2.5988770879855814,117.45383522727273,False,False,False,False,False,A,MID,0.28284026483310876,False
108.48332937498344,3.7475,Less_Than_Zero,0.19666709005832672,0.22031676050907784,0.32561436482779377,0.06483707339346134,0.6879936826775617,2530.68,3.2146518580429935,117.45383522727273,False,False,False,False,False,A,MID,0.2816212155676978,False
108.57891958300024,3.4677,Less_Than_Zero,0.136422261595726,0.28049986202000743,0.14184231722422214,0.03185558740441278,0.699893135950548,2644.24,3.4597533792695123,117.45383522727273,False,False,False,False,False,A,MID,0.2784837294023185,False
108.67198008298874,3.6928,Less_Than_Zero,0.26705554127693176,0.126242534721104,0.308464673832071,0.06679939393414334,0.7688385842787836,3410.01,5.032769769857932,117.45383522727273,False,False,False,False,False,A,MID,0.2794106060429398,False
108.76420691696694,3.3596,Less_Than_Zero,0.2602006793022156,0.266566086112609,0.3528505686113111,0.07453112166513264,0.7132437387938267,2777.73,2.423503821670916,117.45383522727273,False,False,False,False,False,A,MID,0.28011663611952076,False
108.85723066696664,4.6141,Less_Than_Zero,0.2280908077955246,0.09801498152652093,0.32582834346675693,0.06244685120810173,0.7139806200002704,2785.29,2.614387883938081,117.45383522727273,False,False,False,False,False,A,MID,0.2799344945475487,False
108.94702799996594,7.097,Less_Than_Zero,0.2373669445514679,0.06031483460870886,0.3286875745683318,0.07326664749717367,0.6984525768220508,2630.23,3.497869759754821,130.50426136363637,False,False,False,False,False,A,MID,0.2800142246708944,False
109.0385014579515,2.8636,Less_Than_Zero,0.20828182995319366,0.055391509493191736,0.2927007598867495,0.07490609420174538,0.6936367924762462,2583.91,2.748760852260388,130.50426136363637,False,False,False,False,False,A,MID,0.2792779640416654,False
109.132850916998,4.3227,Less_Than_Zero,0.11260411888360977,0.11483362478190628,0.20978709253665306,0.030447602646493915,0.6406741343030441,2125.34,3.291766495869979,130.50426136363637,False,False,False,False,False,A,MID,0.27534361682359937,False
109.22667191695655,3.5735,Less_Than_Zero,0.1857447773218155,0.06920965385419207,0.13327522135851178,0.03918464160012783,0.7169769295481012,2816.24,5.936327279626241,130.50426136363637,False,False,False,False,False,A,MID,0.2741680833202211,False
109.32264287496218,4.3781,Less_Than_Zero,0.2674976885318756,0.23276886495005808,0.34547685561331887,0.09381952255318504,0.7325956206864136,2983.27,3.178797301025927,130.50426136363637,False,False,False,False,False,A,MID,0.2753219135780641,False
109.41633874998661,5.1663,Less_Than_Zero,0.2963155210018158,0.2111083424540229,0.3596874471098288,0.08138757413209578,0.6772578878576627,2432.42,3.518361561414801,130.50426136363637,False,False,False,False,False,A,MID,0.27712556457971943,False
109.50762845796999,3.1586,Less_Than_Zero,0.31383368372917175,0.04768372689921254,0.41833987065607603,0.08997596114912068,0.692413139232062,2572.27,2.0852870163558888,130.50426136363637,False,False,False,False,False,A,MID,0.27925088622096306,False
109.59893687500153,4.8292,Less_Than_Zero,0.2633240818977356,0.04361787284992612,0.39097185773019594,0.09636197040835506,0.6986831805045425,2632.46,2.737316638849269,130.50426136363637,False,False,False,False,False,A,MID,0.28004472119759405,False
109.68872166698566,2.1075,Less_Than_Zero,0.2702469527721405,0.05837212273742448,0.3321278110735805,0.09215656997596876,0.7140272444153394,2785.76,4.440696016305823,130.50426136363637,False,False,False,False,False,A,MID,0.2809739576796806,False
109.7819973329897,4.2216,Less_Than_Zero,0.26032063364982605,0.13117622428010112,0.342111018105024,0.10622077006461993,0.695301189264972,2599.83,2.5340546984193177,130.50426136363637,False,False,False,False,False,A,MID,0.2816048952413904,False
109.87853241700213,4.1183,Less_Than_Zero,0.20306065678596497,0.07025658714404429,0.23060698612692074,0.08799216856908373,0.718456734848866,2831.66,4.381574015814971,130.50426136363637,False,False,False,False,False,A,MID,0.2806369128674011,False
109.97205595800187,4.7176,Less_Than_Zero,0.24312962591648102,0.27669425862410907,0.2517798596952339,0.10419397963798434,0.7274464372194099,2927.14,2.7502739459408656,130.50426136363637,False,False,False,False,False,A,MID,0.2808358432571514,False
110.06580674997531,5.2816,Less_Than_Zero,0.24447445571422577,0.2264996414856558,0.2235755462363735,0.12720091306519268,0.7494697355341843,3174.87,2.495454759781199,130.50426136363637,False,False,False,False,False,A,MID,0.2810605528943234,False
110.15776941698277,5.3541,Less_Than_Zero,0.24119210243225098,0.04179888349658412,0.20880927147549472,0.12733904929618725,0.7621696010067162,3327.14,2.2979285574218857,130.50426136363637,False,False,False,False,False,A,MID,0.28118664040870783,False
110.24630087497644,3.7382,Less_Than_Zero,0.24428363144397736,0.040565158844559676,0.258373378989532,0.12617139311312311,0.7502737311008026,3184.3,3.0560242022954385,130.50426136363637,False,False,False,False,False,A,LOW,0.0,False
110.34188370796619,1.9401,Less_Than_Zero,0.2369014173746109,0.15588237894503051,0.22189491626405103,0.12315851647610984,0.7449087670337056,3121.9,3.7755766283027112,130.50426136363637,False,False,False,False,False,A,LOW,0.0,False
110.43718483299017,4.276,Less_Than_Zero,0.22709371149539948,0.23111848596767717,0.2580082164838079,0.11138507167392749,0.7262476420933098,2914.22,4.945680808553302,130.50426136363637,False,False,False,False,False,A,LOW,0.0,False
110.52520541695412,4.7936,Less_Than_Zero,0.30476778745651245,0.08903186870438992,0.39088251902339055,0.07030372297088137,0.7054391046396123,2698.89,6.399025973423822,130.50426136363637,False,False,False,False,False,A,LOW,0.0,False
110.62301512499107,4.3547,Less_Than_Zero,0.3029279410839081,0.17288698781922351,0.4290710889579391,0.06295965502144596,0.7040637908780453,2685.24,2.6401370317797612,130.50426136363637,False,False,False,False,False,A,MID,0.28441028459761036,False
110.71343241696013,3.7248,Less_Than_Zero,0.35149016976356506,0.08958961590281016,0.4550176788037045,0.057317973333568376,0.686361763620031,2515.49,3.2353582856493603,130.50426136363637,False,False,False,False,False,A,MID,0.28701612680361754,False
110.80615604197374,4.0801,Less_Than_Zero,0.26311564445495605,0.04274290074521962,0.47018137012251093,0.05575929599753891,0.7011166207306196,2656.2,2.6467336842095572,130.50426136363637,False,False,False,False,False,A,MID,0.28741638924308055,False
110.89972612500424,3.6839,Less_Than_Zero,0.2939646244049072,0.05593440823110378,0.34910129480507857,0.04200629825105698,0.6447827886074351,2157.8,6.294773825225724,130.50426136363637,False,False,False,False,False,A,MID,0.28855904599242327,False
110.99310004198924,13.2976,Less_Than_Zero,0.36141154170036316,0.1405613244291716,0.5283631247366821,0.06797774548667136,0.6867306051061233,2518.92,2.963105726145372,143.5546875,False,False,False,False,False,A,MID,0.2911716986693507,False
111.08366145798936,4.6987,Less_Than_Zero,0.3136143982410431,0.061281613868515716,0.4610971500587176,0.07638914583638733,0.7122426687107687,2767.49,3.723683743973579,143.5546875,False,False,False,False,False,A,MID,0.2925896367986628,False
111.1770279170014,4.173,Less_Than_Zero,0.31590577960014343,0.035162834253473614,0.4348092767523314,0.0885731183517131,0.6969440450017301,2615.63,3.4932272823993262,143.5546875,False,False,False,False,False,A,MID,0.2939896319229571,False
111.26883462496335,4.5881,Less_Than_Zero,0.3366663455963135,0.03198286100646621,0.43225518406338104,0.09651067215523988,0.6863012769166846,2514.93,2.2644218428299485,143.5546875,False,False,False,False,False,A,MID,0.2957901508425385,False
111.36492516699946,3.1827,Less_Than_Zero,0.5191167593002319,1.497437762217529,0.42590313917675693,0.07696481570904487,0.67372352727931,2400.91,6.775367974812148,143.5546875,False,False,False,False,False,A,MID,0.3010006433004116,False
111.45916941697942,4.0844,Less_Than_Zero,0.269862562417984,1.4168720361064342,0.29436281953007265,0.07904389880706691,0.7298343834136919,2953.03,2.7295073173751936,143.5546875,False,False,False,False,False,A,MID,0.30080598019159144,False
111.54673483298393,3.2297,Less_Than_Zero,0.3729737401008606,0.7114746228200908,0.42231970442656647,0.0776099065717248,0.712621982307608,2771.36,2.326128525945609,143.5546875,False,False,False,False,False,A,MID,0.3029749837765724,False
111.64102695795009,5.0162,Less_Than_Zero,0.39740240573883057,1.1933689821045455,0.4082299302940146,0.06671673684718651,0.68539177269188,2506.51,2.049080911914366,143.5546875,False,False,False,False,False,A,MID,0.30553902625836726,False
111.73741604195675,3.8397,Less_Than_Zero,0.4215339124202728,1.3328480646644059,0.36215352703772485,0.0718500485863793,0.6767529881567247,2427.89,2.206627271965801,143.5546875,False,False,False,False,True,B,HIGH,0.30845591196303407,False
111.8295097919763,4.1053,Less_Than_Zero,0.33381229639053345,1.2899732187747437,0.3528474094000618,0.09485861902975976,0.741913360998715,3087.59,4.570957785402038,143.5546875,False,False,False,False,False,B,HIGH,0.30939619898165605,False
111.91838624997763,0.9645,Less_Than_Zero,0.2938590943813324,0.6491455625792453,0.35914384294356216,0.08189055729744386,0.7167145202103398,2813.52,3.016497163097339,143.5546875,False,False,False,False,False,B,HIGH,0.3093682641079596,False
112.01144375000149,1.539,Less_Than_Zero,0.5153300166130066,1.9123755533465807,0.30253859013421336,0.06787747639651233,0.6574355187615226,2260.9,4.87481155577014,143.5546875,False,False,False,False,False,B,HIGH,0.31383340404343063,False
112.105927083001,4.3058,Less_Than_Zero,0.28985506296157837,0.8407921190206418,0.3858558479555591,0.07132959003800358,0.6956488973368076,2603.16,2.224461910491133,143.5546875,False,False,False,False,False,B,HIGH,0.3134876118487107,False
112.1989544579992,4.841,Less_Than_Zero,0.5054291486740112,1.424994141793759,0.34591280516167133,0.07935884315639602,0.6751737281578916,2413.79,3.6468172954972835,143.5546875,False,False,False,False,False,B,HIGH,0.3175717827114625,False
112.29164441698231,5.2812,Less_Than_Zero,0.2964201867580414,1.4870615491917438,0.33143190920555915,0.07349438240762515,0.6826908629151339,2481.66,2.8042066149699645,143.5546875,False,False,False,False,False,B,HIGH,0.31719609741455584,False
112.38568812498124,5.2812,Less_Than_Zero,0.2910006046295166,0.43814965160848324,0.37673429748223874,0.07997633494973926,0.6897070425683378,2546.73,2.920496410819454,143.5546875,False,False,False,False,False,B,HIGH,0.3167097085043457,False
112.47774283296894,2.6628,Less_Than_Zero,0.3927314877510071,1.0822881995708236,0.37486908467720376,0.07430843499261218,0.660171875631798,2283.84,3.12311597456176,143.5546875,False,False,False,False,False,B,HIGH,0.318492077976065,False
112.57048537500668,4.9867,Less_Than_Zero,0.4075806140899658,1.2914795616459995,0.36868489212247313,0.05943635759373076,0.6514983183493271,2211.92,2.2378367722556756,143.5546875,False,False,False,False,False,B,HIGH,0.32048505191886406,False
112.66397474997211,5.3213,Less_Than_Zero,0.3823806345462799,1.453262944021548,0.3521924034667441,0.08757964145700475,0.7344501876778967,3003.75,3.9033779096634467,143.5546875,False,False,False,False,False,B,HIGH,0.3218660537973001,False
112.75435862498125,3.8165,Less_Than_Zero,0.30970272421836853,1.078445533626306,0.2887144171172399,0.06351537511355611,0.6963629961040897,2610.03,2.370843868055977,143.5546875,False,False,False,False,False,B,HIGH,0.32158764739438755,False
112.8478178329533,4.504,Less_Than_Zero,0.3401729166507721,1.0718433964142378,0.3018069813467989,0.04951545373244575,0.6334061558437329,2069.12,3.1525052219205434,143.5546875,False,False,False,False,False,B,HIGH,0.32201234104996274,False
112.94045474997256,3.379,Less_Than_Zero,0.31735900044441223,1.1583438237208716,0.307744109359136,0.042587585549784576,0.5926714270761482,1780.43,2.534914341639918,143.5546875,False,False,False,False,False,B,HIGH,0.3219031489280319,False
113.03315183299128,13.5738,Less_Than_Zero,0.5335366129875183,1.700924895916335,0.2748705971582439,0.043989273192001556,0.5901482726312101,1763.94,4.54739436885525,143.5546875,False,False,False,False,False,B,HIGH,0.3258079914816303,False
113.1272201249958,5.7673,Less_Than_Zero,0.26675838232040405,1.710357219829508,0.26345197347702876,0.05452245889919599,0.606778081432336,1875.53,2.743284692862549,143.5546875,False,False,False,False,False,B,HIGH,0.32411214616728434,False
113.2230550419772,4.3558,Less_Than_Zero,0.2818293571472168,0.5237183092072513,0.32680269157465014,0.07083698299453946,0.6303741192801685,2046.1,2.9085064934367852,143.5546875,False,False,False,False,False,B,HIGH,0.32287027345799724,False
113.31239329196978,2.492,Less_Than_Zero,0.2843855619430542,0.7027752625888556,0.3284880276217573,0.06616449965226377,0.6275963515322852,2025.24,2.4893827819342236,143.5546875,False,False,False,False,False,B,HIGH,0.321752034188589,False
113.40758191695204,0.911,Less_Than_Zero,0.3046901524066925,0.6682417451800109,0.35171459922751985,0.05339594970288335,0.5981126909687898,1816.53,2.30660999623422,143.5546875,False,False,False,False,False,B,HIGH,0.32116817138475867,False
113.49955066695111,3.8553,Less_Than_Zero,0.37108370661735535,1.4106260394703287,0.25189882227296395,0.09739301887933748,0.74666148375853,3142.15,4.654255100531535,143.5546875,False,False,False,False,False,B,HIGH,0.3220668658338868,False
113.59155333298258,3.2034,Less_Than_Zero,0.3092333674430847,1.1465131871729302,0.19118110021955056,0.06575711715620751,0.7142237790770938,2787.79,2.3883661650723687,143.5546875,False,False,False,False,False,B,HIGH,0.32157191703594373,False
113.68423762498423,2.0649,Less_Than_Zero,0.30780330300331116,1.1826585657722397,0.21623432653173796,0.05599502249952755,0.6619218121370881,2298.63,2.7763031400418456,143.5546875,False,False,False,False,False,B,HIGH,0.32106886430517034,False
113.77872270799708,3.0518,Less_Than_Zero,0.3105317950248718,1.1902130718965447,0.19194078956892202,0.0737266358140797,0.6284070666835401,2031.31,2.7467926912544582,143.5546875,False,False,False,False,False,B,HIGH,0.32065357129894245,False
113.87267966696527,3.0582,Less_Than_Zero,0.5177109837532043,1.621101514101929,0.20329301786381726,0.06654907189791771,0.6483557084020926,2186.43,3.9394591952381357,143.5546875,False,False,False,False,False,B,HIGH,0.32434902512299535,False
113.9650701250066,3.5,Less_Than_Zero,0.23640984296798706,1.7675713833878344,0.15976124062948974,0.07247097915582142,0.663120767538778,2308.82,3.0177032059891267,143.5546875,False,False,False,False,False,B,HIGH,0.32194650679321235,False
114.05794095795136,4.2793,Less_Than_Zero,0.2846214175224304,0.38542784524961193,0.3078377387472813,0.08292521599208783,0.6484967027067015,2187.56,4.734608454982491,143.5546875,False,False,False,False,False,B,HIGH,0.320880118773323,False
114.15299137495458,4.311,Less_Than_Zero,0.2896183133125305,0.9426846746586588,0.2778266703067427,0.06379291148635774,0.6345501831764777,2077.87,2.6266540228382254,143.5546875,False,False,False,False,False,B,HIGH,0.3199864298194478,False
114.24289312498877,3.5326,Less_Than_Zero,0.3183130919933319,0.9020260148185405,0.2829776508750154,0.0585950012428454,0.6181997978886193,1956.24,2.9131292259779284,143.5546875,False,False,False,False,False,B,HIGH,0.31980217507574726,False
114.33288270799676,4.8641,Less_Than_Zero,0.34454360604286194,1.233947514156618,0.338376213467732,0.09208289933796657,0.7302869234617642,2957.97,5.712771542286416,143.5546875,False,False,False,False,False,B,HIGH,0.32020673740497196,False
114.42999354196945,3.6899,Less_Than_Zero,0.2900022864341736,0.7584668519466894,0.2764931326609051,0.07558072731685596,0.7175320838026755,2822.02,3.6803281523830456,143.5546875,False,False,False,False,False,B,HIGH,0.31935584428497676,False
114.52397716697305,3.461,Less_Than_Zero,0.31610387563705444,0.8291075166812178,0.34987042927497414,0.06703674765059636,0.6653121139884153,2327.55,3.0734912674873356,143.5546875,False,False,False,False,False,B,HIGH,0.3191531319054172,False
114.61179879197152,1.1801,Less_Than_Zero,0.31398501992225647,1.1279089898020123,0.2528730259040078,0.05349911209351068,0.6295775656823372,2040.1,2.8342899836947995,143.5546875,False,False,False,False,False,B,MID,0.3189124334389384,False
114.70421674998943,1.0209,Less_Than_Zero,0.5438271164894104,1.5473595364077688,0.32785674349857286,0.06208018015891492,0.6330978943068123,2066.76,5.749284732077259,143.5546875,False,False,False,False,False,B,MID,0.3229668117669915,False
114.80203508300474,1.1293,Less_Than_Zero,0.3673098087310791,1.8262787082263288,0.36547732016458573,0.07000008297100574,0.6532696374337918,2226.42,3.445768279607966,143.5546875,False,False,False,False,False,B,MID,0.3225616397896108,False
114.89363066700753,1.2949,Less_Than_Zero,0.3970165550708771,1.0254982269359076,0.45274552213230024,0.07045327738095866,0.6524411933932095,2219.63,2.943481622078799,143.5546875,False,False,False,False,False,B,MID,0.32298627862143525,False
114.98674112500157,1.2995,Less_Than_Zero,0.3917304575443268,1.2336821858585647,0.3895888732340599,0.06480187765063478,0.667534573650216,2346.72,2.6337049225664324,143.5546875,False,False,False,False,False,B,MID,0.32324912919666343,False
115.080198791984,4.1816,Less_Than_Zero,0.41067102551460266,1.2875801514114535,0.4022121444717074,0.07619673516732024,0.6566009687599876,2253.95,2.8053119625261034,143.5546875,False,False,False,False,False,B,MID,0.3239959984369585,False
115.16969874995993,1.7289,Less_Than_Zero,0.4286404550075531,1.450966138405018,0.41219211066616995,0.09343980854653476,0.6989340284913702,2634.9,4.846849302211381,143.5546875,False,False,False,False,False,B,MID,0.3251614995223139,False
115.26699583296431,1.6173,Less_Than_Zero,0.3702962100505829,1.2639786168643825,0.33401846916609207,0.06825066284160768,0.6997646203919572,2642.99,2.2231067407098037,143.5546875,False,False,False,False,False,B,MID,0.3247302297574441,False
115.35455208295025,2.2323,Less_Than_Zero,0.5264031887054443,1.9493488255610831,0.29919397201791964,0.06801041178503239,0.6779239970505221,2438.4,4.526103468706019,143.5546875,False,False,False,False,False,B,MID,0.32812225810941215,False
115.44773995800642,4.035,Less_Than_Zero,0.2731088101863861,1.2652926253624575,0.27947201645658,0.07708539659646307,0.715142364930793,2797.25,2.819113936026082,143.5546875,False,False,False,False,False,B,MID,0.32447855364751593,False
115.54488070798106,3.99,Less_Than_Zero,0.4785619080066681,1.1803038295590276,0.32036886107701906,0.08308701118461458,0.6891980534320957,2541.95,3.8622724550804834,143.5546875,False,False,False,False,False,B,MID,0.32681702580999045,False
115.63911912497133,4.4375,Less_Than_Zero,0.35765302181243896,1.8123584363550729,0.330604080297526,0.07271409437394583,0.6732411878987361,2396.64,2.3196946731641606,143.5546875,False,False,False,False,False,B,MID,0.3259451730945057,False
115.72880987497047,4.2353,Less_Than_Zero,0.3346385657787323,0.6486941407948104,0.427147356012466,0.07608939089535872,0.6771600613231081,2431.54,3.7798836591007525,143.5546875,False,False,False,False,False,B,MID,0.32443875733864136,False
115.82147012499627,2.0753,Less_Than_Zero,0.3744407296180725,1.2521989419108128,0.2757412726541128,0.07992158647337122,0.7108975798794838,2753.79,2.826179417410655,143.5546875,False,False,False,False,False,B,MID,0.3241588240843448,False
115.91641229199013,2.0047,Less_Than_Zero,0.3433440625667572,1.2350843229585804,0.2129643284031713,0.11403490977785309,0.7584871128012856,3282.25,3.3402439149561287,143.5546875,False,False,False,False,False,B,MID,0.32300256146247314,False
116.00612254196312,2.0071,Less_Than_Zero,0.3636375367641449,1.3785662035833803,0.2539666347212323,0.09236293617933145,0.7394538032708385,3059.7,4.694020131463351,143.5546875,False,False,False,False,False,B,MID,0.3224920203684158,False
116.09971399995266,3.8393,Less_Than_Zero,0.3441304564476013,1.0978141611731336,0.27182580089758274,0.08700495826350106,0.7369513191312885,3031.59,2.5954023030300464,143.5546875,False,False,False,False,False,B,MID,0.32144239366880745,False
116.19420045800507,3.0815,Less_Than_Zero,0.39885956048965454,1.191851500841982,0.31660092609898366,0.10525555080036911,0.6897002053899025,2546.66,3.3536257053183904,143.5546875,False,False,False,False,False,B,MID,0.3219716645542929,False
116.28860683296807,3.0508,Less_Than_Zero,0.37141233682632446,1.2636094190899256,0.2915139029855231,0.11373799548930406,0.6884982615484319,2535.39,2.2167984028020045,143.5546875,False,False,False,False,False,B,MID,0.32173100877756305,False
116.37671512499219,3.6043,Less_Than_Zero,0.4875265657901764,1.2916441173864983,0.31144215257216995,0.11918521656306222,0.6621498371304957,2300.56,3.071814364708157,143.5546875,False,False,False,False,False,B,MID,0.32441218197176797,False
116.47448291699402,5.5108,Less_Than_Zero,0.279877632856369,1.8909290780885026,0.17947205315080525,0.05311036595641411,0.6707602638597583,2374.81,3.009255328006435,143.5546875,False,False,False,False,False,B,MID,0.3211958715264786,False
116.5680392079521,3.7288,Less_Than_Zero,0.24811027944087982,0.6394004995941791,0.2226520035088874,0.049842152698217956,0.7166645090910135,2813.0,3.287724276913038,143.5546875,False,False,False,False,False,B,MID,0.31695316697809967,False
116.65684529196005,4.5619,Less_Than_Zero,0.3317364752292633,0.9262127941627321,0.2992917407835755,0.08604754939296964,0.7309047319551474,2964.72,3.599237593156727,143.5546875,False,False,False,False,False,B,MID,0.3158081620682403,False
116.75177870795596,3.3695,Less_Than_Zero,0.31058579683303833,1.064860876529321,0.2662101508044197,0.09018960025461595,0.7162831029070654,2809.04,2.838054655368791,143.5546875,False,False,False,False,False,B,MID,0.31405748123135147,False
116.84448491700459,5.301,Less_Than_Zero,0.4038197100162506,1.4233641820535698,0.2280738938434677,0.09756918001445802,0.7469632512486465,3145.65,5.293412110632689,143.5546875,False,False,False,False,False,B,MID,0.3150861416286809,False
116.9395738329622,4.7705,Less_Than_Zero,0.3292500674724579,1.364673549445548,0.14172142880843008,0.08560547852437639,0.8323161189341708,4309.73,2.871340517669196,143.5546875,False,False,False,False,False,B,MID,0.3139584223272423,False
117.02819537499454,5.2288,Less_Than_Zero,0.3248113989830017,1.3028443143927095,0.19328657556905363,0.04908781519918928,0.7031572297241351,2676.27,3.191985764476073,143.5546875,False,False,False,False,False,B,MID,0.31275010550140697,False
117.12375712499488,19.4777,Less_Than_Zero,0.31669387221336365,1.2963965403186606,0.17232637179758722,0.04767595759271583,0.6896603956710241,2546.29,1.7952122034680011,143.5546875,False,False,False,False,False,B,MID,0.31134758294029924,False
117.21568595798453,2.9435,Less_Than_Zero,0.4815928041934967,1.4454654921207701,0.19903782642542772,0.05802701888086848,0.7166337543973397,2812.68,6.697176677824346,143.5546875,False,False,False,False,False,B,MID,0.3144123262436485,False
117.30789012496825,4.8432,Less_Than_Zero,0.3393501043319702,1.9964497613898189,0.19198543849446115,0.0819283802706688,0.7025615399284866,2670.4,2.374658586956384,143.5546875,False,False,False,False,False,B,MID,0.31362439953060767,False
117.3992861249717,3.6917,Less_Than_Zero,0.2790341079235077,0.45270019675397927,0.2873739090866998,0.05420546471372417,0.7151248760519172,2797.07,4.203999479280053,143.5546875,False,False,False,False,False,B,MID,0.3109176289569567,False
117.49368362495443,4.4427,Less_Than_Zero,0.34150931239128113,1.2519463632599614,0.31236740526888607,0.06521587354528102,0.6902470891359995,2551.8,4.041063792198578,143.5546875,False,False,False,False,False,B,MID,0.3103689054347839,False
117.58626224996988,4.8727,Less_Than_Zero,0.3168979287147522,1.1094715093516463,0.2497354670490778,0.04546247945115063,0.6728380477454433,2393.08,3.4364641320768805,143.5546875,False,False,False,False,False,B,MID,0.30909191050629414,False
117.68006645800779,3.0075,Less_Than_Zero,0.3955114781856537,1.4104807687269758,0.318166053311357,0.07930703730496783,0.7333656611251357,2991.75,4.792773084484271,143.5546875,False,False,False,False,False,B,MID,0.3101501622558407,False
117.77521345799323,4.9551,Less_Than_Zero,0.36013227701187134,1.1025737346345958,0.3305500507911068,0.08141662889495738,0.7489443906141382,3168.72,3.351267609693915,143.5546875,False,False,False,False,False,B,MID,0.3101825964796312,False
117.86420949996682,4.5102,Less_Than_Zero,0.3888114094734192,1.0528975754840542,0.4565039068890013,0.0651249967738335,0.683033214432338,2484.79,3.391988838704052,143.5546875,False,False,False,False,False,B,MID,0.3110073914563239,False
117.96045004198095,4.0708,Less_Than_Zero,0.24671247601509094,0.8291834851420948,0.312513619702901,0.04996166976167668,0.6743454297172886,2406.42,2.376742744275194,143.5546875,False,False,False,False,False,B,MID,0.3072185458897523,False
118.04920379200485,4.2486,Less_Than_Zero,0.43378832936286926,0.8043098766075812,0.2896986252326244,0.043986217801606046,0.669781662247049,2366.25,5.31617115847772,143.5546875,False,False,False,False,False,B,MID,0.3093509264003262,False
118.14640099997632,2.6592,Less_Than_Zero,0.3510649800300598,1.966230162998464,0.29549015334533413,0.05149645755081504,0.6521434663979963,2217.19,2.6200288865143517,143.5546875,False,False,False,False,False,B,MID,0.3091619377032692,False
118.23859770799754,4.9721,Less_Than_Zero,0.3365892469882965,0.5444083592057707,0.3951071597028078,0.05250347649263372,0.6577449068217064,2263.48,3.0451944990460498,143.5546875,False,False,False,False,False,B,MID,0.30855360864283704,False
118.3269539999892,5.5298,Less_Than_Zero,0.30964118242263794,0.7685824703982576,0.3831181857857614,0.053118298550271656,0.6631582755317982,2309.14,2.555200727458135,143.5546875,False,False,False,False,False,B,MID,0.30713516728296913,False
118.423359666951,2.0091,Less_Than_Zero,0.3589138686656952,0.8563440102382895,0.4123465124633896,0.06314079233465511,0.6361617574676012,2090.26,1.871935487227189,143.5546875,False,False,False,False,False,B,MID,0.30728353523853386,False
118.51771074999124,2.8259,Less_Than_Zero,0.36057475209236145,1.1551026492886662,0.3899896230989033,0.09047103143783808,0.7008372392145875,2653.46,4.905545254441927,143.5546875,False,False,False,False,False,B,MID,0.3074719213940769,False
118.60596424998948,4.8805,Less_Than_Zero,0.28534919023513794,0.9059599043952052,0.26391763446273986,0.07679537399087515,0.7755681102739298,3495.72,2.1993881406083435,143.5546875,False,False,False,False,False,B,MID,0.30529427928234504,False
118.70006858295528,4.2945,Less_Than_Zero,0.5073689818382263,1.5125711652475975,0.25178406778220475,0.06130346589276148,0.7485615989672602,3164.25,4.911560594484846,143.5546875,False,False,False,False,False,B,MID,0.30924242786299816,False
118.79557745798957,4.1977,Less_Than_Zero,0.2780221402645111,1.553640570614258,0.33673016791834887,0.08229601994662851,0.7008369138009165,2653.46,2.211193948869558,143.5546875,False,False,False,False,False,B,MID,0.30671883696178287,False
118.88402545795543,3.9852,Less_Than_Zero,0.44167351722717285,0.547038471973743,0.34019010656749904,0.08837738976945898,0.7223184827619586,2872.29,5.506193763818492,143.5546875,False,False,False,False,False,B,MID,0.3090701244128316,False
118.98062970797764,4.3593,Less_Than_Zero,0.3427513837814331,1.9755304366183395,0.27449945282761085,0.0736669343576752,0.6908918071563618,2557.88,2.584679236479731,143.5546875,False,False,False,False,False,B,MID,0.3086507109236494,False
119.07035345799522,5.3711,Less_Than_Zero,0.2259131819009781,0.2904594954544694,0.2815650202860367,0.04464920684219723,0.6912708826180417,2561.46,3.4616347456175087,143.5546875,False,False,False,False,False,B,MID,0.3006170747920104,False
119.16731820796849,20.4145,Less_Than_Zero,0.3167940080165863,0.6991437143057634,0.3339197166242413,0.06778395152219474,0.7225958373046051,2875.23,3.372371945221582,143.5546875,False,False,False,False,False,B,MID,0.29773150632515005,False
119.26044137496501,5.4222,Less_Than_Zero,0.29312989115715027,0.9982595900546111,0.28048976955787297,0.05419434453607276,0.67432773019019,2406.27,2.4130958296449196,143.5546875,False,False,False,False,False,B,MID,0.293768312457432,False
119.3523020419525,6.0331,Less_Than_Zero,0.38684558868408203,1.2770707887379398,0.3371804267094163,0.07877455740501269,0.708270938663987,2727.23,4.2769431143012016,143.5546875,False,False,False,False,False,B,MID,0.2941857417839551,False
119.44232349999947,2.8998,Less_Than_Zero,0.31250664591789246,0.9530749567376195,0.3153330801755739,0.08205841304632756,0.7552452574113433,3243.23,2.6117879777934196,143.5546875,False,False,False,False,False,B,MID,0.2914114505400884,False
119.53700787498383,2.2688,Less_Than_Zero,0.349322646856308,0.818234676480132,0.3603190829050361,0.07052939598171327,0.7064906605179849,2709.38,2.7795626649786658,143.5546875,False,False,False,False,False,B,MID,0.2904573288102869,False
119.62853754195385,5.3635,Less_Than_Zero,0.33745622634887695,1.069488319759895,0.38029208879377197,0.06058795790211249,0.6804378312909279,2461.12,2.483737815259757,143.5546875,False,False,False,False,False,B,MID,0.28903716711179234,False
119.72338795795804,4.4701,Less_Than_Zero,0.45919689536094666,1.0408770084199963,0.3167589737910621,0.0587720012992047,0.688061822876801,2531.32,4.757842341781081,143.5546875,False,False,False,False,False,B,MID,0.29215130587246957,False
119.81567733298289,3.5544,Less_Than_Zero,0.37882715463638306,2.0987766544197552,0.2774980482358127,0.07460647521682758,0.6663932189214983,2336.86,2.6515377274079137,143.5546875,False,False,False,False,False,B,MID,0.2918836725148313,False
119.90943962498568,4.6191,Less_Than_Zero,0.2682136595249176,0.4050862306898108,0.32345860664853343,0.07112922312603248,0.7092509663376568,2737.11,2.4546350189128723,143.5546875,False,False,False,False,False,B,MID,0.2852853346490051,False
120.00147708295844,3.5502,Less_Than_Zero,0.280484676361084,0.6176221030682834,0.334676496800459,0.0666128924706496,0.7037201022775198,2681.83,2.160732069735122,143.5546875,False,False,False,False,False,B,MID,0.27999838340998584,False
120.09688062500209,4.9666,Less_Than_Zero,0.28226742148399353,0.7107102949324774,0.33272058786622905,0.06210596791263547,0.6627819112266469,2305.93,2.2193851813239336,143.5546875,False,False,False,False,False,B,MID,0.2751079168736573,False
120.1861343329656,4.1044,Less_Than_Zero,0.3788670301437378,1.234352761768379,0.2921230256783908,0.07586255482180916,0.7028048765949281,2672.79,4.394763492964815,143.5546875,False,False,False,False,False,B,MID,0.27569415258886687,False
120.2816814580001,5.8576,Less_Than_Zero,0.28586041927337646,1.1441556108672413,0.20599519706954245,0.07209552394004763,0.7675140276729958,3393.39,2.319180882949735,143.5546875,False,False,False,False,False,B,MID,0.27127844961199665,False
120.37448337499518,1.5566,Less_Than_Zero,0.2960861623287201,1.0582665691118824,0.2192722099845388,0.06634992393111479,0.6703586441343136,2371.29,2.685904590545023,143.5546875,False,False,False,False,False,B,MID,0.26777885332217466,False
120.46753908297978,3.1599,Less_Than_Zero,0.27397680282592773,1.0478588245658214,0.1974878909833732,0.06597438126526123,0.708833495075189,2732.9,2.3144201888032154,143.5546875,False,False,False,False,False,B,MID,0.26286371820600024,False
120.55647725000745,3.3857,Less_Than_Zero,0.4305289089679718,1.0498212773089286,0.21658402059539433,0.043499927058501156,0.667842185002186,2349.38,4.573967293736429,143.5546875,False,False,False,False,False,B,MID,0.26609033257193543,False
120.65163916698657,4.4963,Less_Than_Zero,0.3786456882953644,2.1509488348133634,0.20684409983588486,0.06486960790910612,0.6568634824152975,2256.13,3.113027986508022,143.5546875,False,False,False,False,False,B,MID,0.2671180101426972,False
120.74691541696666,6.3116,Less_Than_Zero,0.22723722457885742,0.34315935797927755,0.24995709453227982,0.08029987298233493,0.6890864709923307,2540.9,3.6270262448254402,143.5546875,False,False,False,False,False,B,MID,0.2554179808260097,False
120.83813904196722,5.9486,Less_Than_Zero,0.2652021646499634,0.7928985497067551,0.2226208831639858,0.0674174741976458,0.6824944601034757,2479.86,2.908624734388101,143.5546875,False,False,False,False,False,B,MID,0.2503789616200099,False
120.92881462496007,5.4668,Less_Than_Zero,0.2656002640724182,0.8140401164631061,0.23958263766851473,0.05972601584178556,0.6643565676144655,2319.36,2.5438912280885577,143.5546875,False,False,False,False,False,B,MID,0.24562740639494088,False
121.02188637497602,4.9841,Less_Than_Zero,0.3410048484802246,1.225268773363269,0.27571663727923024,0.08511768432159891,0.7078350820794633,2722.85,5.804469618131606,143.5546875,False,False,False,False,False,B,MID,0.24594847740387749,False
121.11457729199901,4.2905,Less_Than_Zero,0.23858293890953064,0.7500806194137403,0.19690206529942236,0.07799290529129162,0.7887216562863145,3669.52,2.349623853848068,143.5546875,False,False,False,False,False,B,MID,0.23827353170684656,False
121.20738162496127,15.3667,Less_Than_Zero,0.28356412053108215,0.8659067981054457,0.21676580356778014,0.06317264356546953,0.6872220165878559,2523.49,3.3809240030370034,143.5546875,False,False,False,False,False,B,MID,0.2355639925589513,False
121.29951329197502,5.9288,Less_Than_Zero,0.3374923765659332,1.1561713032353342,0.2599813159967582,0.05648188383109193,0.6791589976465591,2449.53,2.965556336748949,143.5546875,False,False,False,False,False,B,MID,0.2362119318366168,False
121.3977944169892,4.1779,Less_Than_Zero,0.4431474208831787,1.3175130652442577,0.25130519490554915,0.049876699645690255,0.6360609316849986,2089.48,3.714625961189537,143.5546875,False,False,False,False,False,B,MID,0.24122252396609317,False
121.48732625000412,9.9305,Less_Than_Zero,0.3924548625946045,2.0811117573301323,0.2401739103222313,0.07804326014303518,0.6747088863761675,2409.65,2.849368613636943,143.5546875,False,False,False,False,False,B,MID,0.24406872254994721,False
121.58059137495002,5.2321,Less_Than_Zero,0.3106609582901001,0.4780575419627382,0.30913934948557004,0.06722243400719477,0.6845824542611557,2499.03,2.8344787367617026,143.5546875,False,False,False,False,False,B,MID,0.24283104089086563,False
121.67082229198422,4.8963,Less_Than_Zero,0.3080236315727234,0.6088896420930873,0.45725979315952797,0.0699736783832023,0.6862334757762275,2514.3,3.1467484056363357,143.5546875,False,False,False,False,False,B,MID,0.2414987911331969,False
121.76678549998906,4.5213,Less_Than_Zero,0.2674693763256073,0.7246262458231737,0.29051729059675824,0.06891352900968051,0.6955429634637403,2602.15,2.9745921888833,143.5546875,False,False,False,False,False,B,MID,0.23735543851752702,False
121.85615274996962,5.5567,Less_Than_Zero,0.40926048159599304,1.0687432729201458,0.3517784084603682,0.09623844684695511,0.7414602998041828,3082.43,4.564601492075282,143.5546875,False,False,False,False,False,B,MID,0.24106086088940137,False
121.9537750419695,4.1799,Less_Than_Zero,0.3453843891620636,1.2010849332335822,0.34640269979747357,0.07743502112299587,0.7661457433564218,3376.3,2.6178132883694745,143.5546875,False,False,False,False,False,B,MID,0.24182602029959116,False
122.0462121249875,2.6176,Less_Than_Zero,0.5094621777534485,1.3197835237634588,0.3871862610520185,0.063945732259786,0.6724372786064321,2389.54,4.003128845108111,143.5546875,False,False,False,False,False,B,MID,0.24872133315263834,False
122.13924704195233,4.4117,Less_Than_Zero,0.32380735874176025,1.8414049136818007,0.3471245145076157,0.05110970966189009,0.6514438589632465,2211.48,3.394776447363614,143.5546875,False,False,False,False,False,B,MID,0.24799389532342064,False
122.22935854195384,4.58,Less_Than_Zero,0.40686264634132385,0.4911806694255306,0.3376982995097692,0.07019789920264627,0.7190326573004684,2837.68,3.5871161129819145,143.5546875,False,False,False,False,False,B,MID,0.25107448610929217,False
122.32541449996643,5.6466,Less_Than_Zero,0.43473634123802185,1.9750101479273061,0.3934661003441885,0.06565443521908437,0.6713281499311596,2379.79,3.6428529447580136,143.5546875,False,False,False,False,False,B,MID,0.25504271561988795,False
122.41478570795152,4.1437,Less_Than_Zero,0.2651130259037018,0.39367099993400007,0.34317431743226895,0.05545942849023767,0.7045874593698288,2690.43,3.5441048586429953,143.5546875,False,False,False,False,False,B,MID,0.25001448106655266,False
122.51013570796931,3.1682,Less_Than_Zero,0.3287905156612396,0.8384994213911706,0.3837905166836739,0.06453353642435954,0.6718392250362983,2384.28,4.194812158898778,143.5546875,False,False,False,False,False,B,MID,0.24948963410796407,False
122.60389562498312,4.098,Less_Than_Zero,0.29433473944664,1.0733187612339898,0.21561803118305145,0.03806507068999583,0.6558249849627293,2247.51,2.161921728609905,143.5546875,False,False,False,False,False,B,MID,0.24696451305787329,False
122.69428212498315,6.1282,Less_Than_Zero,0.4083707630634308,1.2627413586057126,0.3588538495142506,0.07585772409712134,0.6928501486809321,2576.42,5.782673865866637,143.5546875,False,False,False,False,False,B,MID,0.25015508562155064,False
122.78570804197807,1.2943,Less_Than_Zero,0.2935027480125427,0.965521983207345,0.3433036504056028,0.08522369275384124,0.7590551274021669,3289.14,2.05236437936934,143.5546875,False,False,False,False,False,B,MID,0.24754151661689242,False
122.8809616669896,1.5823,Less_Than_Zero,0.357096403837204,0.6722398046824505,0.3945985695617083,0.06818444263254692,0.684423467555804,2497.57,4.858498478638218,143.5546875,False,False,False,False,False,B,MID,0.24853927812421672,False
122.97352416696958,4.9285,Less_Than_Zero,0.34584105014801025,1.1458132303836033,0.3600239032255813,0.0816508254152964,0.6886070876315066,2536.41,2.071798074767446,143.5546875,False,False,False,False,False,B,MID,0.2489527642652724,False
123.0681946669938,5.131,Less_Than_Zero,0.3876402974128723,0.9657006287673321,0.2620769114505008,0.059031012699392045,0.670374301024307,2371.43,4.627961779666692,143.5546875,False,False,False,False,False,B,MID,0.2512149934502071,False
123.15813900000649,5.0714,Less_Than_Zero,0.43789148330688477,2.070046911215258,0.33588958400814484,0.05600930181165787,0.6532451856609615,2226.22,4.614325622664295,143.5546875,False,False,False,False,False,B,MID,0.2552892030851941,False
123.25465349998558,14.2755,Less_Than_Zero,0.2726467549800873,0.4982931040524629,0.3126609659956789,0.06528529592522697,0.7281251422637898,2934.47,3.2616028934929098,143.5546875,False,False,False,False,False,B,MID,0.25089114677881136,False
123.34384729195153,3.8469,Less_Than_Zero,0.2885518968105316,0.701709242163733,0.3256710062684828,0.08759897294103668,0.7121118946599785,2766.15,2.7031008043315987,143.5546875,False,False,False,False,False,B,MID,0.2479045074901677,False
123.43802270799642,5.6449,Less_Than_Zero,0.2526955306529999,0.7451952890931044,0.30503974724390126,0.059010885062826125,0.6925807302607575,2573.87,2.7491071845246213,143.5546875,False,False,False,False,False,B,MID,0.2420051723259115,False
123.53320091695059,4.1924,Less_Than_Zero,0.36899229884147644,0.9248545708038978,0.3376480796269816,0.06948873828603247,0.6996780276742107,2642.14,5.277845154200285,143.5546875,False,False,False,False,False,B,MID,0.243818014917636,False
123.62556508299895,3.4503,Less_Than_Zero,0.30727419257164,1.015741174568752,0.32116520060848364,0.07825642865018521,0.7636707261120348,3345.62,2.290576532528197,143.5546875,False,False,False,False,False,B,MID,0.24239145942370988,False
123.71550524997292,4.025,Less_Than_Zero,0.32570478320121765,0.9799883901259308,0.3365401672976981,0.046953361955719856,0.6798076076936743,2455.4,2.83352702571364,143.5546875,False,False,False,False,False,B,MID,0.2420831305384921,False
123.80933879199438,4.4026,Less_Than_Zero,0.32795530557632446,1.0369526934415998,0.3262916813079788,0.041360953312581904,0.6696984730692074,2365.52,3.2791084172154417,143.5546875,False,False,False,False,False,B,MID,0.24191055911181733,False
123.9047307499568,3.9312,Less_Than_Zero,0.39731860160827637,1.1726538835900069,0.27039495490537163,0.044483219102116014,0.6442844201919535,2153.83,3.787744845326446,143.5546875,False,False,False,False,False,B,MID,0.24491869328918453,False
123.99602787499316,3.4602,Less_Than_Zero,0.4767835736274719,2.1937251107051425,0.2796818065240128,0.08224813449441103,0.6636588166335515,2313.4,3.929943667537027,143.5546875,False,False,False,False,False,B,MID,0.25063147862391233,False
124.09054758300772,4.4842,Less_Than_Zero,0.29757043719291687,0.3972318743215061,0.35577867604853397,0.09787922155527326,0.7122646167244697,2767.71,3.6368405813610236,143.5546875,False,False,False,False,False,B,MID,0.2482604410542701,False
124.18430791696301,5.0078,Less_Than_Zero,0.3698427081108093,0.8665333933568441,0.36618810642114114,0.10733178981532976,0.6988893973856417,2634.47,4.870371528927269,143.5546875,False,False,False,False,False,B,MID,0.24979804779225337,False
124.27284091699403,4.3909,Less_Than_Zero,0.34965765476226807,1.0990489330049105,0.2890403287305477,0.11182422563955816,0.6989435878806943,2634.99,2.3860163028557584,143.5546875,False,False,False,False,False,B,MID,0.25033275315188386,False
124.36497483297717,6.808,Less_Than_Zero,0.4116148352622986,1.2938787457242837,0.33235576149990276,0.11033931512588147,0.7131260391299924,2776.52,5.629603368110904,143.5546875,False,True,False,False,False,B,MID,0.2534798911062697,False
124.45712791697588,3.6167,Less_Than_Zero,0.3159641921520233,1.095939248844463,0.3193437265176897,0.09578690760136845,0.7547645979332418,3237.49,3.0094417999807224,143.5546875,False,False,False,False,False,B,MID,0.25207840220292416,False
124.55269758298527,3.9339,Less_Than_Zero,0.29715830087661743,0.8771305950461437,0.27030198376456654,0.08847207925196122,0.7287987677380899,2941.77,2.965760319414234,143.5546875,False,False,False,False,False,B,MID,0.24960841381424814,False
124.64322591695236,3.6218,Less_Than_Zero,0.2895185351371765,0.9124517928756036,0.27996927215067724,0.07115104576515367,0.6939577911449972,2586.97,2.3917929743105386,143.5546875,False,False,False,False,False,B,MID,0.24700245565571752,False
124.74153270799434,6.294,Less_Than_Zero,0.3040536940097809,0.5972216156969485,0.29172960320791136,0.06956216537107923,0.6838631347569671,2492.41,2.550847598141272,143.5546875,False,False,False,False,False,B,MID,0.2454951445212315,False
124.83120304200565,4.1813,Less_Than_Zero,0.48447808623313904,2.1376976660863836,0.25109205038892285,0.07530277723894893,0.6798801382874033,2456.06,6.035005759963069,143.5546875,False,True,False,False,False,B,MID,0.251899926197653,False
124.92458729195641,4.1053,Less_Than_Zero,0.24404855072498322,0.45178886525164047,0.2789981296819371,0.07061744149850636,0.7145071536985543,2790.7,2.894273652211211,143.5546875,False,False,False,False,False,B,MID,0.2448870743025492,False
125.01986537495395,2.5797,Less_Than_Zero,0.34099850058555603,0.48967983559862727,0.4543417796879165,0.06727177139680793,0.6969239559061684,2615.44,3.3476475315342897,143.5546875,False,False,False,False,False,B,MID,0.24557189682216984,False
125.11288924998371,2.2926,Less_Than_Zero,0.21427525579929352,0.5349888573217343,0.28680015654584473,0.05849903073646326,0.6832758815327927,2487.02,2.7537396204423294,143.5546875,False,False,False,False,False,B,MID,0.23329330198106135,False
125.20512229198357,3.8034,Less_Than_Zero,0.3715357184410095,0.9407680016538157,0.29683924157418123,0.0964236005914057,0.757524126844144,3270.61,5.646152293408374,143.5546875,True,True,False,True,False,B,MID,1.0,False
125.29715912498068,18.894,Less_Than_Zero,0.36549845337867737,1.0119364135000215,0.39132797005092124,0.09476570012272484,0.7704871057763563,3430.81,2.9589756079278415,143.5546875,False,False,False,False,False,B,MID,0.65,False
125.39087083295453,5.6066,Less_Than_Zero,0.4525569975376129,0.8861393972994918,0.3871401574867251,0.06740455549100927,0.7115424857918645,2760.35,3.894138263633093,143.5546875,False,False,False,False,False,B,MID,0.42250000000000004,False
125.48189883294981,4.3985,Less_Than_Zero,0.3388623893260956,2.030775104850662,0.27873242367162065,0.049998888955751254,0.6721813911853431,2387.29,2.70810948754034,143.5546875,False,False,False,False,False,B,MID,0.27462500000000006,False
125.57257020799443,3.0133,Less_Than_Zero,0.2813436985015869,0.2831246751828352,0.22724955960481033,0.047855549358609285,0.7353309965890009,3013.52,3.1228931093310544,143.5546875,False,False,False,False,False,B,MID,0.24450944325754786,False
125.66700091696111,5.4473,Less_Than_Zero,0.5083456039428711,1.8972000244049065,0.42058559168092247,0.06361763467437921,0.6790869361007265,2448.88,4.975634941783809,143.5546875,False,False,False,False,False,B,MID,0.25224954828553364,False
125.76225704199169,4.411,Less_Than_Zero,0.27903440594673157,0.4293064590890005,0.4498261324851007,0.051247435292035175,0.7230546231211592,2880.1,2.923429140263514,143.5546875,False,False,False,False,False,B,MID,0.24967345514474557,False
125.85284845798742,4.578,Less_Than_Zero,0.2983470559120178,0.3308098422690299,0.3967973558185426,0.05687799346003828,0.696890485770161,2615.11,4.681248328591383,143.5546875,False,False,False,False,False,B,MID,0.24849033411220195,False
125.94903416698799,4.2457,Less_Than_Zero,0.20368051528930664,0.6409769850022299,0.26779197608552924,0.041610527433339525,0.6800070911247289,2457.21,2.447069470585454,143.5546875,False,False,False,False,False,B,MID,0.23606581740659185,False
126.03859779197956,4.308,Less_Than_Zero,0.3527461886405945,0.9054489665927639,0.30283504646420273,0.06897860012914177,0.7054443076922757,2698.95,5.91044667261214,143.5546875,False,False,False,False,False,B,MID,0.23869020497119164,False
126.13235891697695,3.0272,Less_Than_Zero,0.29525718092918396,0.8317879415349437,0.3318178684451695,0.09874512736052518,0.7730968286119138,3464.0,2.925098600583203,143.5546875,False,False,False,False,False,B,MID,0.23831729365513613,False
126.22428591700736,2.1436,Less_Than_Zero,0.28559184074401855,0.419413288136632,0.3420460452706143,0.07742536615806565,0.7187963655246862,2835.21,3.1456506075953112,143.5546875,False,False,False,False,False,B,MID,0.23739147018809256,False
126.31422470795223,2.0903,Less_Than_Zero,0.3221004903316498,0.8647136046971505,0.35415261268098647,0.081218226334581,0.7132046345925053,2777.32,4.358395662473462,143.5546875,False,False,False,False,False,B,MID,0.23851651169242694,False
126.4090867919731,2.6063,Less_Than_Zero,0.28642359375953674,0.869940876526796,0.271990196858454,0.048871792082544996,0.6675325893808892,2346.7,3.240788778789448,143.5546875,False,False,False,False,False,B,MID,0.23763131316213312,False
126.5016137919738,2.9206,Less_Than_Zero,0.48547080159187317,1.9808397715696824,0.32598931926758895,0.05933266553859571,0.661586224599403,2295.78,5.476186002052621,143.5546875,False,False,False,False,False,B,MID,0.24502057037908934,False
126.59460454195505,4.666,Less_Than_Zero,0.2129841297864914,0.5305663028633079,0.2830964913683491,0.07076535653266906,0.7541873010241468,3230.6,3.759656238784975,143.5546875,False,False,False,False,False,B,MID,0.23685832196171866,False
126.69193483295385,4.8109,Less_Than_Zero,0.30277422070503235,0.5077167434196156,0.3339672490279146,0.06285585844970802,0.7173355500716813,2819.97,3.267974394856623,143.5546875,False,False,False,False,False,B,MID,0.2369991131243256,False
126.7817203750019,5.0258,Less_Than_Zero,0.19954454898834229,0.5885669390170717,0.29276173009342255,0.047138352461009385,0.6891816744717945,2541.79,2.601569172253448,143.5546875,False,False,False,False,False,B,MID,0.22514915746810932,False
126.87368387496099,3.7093,Less_Than_Zero,0.3322058916091919,0.773926426986953,0.2639690053223062,0.07189153586034265,0.707802773742831,2722.53,4.864422324531107,143.5546875,True,True,False,True,False,B,MID,1.0,False
126.96839920798084,4.118,Less_Than_Zero,0.28160062432289124,0.9890345833474392,0.21347641766310343,0.1262140779123514,0.7810533361435439,3567.17,1.9459312366321642,143.5546875,False,False,False,False,False,B,MID,0.65,False
127.05874091695296,5.5076,Less_Than_Zero,0.2665514647960663,0.6838872351406253,0.21103144444018931,0.11893578396877222,0.7418925730387537,3087.35,3.963407025365275,143.5546875,False,False,False,False,False,B,MID,0.42250000000000004,False
127.15523016697261,4.0933,Less_Than_Zero,0.2044939398765564,0.66300851506562,0.22087306024647113,0.06487903776961405,0.7546598791257327,3236.24,2.690587163555156,143.5546875,False,False,False,False,False,B,MID,0.27462500000000006,False
127.24515633296687,4.1628,Less_Than_Zero,0.2516234815120697,0.7065187722630991,0.1666251814780148,0.05195897063877914,0.7789545656600264,3539.66,3.4775778681866782,143.5546875,False,False,False,False,False,B,MID,0.21545266909493288,False
127.33900704199914,15.7015,Less_Than_Zero,0.5206130146980286,2.0688222914673875,0.29307656910330043,0.07553611910526786,0.7095508208130765,2740.14,3.820365375475328,143.5546875,False,False,False,False,False,B,MID,0.22468003564018624,False
127.43095370795345,3.8501,Less_Than_Zero,0.2976808249950409,0.5589920801876154,0.34778377645234654,0.11217925021257057,0.7543992583978137,3233.13,2.5987486793623344,143.5546875,False,False,False,False,False,B,MID,0.2251153258022915,False
127.52463029196952,4.2937,Less_Than_Zero,0.31809312105178833,0.36574804923008625,0.37303471301595476,0.11069097351020929,0.7510139599635858,3193.0,3.5529498004157927,143.5546875,False,False,False,False,False,B,MID,0.22657547330569502,False
127.61611866700696,3.9112,Less_Than_Zero,0.2776443660259247,0.5722882087761415,0.33105645752092927,0.10689053511710953,0.7301520759156496,2956.5,2.5564350456736085,143.5546875,False,False,False,False,False,B,MID,0.22576541948551765,False
127.71061237499816,3.9212,Less_Than_Zero,0.36687809228897095,0.8072786767786858,0.34920228995861236,0.10471489767986261,0.7098265906724666,2742.93,3.9039683227195012,143.5546875,False,False,False,False,False,B,MID,0.22934975116056347,False
127.80330787500134,5.5507,Less_Than_Zero,0.2966079115867615,0.9274768189126489,0.2674101861799544,0.12431771253292499,0.7746579099808014,3484.0,2.2555438825799077,143.5546875,False,False,False,False,False,B,MID,0.22949339114641912,False
127.89424333296483,5.116,Less_Than_Zero,0.28030529618263245,0.5119419280946238,0.2591757153556362,0.11910623762045038,0.7404795949038707,3071.3,3.546601617070884,143.5546875,False,False,False,False,False,B,MID,0.22869885472235146,False
127.98787279200042,5.4027,Less_Than_Zero,0.27847039699554443,0.5777992703922843,0.3123613071428146,0.11385689342923463,0.7306394366182887,2961.82,2.77852779363327,143.5546875,False,False,False,False,False,B,MID,0.2278330560033476,False
128.08334841695614,5.8576,Less_Than_Zero,0.25505903363227844,0.58440602486806,0.22807594034525566,0.10963417418954907,0.7363213337134329,3024.55,3.6931049862857206,143.5546875,False,False,False,False,False,B,MID,0.22544838710412415,False
128.1769549580058,5.6637,Less_Than_Zero,0.5129324197769165,2.004885335679594,0.2548878587549451,0.08410456136905042,0.6742224600476393,2405.33,4.8414968062773935,143.5546875,True,True,True,False,False,B,MID,1.0,True
128.26670962496428,4.9008,Less_Than_Zero,0.3110686242580414,0.8488691881261258,0.29896633669012634,0.11111139493565006,0.7258192496152026,2909.62,2.9617183662430198,143.5546875,False,False,False,False,False,B,MID,0.65,False
128.3630193749559,3.5167,Less_Than_Zero,0.37776196002960205,1.0462252848493336,0.33809563410578647,0.10580960273485572,0.70263428279493,2671.11,3.0082635490518985,143.5546875,False,False,False,False,False,B,MID,0.42250000000000004,False
128.45088854199275,4.5899,Less_Than_Zero,0.38801661133766174,1.2502551156179986,0.327020610825063,0.09423523414402185,0.6937118744855297,2584.63,2.5052731530840897,143.5546875,False,False,False,False,False,B,MID,0.27462500000000006,False
128.5461618329864,4.0327,Less_Than_Zero,0.38248151540756226,1.3028022733094928,0.2750115638090796,0.11605110759444617,0.7056789779053623,2701.28,4.263186599020641,143.5546875,False,False,False,False,False,B,MID,0.24537748430421125,False
128.64162854198366,4.6862,Less_Than_Zero,0.25976336002349854,0.9952888668937502,0.21893681576734222,0.11095900574882767,0.7893291938832169,3677.75,2.921886420579343,143.5546875,False,False,False,False,False,B,MID,0.24245484295333597,False
128.7320973330061,4.7921,Less_Than_Zero,0.4058675765991211,0.602355766700263,0.286381901950861,0.10527961568186094,0.729697134134072,2951.54,3.607365025421058,143.5546875,False,False,False,False,False,B,MID,0.24669026501804808,False
128.8244586669607,5.4298,Less_Than_Zero,0.4276515543460846,2.1241244435265836,0.2569730858459349,0.0831176022990414,0.6565841691750605,2253.81,4.598380316713285,143.5546875,False,False,False,False,False,B,MID,0.25147752018053743,False
128.92030562495347,4.1191,Less_Than_Zero,0.2629718482494354,0.4314014209246262,0.31291733917477454,0.08026721924160694,0.688518101154018,2535.58,3.3627866865345104,143.5546875,False,False,False,False,False,B,MID,0.24847302613074437,False
129.01352808298543,4.0065,Less_Than_Zero,0.5066856741905212,2.032592827894139,0.2545624089552676,0.06657712608426933,0.6596453071168078,2279.4,4.6070501403092115,143.5546875,False,False,False,False,False,B,MID,0.255650255953727,False
129.1049739579903,5.428,Less_Than_Zero,0.2210548222064972,0.8178455120798185,0.23781246425281577,0.06374424578841519,0.6940072487594032,2587.45,3.3018680928446194,143.5546875,False,False,False,False,False,B,MID,0.24872124251020256,False
129.19603554200148,5.0078,Less_Than_Zero,0.2995073199272156,0.539977827865112,0.3195398840745204,0.05882288166222727,0.6816278028803667,2471.94,3.3611142846623663,143.5546875,False,False,False,False,False,B,MID,0.24805269724020879,False
129.2912477919599,4.3149,Less_Than_Zero,0.3364262580871582,1.1033744794473483,0.34516744224160933,0.05338409681185055,0.6237642990813582,1996.81,2.1994441515202188,143.5546875,False,False,False,False,False,B,MID,0.249224865069654,False
129.38399120798567,17.6703,Less_Than_Zero,0.37651434540748596,1.1810803614914738,0.28285506224062745,0.06420325858567237,0.6504574445761638,2203.44,5.245776254153456,143.5546875,True,True,False,True,False,B,MID,1.0,False
129.47426120797172,2.9549,Less_Than_Zero,0.2841792702674866,1.2290587331059353,0.2488891124623643,0.08822868168027068,0.7745771299825962,3482.96,2.0009419720451636,143.5546875,False,False,False,False,False,B,MID,0.65,False
129.56519862497225,4.7842,Less_Than_Zero,0.24494744837284088,0.8239379290949244,0.259405551299803,0.05010196907140623,0.6617046846319029,2296.79,2.313092188599419,143.5546875,False,False,False,False,False,B,MID,0.42250000000000004,False
129.6600527499686,1.4899,Less_Than_Zero,0.3497375249862671,1.0691819514969214,0.26449633145017454,0.05193598938292337,0.6584240027002596,2269.16,3.046103194261289,143.5546875,False,False,False,False,False,B,MID,0.27462500000000006,False
129.75270712497877,0.9578,Less_Than_Zero,0.2956843376159668,1.081530779100283,0.30921190689776534,0.04904007475999552,0.6076143132979647,1881.33,3.194471974174381,143.5546875,False,False,False,False,False,B,MID,0.2470568088454843,False
129.84673208295135,1.2592,Less_Than_Zero,0.5191148519515991,2.108064344755418,0.22235802231870194,0.03909189824253837,0.603022586869595,1849.73,5.377634597030526,143.5546875,True,True,True,False,False,B,MID,1.0,True
129.94103908300167,1.6684,Less_Than_Zero,0.2188567817211151,0.9432397729168218,0.28451926743670614,0.03399449439057425,0.6157426762082092,1938.59,2.860468318557091,143.5546875,False,False,False,False,False,B,MID,0.65,False
130.03177887498168,1.1156,Less_Than_Zero,0.2926374673843384,0.5880218801015211,0.32225996224069176,0.03583365529807454,0.6362417558847543,2090.87,3.0858119910066715,143.5546875,False,False,False,False,False,B,MID,0.42250000000000004,False
130.1282164999866,1.1436,Less_Than_Zero,0.25481146574020386,0.7057112954369253,0.3403181665477824,0.034400515787460735,0.5860967923383583,1737.77,3.1175527451358045,143.5546875,False,False,False,False,False,B,MID,0.27462500000000006,False
130.21833483298542,1.3953,Less_Than_Zero,0.36316999793052673,0.7717546671136899,0.35776776780122327,0.042959178308441016,0.6064393627662175,1873.19,6.022143961060206,143.5546875,True,True,False,True,False,B,MID,1.0,False
130.31306195800425,1.6629,Less_Than_Zero,0.3242088258266449,1.2925799017000532,0.28642443809870205,0.08629320813648984,0.775709878778991,3497.55,1.7443451882453211,143.5546875,False,False,False,False,False,B,MID,0.65,False
130.4016999169835,3.2798,Less_Than_Zero,0.293233722448349,1.0619335814018707,0.246677621007194,0.03871905105595963,0.6569320361633242,2256.7,2.4240514326195717,143.5546875,False,False,False,False,False,B,MID,0.42250000000000004,False
130.49468712497037,6.0026,Less_Than_Zero,0.3066520690917969,1.0679147998682605,0.26541181009918974,0.0423307835234685,0.6629290556720683,2307.18,2.8908964699486455,143.5546875,False,False,False,False,False,B,MID,0.27462500000000006,False
130.58840725000482,3.9125,Less_Than_Zero,0.316305547952652,1.1566315134036502,0.2673227345949988,0.03477273466751815,0.5600492030944509,1578.56,2.1780129657199816,143.5546875,False,False,False,False,False,B,MID,0.24579120063773377,False
130.68451099999947,4.0962,Less_Than_Zero,0.5261678099632263,2.1631403408543477,0.22669330863544743,0.04047574602497227,0.6121077934328505,1912.77,4.726271521682194,143.5546875,False,True,False,False,False,B,MID,0.25350164060584707,False
130.77426145796198,5.4096,Less_Than_Zero,0.18963712453842163,0.991076692814806,0.2349814396024747,0.030445985421279936,0.6213458452814561,1979.08,2.7958136190281277,143.5546875,False,False,False,False,False,B,MID,0.2408265585755547,False
130.87064716697205,4.0563,Less_Than_Zero,0.2018839567899704,0.23386201568336343,0.24887597920079976,0.03428630919044902,0.6724971606739589,2390.07,4.780971440572424,143.5546875,False,False,False,False,False,B,MID,0.233220690749652,False
130.9632747079595,4.4794,Less_Than_Zero,0.2900674045085907,0.9851481632737604,0.2443374177387908,0.034125772734552695,0.5957134689249381,1800.52,3.612218746536535,143.5546875,False,False,False,False,True,C,MID,0.23310271496747767,False
131.05308612500085,5.448,Less_Than_Zero,0.35287654399871826,1.0681597688278464,0.24177513568298414,0.04125199989361471,0.6011036079938601,1836.68,4.8240634812155365,143.5546875,True,True,False,True,False,C,LOW,0.0,False
131.14583150000544,1.879,Less_Than_Zero,0.288857102394104,1.2662251037085261,0.25100819256622053,0.09042473448377261,0.7766376115154702,3509.54,2.3825163988593454,143.5546875,False,False,False,False,False,C,LOW,0.0,False
131.23904029198457,4.4057,Less_Than_Zero,0.28096944093704224,1.043830006391403,0.2244422843997312,0.04139477116268661,0.6621751151436716,2300.78,2.3211998070532047,143.5546875,False,False,False,False,False,C,LOW,0.0,False
131.33498687495012,5.7239,Less_Than_Zero,0.34419864416122437,1.2469128312617914,0.25385541475498036,0.047027531766267616,0.6751976961483509,2414.0,3.2457439285751524,143.5546875,False,True,False,False,False,C,LOW,0.0,False
131.4261116249836,8.422,Less_Than_Zero,0.3566007614135742,1.303910724767527,0.21830579478104747,0.03679715025491404,0.576440999528369,1676.96,2.368682030979984,143.5546875,False,False,False,False,False,C,LOW,0.0,False
131.52015995798865,4.4984,Less_Than_Zero,0.5267837643623352,2.1501746747437767,0.21964656658614273,0.04008162312371239,0.5953781681661852,1798.3,4.688278522405922,143.5546875,False,True,False,False,False,C,MID,0.24780845900725199,False
131.60918329196284,4.1297,Less_Than_Zero,0.23307962715625763,1.18650504213897,0.238537362657672,0.047127853017804144,0.6311866017856901,2052.24,2.4992449311745197,143.5546875,False,False,False,False,False,C,MID,0.24329807162249437,False
131.70294524997007,4.1846,Less_Than_Zero,0.3692367970943451,1.1702954557696703,0.26174525258197967,0.05056598014802624,0.6689207558934398,2358.75,3.329417471978682,143.5546875,False,False,False,False,False,C,MID,0.24615440754183654,False
131.7955262499745,4.0531,Less_Than_Zero,0.39167389273643494,1.5407388157186956,0.271752226913561,0.050146025905587366,0.6510955411580752,2208.64,2.556423554621113,143.5546875,False,False,False,False,False,C,MID,0.24969358831727914,False
131.88802583300276,4.8612,Less_Than_Zero,0.3866996467113495,1.3361682838559157,0.2699137550416644,0.04654355126478633,0.6393127701623875,2114.69,5.815978572895969,143.5546875,True,True,True,True,False,C,MID,1.0,True
131.98499779199483,3.6536,Less_Than_Zero,0.3547753095626831,1.5070753557894574,0.2531280606301267,0.08815444191034484,0.7786290278340626,3535.42,2.3963293349890282,143.5546875,False,False,False,False,False,C,MID,0.65,False
132.07311895798193,5.0711,Less_Than_Zero,0.3772176504135132,1.4932014700062797,0.2166832978724875,0.04086203922852589,0.6827541127145142,2482.24,2.1446834549629257,143.5546875,False,False,False,False,False,C,MID,0.42250000000000004,False
132.17053249996388,3.3905,Less_Than_Zero,0.4977065324783325,2.294081987747569,0.17870152245966564,0.042813250418049086,0.6245465917389109,2002.59,5.16810159606892,143.5546875,False,True,False,False,False,C,MID,0.27462500000000006,False
132.25944429199444,4.3539,Less_Than_Zero,0.227333202958107,0.6841100486945677,0.2202621859743164,0.04190119837461184,0.6216727209502771,1981.47,2.403852117251581,143.5546875,False,False,False,False,False,C,MID,0.25781870971329385,False
132.3544099169667,4.4655,Less_Than_Zero,0.5139312148094177,1.9253215019234335,0.2104279076595554,0.04982753892611329,0.640237704986879,2121.92,6.414273780153629,143.5546875,False,True,False,False,False,C,MID,0.26457753913396287,False
132.447270167002,4.8125,Less_Than_Zero,0.17468155920505524,1.178382426239522,0.2378055585694203,0.04684273401013536,0.6319709683746074,2058.19,2.6265905123253446,143.5546875,False,False,False,False,False,C,MID,0.2513486621772647,False
132.5427979999804,4.4708,Less_Than_Zero,0.30181649327278137,0.6762423427948547,0.2297537636371368,0.044087111215394784,0.6538606721991453,2231.28,5.686962447718599,143.5546875,True,True,True,True,False,C,MID,1.0,True
132.63225099997362,3.4204,Less_Than_Zero,0.29703959822654724,1.2276311153445316,0.23560891855483349,0.04756517590357582,0.6401431548302726,2121.18,2.25448999956084,143.5546875,False,False,False,False,False,C,MID,0.65,False
132.7261366249877,4.0337,Less_Than_Zero,0.4292635917663574,1.3871801609675218,0.2447260198421925,0.044425527509843854,0.6016757403025107,1840.56,6.492580596512252,143.5546875,False,True,False,False,False,C,MID,0.42250000000000004,False
132.820222291979,4.3556,Less_Than_Zero,0.3581470251083374,1.5550893776275039,0.24569991456900997,0.09334422855663298,0.7733826352427166,3467.65,3.845436521252418,143.5546875,False,False,False,False,False,C,MID,0.27462500000000006,False
132.91451537498506,5.3424,Less_Than_Zero,0.30911773443222046,1.3614074870410096,0.22065164209108984,0.04520507299584128,0.6710580714454123,2377.42,3.83109968074054,143.5546875,False,False,False,False,False,C,MID,0.2579618752339803,False
133.00383220799267,5.4885,Less_Than_Zero,0.35956794023513794,1.261237915477396,0.2812154667158891,0.048276905978797725,0.6534263952780229,2227.71,4.898047973882685,143.5546875,False,False,False,False,False,C,MID,0.25998707294390216,False
133.09506454196526,4.0984,Less_Than_Zero,0.3486061692237854,1.2850760180466152,0.23418865641302933,0.04757405275904782,0.6083142245652639,1886.19,2.5193605900880383,143.5546875,False,False,False,False,False,C,MID,0.26150212371840026,False
133.19008904200746,4.7082,Less_Than_Zero,0.522504448890686,2.047604750253435,0.2375744766269696,0.05101798990557289,0.5968170905907425,1807.87,4.562080319329234,143.5546875,False,False,False,False,False,C,MID,0.26831616156700233,False
133.2822563329828,5.8535,Less_Than_Zero,0.18941691517829895,1.2908409402450902,0.18594043137070843,0.04263069271664525,0.6340292504955716,2073.88,2.6680997469318597,143.5546875,False,False,False,False,False,C,MID,0.25962670815338973,False
133.3748621249688,5.8977,Less_Than_Zero,0.3408947288990021,1.0552612422847625,0.21120274698816005,0.045193878803954,0.6638893657369499,2315.37,2.6403796388340406,143.5546875,False,False,False,False,False,C,MID,0.26086363994068745,False
133.47112237499095,15.6179,Less_Than_Zero,0.4107343554496765,1.6264623214701417,0.2306885509074435,0.048027158397763746,0.6383730833579971,2107.38,3.366364095301346,143.5546875,False,False,False,False,False,C,MID,0.2644965320282437,False
133.56057691696333,6.1348,Less_Than_Zero,0.3688910901546478,1.2989234693363008,0.2569145197968984,0.04843602501873564,0.6231301464583795,1992.15,5.275685238870666,143.5546875,True,True,False,True,False,C,MID,1.0,False
133.65253762499196,3.5107,Less_Than_Zero,0.3497776985168457,1.4572390526560002,0.2612518842781342,0.09176155447135041,0.7763635144437323,3505.99,4.465735990615894,143.5546875,False,False,False,False,False,C,MID,0.65,False
133.74727970798267,3.6892,Less_Than_Zero,0.4026241898536682,1.6048691317832722,0.16466617321911375,0.050876656357761466,0.7091415395811114,2736.01,3.146245906494158,143.5546875,False,False,False,False,False,C,MID,0.42250000000000004,False
133.84143287496408,4.3345,Less_Than_Zero,0.4174947738647461,1.6842208774682503,0.24800540809785812,0.054292874446920304,0.6820105681052065,2475.44,3.5223910072771982,143.5546875,False,False,False,False,False,C,MID,0.27462500000000006,False
133.93414179200772,3.9178,Less_Than_Zero,0.3921041786670685,1.5937793368245226,0.22096350461623332,0.05600998658021625,0.6481447949500634,2184.73,3.038546414842451,143.5546875,False,False,False,False,False,C,MID,0.27649887426038267,False
134.02693654195173,3.5947,Less_Than_Zero,0.5450493097305298,2.177901818993236,0.20947233265876325,0.0574759454926458,0.6534414443175776,2227.83,4.792956390213621,143.5546875,False,False,False,False,False,C,MID,0.28267393054736356,False
134.11859370797174,2.1643,Less_Than_Zero,0.15568846464157104,1.340879388953391,0.1619354752101143,0.055391043276428804,0.7058471439282398,2702.96,2.440067097678591,143.5546875,False,False,False,False,False,C,MID,0.2685402340199954,False
134.21502504195087,4.0901,Less_Than_Zero,0.31261521577835083,0.7700587698675281,0.22819620154193201,0.0580028473615544,0.7029113994643413,2673.84,5.806771764089661,143.5546875,True,True,True,False,False,C,MID,1.0,True
134.30239695799537,4.095,Less_Than_Zero,0.2818682789802551,1.1417260033628358,0.24838444159963877,0.0617852824446212,0.6890055548076076,2540.14,2.691458036381581,143.5546875,False,False,False,False,False,C,MID,0.65,False
134.39878620795207,7.4455,Less_Than_Zero,0.3636819124221802,0.9731423632498043,0.25422703687341425,0.06292514091536773,0.7111981679586692,2756.84,3.996421371747982,143.5546875,False,False,False,False,False,C,MID,0.42250000000000004,False
134.492010499991,1.4678,Less_Than_Zero,0.40042391419410706,1.3666421754288618,0.39050632770857796,0.09860001635429301,0.750902320967471,3191.69,5.045996677040328,143.5546875,False,False,False,False,False,C,MID,0.27462500000000006,False
134.580870167003,2.765,Less_Than_Zero,0.3636450171470642,1.1028427225165398,0.41043907899725973,0.06236211589207212,0.7085813636783955,2730.36,2.3625753289028544,143.5546875,False,False,False,False,False,C,MID,0.2728415515893161,False
134.67516424995847,4.5566,Less_Than_Zero,0.3237842321395874,0.9585917776838305,0.3555837443047525,0.057545795273809874,0.6789579695350695,2447.72,2.8097667509290147,143.5546875,False,False,False,False,False,C,MID,0.27285202667361924,False
134.7706307079643,3.4563,Less_Than_Zero,0.34105074405670166,1.0142908134459616,0.36671368288015366,0.057083241869059914,0.6639949930426363,2316.27,2.556434744029658,143.5546875,False,False,False,False,False,C,MID,0.2734824476168404,False
134.8604903749656,5.071,Less_Than_Zero,0.2886040508747101,0.6479687618755935,0.37708590491833766,0.05881499228810464,0.6815987560826674,2471.68,3.2024881839188235,143.5546875,False,False,False,False,False,C,MID,0.2720787308966765,False
134.95588529197266,4.758,Less_Than_Zero,0.29211536049842834,0.23704278629146783,0.42143654712399886,0.051031071789944205,0.6654333396328004,2328.6,2.3241736111256515,143.5546875,False,False,False,False,False,C,MID,0.2708914956269992,False
135.0458922079997,3.1928,Less_Than_Zero,0.2655998468399048,0.18260449455660616,0.4056832045615645,0.033256018887182597,0.6498271641657252,2198.33,2.6576714511477415,143.5546875,False,False,False,False,False,C,MID,0.26860187708926475,False
135.14043358300114,4.4455,Less_Than_Zero,0.24054893851280212,0.13475244953175539,0.37496268379138503,0.029961604714483486,0.6440214166627469,2151.75,4.242222047122274,143.5546875,False,False,False,False,False,C,MID,0.2651782657221359,False
135.2336654170067,4.495,Less_Than_Zero,0.22873839735984802,0.427981112782039,0.32430172514851247,0.02658055062521513,0.674104214396478,2404.28,3.4262757301347535,143.5546875,False,False,False,False,False,C,MID,0.261266886604123,False
135.32557929196628,5.5675,Less_Than_Zero,0.1286015808582306,0.43602722593378807,0.18629444688648217,0.021406883783453217,0.6535097030434135,2228.39,3.2257958578336807,143.5546875,False,False,False,False,False,C,MID,0.24820354227391686,False
135.42135608295212,4.2127,Less_Than_Zero,0.12168612331151962,0.14220489770060238,0.16575043769840941,0.015272799150892325,0.5914052488366953,1772.13,2.8320688295481657,143.5546875,False,False,False,False,False,C,MID,0.235793365160221,False
135.51086241699522,17.0746,Less_Than_Zero,0.13956840336322784,0.23653517820519385,0.16461745592451682,0.018506186238600657,0.6391841681356222,2113.69,3.94513922435953,143.5546875,True,True,False,True,False,C,MID,1.0,False
135.60227124998346,3.4267,Less_Than_Zero,0.11901257932186127,0.33024801433237344,0.1692836613890148,0.014589210872555717,0.5475408383762324,1507.38,2.3727898211856724,143.5546875,False,False,False,False,False,C,MID,0.65,False
135.69787341699703,3.2592,Less_Than_Zero,0.11625814437866211,0.2068184215119012,0.15437450357362326,0.010603809202724142,0.5167470204435853,1345.52,2.9817648201423297,143.5546875,False,False,False,False,False,C,MID,0.42250000000000004,False
135.79105075000552,4.2725,Less_Than_Zero,0.11457406729459763,0.23208720186033913,0.16053292352501697,0.009210617765241657,0.4994150659491385,1262.18,2.552499061162682,143.5546875,False,False,False,False,False,C,MID,0.27462500000000006,False
135.8821046249941,4.3565,Less_Than_Zero,0.09340300410985947,0.15062606355983874,0.13860322566525482,0.008925331705665208,0.596759441330077,1807.48,3.1738801282232805,143.5546875,False,True,False,False,False,C,MID,0.1863182794399807,False
135.97819404199254,3.9203,Less_Than_Zero,0.10894663631916046,0.3461384143489306,0.11161814699479727,0.006974454698010289,0.5177421078639808,1350.47,3.8962188566015743,143.5546875,False,False,False,False,False,C,MID,0.1813266892081865,False
136.0669184169965,3.8868,Less_Than_Zero,0.11219468712806702,0.24226061581087496,0.10676286143714933,0.009645750316328605,0.5672543867966815,1621.08,3.951273661820419,143.5546875,False,True,False,False,False,C,MID,0.17697423700074458,False
136.16254391695838,4.9132,Less_Than_Zero,0.11275919526815414,0.21582419425487961,0.17261091745933302,0.024504036812849517,0.6889896929784126,2539.99,4.829036596023938,143.5546875,False,False,False,False,False,C,MID,0.17290325466972317,False
136.25428854196798,4.7362,Less_Than_Zero,0.09317202866077423,0.166602193318987,0.13320410666242408,0.011342285737824323,0.5519527746807044,1532.12,2.147666089671645,143.5546875,False,False,False,False,False,C,MID,0.16425809193623703,False
136.34950574999675,5.2455,Less_Than_Zero,0.08133885264396667,0.10797835274729467,0.12251567944608933,0.00913057101898738,0.5721359325126236,1650.54,2.5088559470015146,143.5546875,False,False,False,False,False,C,MID,0.15604518733942518,False
136.44121149997227,4.4493,Less_Than_Zero,0.07244200259447098,0.08157364576602695,0.10935367193791298,0.008553904024826591,0.5940284946222555,1789.37,2.298181742166254,143.5546875,False,False,False,False,False,C,MID,0.14824292797245392,False
136.53429633297492,3.8109,Less_Than_Zero,0.07391635328531265,0.11661579044915946,0.09143181231112993,0.01012994544259727,0.6467819464221936,2173.77,3.8743422325199472,143.5546875,False,False,False,False,False,C,MID,0.142282842059343,False
136.62732874997891,2.9752,Less_Than_Zero,0.07748981565237045,0.2790209705686604,0.08419955480157455,0.008651478983780185,0.5950181383536837,1795.91,1.8642203876898975,143.5546875,False,False,False,False,False,C,MID,0.13770932382118978,False
136.72127066698158,2.1986,Less_Than_Zero,0.17146515846252441,0.15464838075412443,0.21193930791347174,0.019411637753510264,0.6115045564031698,1908.52,7.227572197947123,143.5546875,False,False,False,False,False,C,MID,0.14065267024192252,False
136.81263962498633,2.1041,Less_Than_Zero,0.12736959755420685,0.3010389914805561,0.18733147229562008,0.022977274123829477,0.6696006147471552,2364.67,3.220407136488283,143.5546875,False,False,False,False,False,C,MID,0.14113906785655164,False
136.90802854200592,2.4742,Less_Than_Zero,0.1005878821015358,0.20264748456989573,0.1390299844871442,0.012668278937034629,0.6085052344492035,1887.52,2.028913817303455,143.5546875,False,False,False,False,False,C,MID,0.13963058010620533,False
136.99960887496127,4.023,Less_Than_Zero,0.24255888164043427,0.1374065715388254,0.288556754911381,0.018692358300562064,0.6439590981270586,2151.25,5.0358791958670555,143.5546875,False,False,False,False,False,C,MID,0.14521872685911968,False
137.09120549994987,4.3772,Less_Than_Zero,0.25146499276161194,0.1151770126776716,0.36201388788643546,0.012949615556937287,0.5705751996059027,1641.06,3.4829048498319994,143.5546875,False,False,False,False,False,C,MID,0.150822424624901,False
137.18629145796876,5.6837,Less_Than_Zero,0.24467013776302338,0.1847478829184937,0.4216419474526993,0.021535928806207177,0.6701793771178897,2369.72,4.1796621945141865,143.5546875,True,True,False,True,False,C,MID,1.0,False
137.27618179196725,4.763,Less_Than_Zero,0.08593853563070297,0.2273903043862697,0.11475661119839502,0.0506479729544619,0.8393392735935558,4422.85,2.6646975707637184,143.5546875,False,False,False,False,False,C,MID,0.65,False
137.36959949997254,3.477,Less_Than_Zero,0.27987369894981384,0.20815269967263506,0.28198298803237276,0.02666097941991872,0.7013172921015244,2658.17,7.312898855353723,143.5546875,False,True,False,False,False,C,MID,0.42250000000000004,False
137.46154416695936,2.6199,Less_Than_Zero,0.25760602951049805,0.17960843243837799,0.43735384775338865,0.028484715542972834,0.6115705860078885,1908.99,4.194134827847093,143.5546875,False,False,False,False,False,C,MID,0.27462500000000006,False
137.55450129200472,14.8897,Less_Than_Zero,0.17500193417072296,0.15080254437433152,0.30146601939458456,0.016509189070003618,0.5929086817553386,1781.99,3.522750805027069,143.5546875,False,False,False,False,False,C,MID,0.17850625000000006,False
137.64802241697907,5.3718,Less_Than_Zero,0.13596832752227783,0.13968256716910377,0.21103165407227384,0.02740432908987912,0.7154066471057282,2799.98,3.7010783118213424,143.5546875,False,False,False,False,False,C,MID,0.16498862951371665,False
137.74391516699689,6.517,Less_Than_Zero,0.1111019104719162,0.1121919080452378,0.07661158701449326,0.059137613787491744,0.880427771507836,5146.69,2.508140657089734,143.5546875,False,False,False,False,False,C,MID,0.1631487868510441,False
137.83457654196536,2.1883,Less_Than_Zero,0.1958741843700409,0.311595706582281,0.24720690264700634,0.02055190108721611,0.6678979283918374,2349.86,7.176583368178429,143.5546875,False,False,False,False,False,C,MID,0.16585553510986656,False
137.92437987495214,4.807,Less_Than_Zero,0.14856816828250885,0.34616006546487244,0.2009691763940502,0.03902513414776205,0.7609778432546809,3312.55,3.024130203995452,143.5546875,False,False,False,False,False,C,MID,0.1662842483765866,False
138.01722616696497,4.9049,Less_Than_Zero,0.247099831700325,0.19436541118756281,0.28522934329216076,0.04450704256411725,0.7381536071749649,3045.06,3.923758645086823,143.5546875,False,False,False,False,False,C,MID,0.1706911272988392,False
138.11320887500187,4.4505,Less_Than_Zero,0.15054021775722504,0.2843052901434147,0.315170599326843,0.016989245244596992,0.5797239885531463,1697.39,3.633879823811635,143.5546875,False,False,False,False,False,C,MID,0.17098004054193228,False
138.20473949995358,2.2808,Less_Than_Zero,0.2100743055343628,0.14113402764881797,0.21364040402569054,0.014751613886981443,0.644834480699941,2158.21,8.105275960503759,143.5546875,False,False,False,False,False,C,MID,0.17384650351612047,False
138.29882149997866,4.37,Less_Than_Zero,0.15486755967140198,0.278797823693696,0.29659426846441,0.019233114745287355,0.5982349669355393,1817.35,2.527605275864418,143.5546875,False,False,False,False,False,C,MID,0.17419660935653414,False
138.3937657919596,3.9419,Less_Than_Zero,0.1853439211845398,0.17848152887943364,0.24252399764198118,0.009476520534305543,0.5480573890765602,1510.26,3.7925443603423448,143.5546875,False,False,False,False,False,C,MID,0.17591941444891843,False
138.48253408295568,4.9647,Less_Than_Zero,0.16202034056186676,0.16211710117234468,0.2418273297471947,0.0072321550496889965,0.5077598957406333,1301.64,2.1116280758504935,143.5546875,False,False,False,False,False,C,MID,0.17651446839155957,False
138.57719541696133,4.801,Less_Than_Zero,0.10376258939504623,0.14645559336555034,0.19526273285644552,0.006820397852260378,0.5838043622324433,1723.14,2.0947060821394334,143.5546875,False,False,False,False,False,C,MID,0.17351340602886173,False
138.6702355829766,4.4107,Less_Than_Zero,0.09632357954978943,0.1589610660468166,0.1373512813658541,0.010536377177119277,0.6247259061590946,2003.91,4.519340438528883,143.5546875,False,False,False,False,False,C,MID,0.1699869415798416,False
138.7631214169669,4.1937,Less_Than_Zero,0.08114348351955414,0.15614086456444268,0.10717654862260642,0.00787182835141467,0.5786826279730107,1690.89,2.576010906551222,143.5546875,False,False,False,False,False,C,MID,0.1647417311550273,False
138.85708200000226,4.5741,Less_Than_Zero,0.09302496910095215,0.1512297047005176,0.12205205494547021,0.009918284733772783,0.6279648258361601,2028.0,3.116247463855227,143.5546875,False,False,False,False,False,C,MID,0.16131743620336617,False
138.95168154197745,4.4236,Less_Than_Zero,0.08977638930082321,0.2595740944496934,0.11299727229353529,0.008762537861664322,0.5487417847898678,1514.07,2.524189435321663,143.5546875,False,False,False,False,False,C,MID,0.1577028780725581,False
139.0398269169964,3.5848,Less_Than_Zero,0.08810058236122131,0.20606394671966444,0.108318812010925,0.00613180495437385,0.4833712268442517,1189.65,3.7537928311380186,143.5546875,False,False,False,False,False,C,MID,0.15406801121581545,False
139.13468550000107,5.3196,Less_Than_Zero,0.07614131271839142,0.1523541166150107,0.12032864174045738,0.005048279011414591,0.47201230935915095,1140.83,1.7334436737847663,143.5546875,False,False,False,False,False,C,LOW,0.0,False
139.22475083300378,1.9078,Less_Than_Zero,0.07276660948991776,0.1331067842150604,0.08420591609873834,0.00503857936457555,0.5609295206722704,1583.7,2.8023033625070513,143.5546875,False,False,False,False,False,C,LOW,0.0,False
139.31860370800132,1.5546,Less_Than_Zero,0.08820606768131256,0.30150815541827275,0.08304105608351628,0.008390447855983543,0.5776851082721964,1684.68,2.5896374169134777,143.5546875,False,False,False,False,False,C,LOW,0.0,False
139.41515716694994,3.2803,Less_Than_Zero,0.06268545985221863,0.2623802893641075,0.06247841817296455,0.004219969356093286,0.5023647644534409,1275.99,2.0273371652849925,143.5546875,False,False,False,False,False,C,LOW,0.0,False
139.50455570797203,1.4887,Less_Than_Zero,0.142768993973732,0.3139377094835205,0.13873661411476473,0.02044027845677106,0.6984388048163792,2630.09,6.6109180491793245,143.5546875,True,True,False,True,False,C,LOW,0.0,False
139.60173220798606,18.6304,Less_Than_Zero,0.11520708352327347,0.22809643049485578,0.17026403160970752,0.016518696710639505,0.5618963526083434,1589.36,1.6115722857830836,143.5546875,False,False,False,False,False,C,LOW,0.0,False
139.69466287497198,5.0059,Less_Than_Zero,0.1114165335893631,0.19996395298598613,0.1558177938042229,0.011901382482944776,0.5128033586995243,1326.09,3.018692414231751,143.5546875,False,False,False,False,False,C,LOW,0.0,False
139.78730933298357,6.3701,Less_Than_Zero,0.09730739891529083,0.22921740530845786,0.13358913316798343,0.009431665519679278,0.5088272993490796,1306.78,2.5547594258258273,143.5546875,False,False,False,False,False,C,LOW,0.0,False
139.87922620796598,4.4396,Less_Than_Zero,0.0969478115439415,0.2565419606226258,0.10922303767175391,0.007887220513802482,0.5839843254036408,1724.28,3.59935666179949,143.5546875,False,True,False,False,False,C,LOW,0.0,False
139.97042412497103,3.8699,Less_Than_Zero,0.08325540274381638,0.2705818508655425,0.10377951757728017,0.00891172266087319,0.5932889629249094,1784.49,2.9925612781582256,143.5546875,False,False,False,False,False,C,LOW,0.0,False
140.06517899996834,4.0708,Less_Than_Zero,0.08059853315353394,0.18876680239248736,0.09446373705934205,0.006319222977529682,0.5449790261287626,1493.2,2.6086553226510687,143.5546875,False,False,False,False,False,C,LOW,0.0,False
140.1563431249815,5.5283,Less_Than_Zero,0.09430237859487534,0.30898965552140384,0.08964093368950443,0.014973859065658082,0.6962951809885163,2609.38,4.2970173320067895,143.5546875,True,True,False,True,False,C,LOW,0.0,False
140.24921004200587,5.265,Less_Than_Zero,0.08390786498785019,0.29895160054362646,0.08191073037717057,0.009518900674743114,0.5570702637923126,1561.31,2.4484038611861614,143.5546875,False,False,False,False,False,C,LOW,0.0,False
140.34021100000245,4.9644,Less_Than_Zero,0.07810617983341217,0.2828517680634972,0.0726756667676466,0.007581767521393589,0.5974417950090418,1812.04,2.1855374394370197,143.5546875,False,False,False,False,False,C,LOW,0.0,False
140.43736108299345,3.7313,Less_Than_Zero,0.06889688223600388,0.25977126563616154,0.06627476179347365,0.00635771278859333,0.6194301683723851,1965.14,3.0618019665415597,143.5546875,False,False,False,False,False,C,LOW,0.0,False
140.526284499967,3.6033,Less_Than_Zero,0.07915621250867844,0.22598458288980072,0.07548452872308563,0.008575029730015015,0.6398382735876416,2118.8,3.774183530265162,143.5546875,False,False,False,False,False,C,LOW,0.0,False
140.62126187497051,3.5127,Less_Than_Zero,0.07062080502510071,0.20767147457507468,0.09133106890936327,0.007017301309099262,0.5557774424680738,1553.88,1.5502936376678436,143.5546875,False,False,False,False,False,C,LOW,0.0,False
140.71311224997044,4.0131,Less_Than_Zero,0.10508286207914352,0.1498718270117025,0.11068559336365912,0.015373781762128192,0.676245520960429,2423.35,6.775167044374923,143.5546875,False,True,False,False,False,C,LOW,0.0,False
140.80814337497577,5.5753,Less_Than_Zero,0.10621040314435959,0.21068922772703735,0.14617103098831263,0.019175696715617557,0.6401631393156633,2121.34,2.4051211693310734,143.5546875,False,False,False,False,False,C,LOW,0.0,False
140.9003751249984,4.5406,Less_Than_Zero,0.09918390959501266,0.19798992088647255,0.14267866508214241,0.010847325408125066,0.5229656391359198,1376.74,2.243252935362137,143.5546875,False,False,False,False,False,C,LOW,0.0,False
140.99374116695253,4.1638,Less_Than_Zero,0.08998455852270126,0.16921571082359066,0.1243125582478772,0.00945972882713286,0.5081468150766247,1303.5,2.3695274656926335,143.5546875,False,False,False,False,False,C,LOW,0.0,False
141.0828290419886,4.5441,Less_Than_Zero,0.07856001704931259,0.16623893792542094,0.11273450748641001,0.007226758882753528,0.4940842176615925,1237.61,2.220009484038575,143.5546875,False,False,False,False,False,C,LOW,0.0,False
141.17878600000404,5.2606,Less_Than_Zero,0.09314655512571335,0.25277443034384256,0.1057674340403977,0.015900000832385453,0.6609083195554689,2290.05,4.153373899521494,143.5546875,True,True,False,True,False,C,LOW,0.0,False
141.27379599999404,5.9049,Less_Than_Zero,0.045796751976013184,0.16156655352271762,0.06612830970006349,0.010648672410744167,0.6430983258510404,2144.43,1.3105916526837211,143.5546875,False,False,False,False,False,C,LOW,0.0,False
141.3631051669945,4.6472,Less_Than_Zero,0.0787183865904808,0.17784936373396015,0.0625540206123855,0.007876076231300802,0.6733999649443165,2398.04,4.627461831455897,143.5546875,False,False,False,False,False,C,LOW,0.0,False
141.45747187495,4.6958,Less_Than_Zero,0.05672147497534752,0.22797878348970008,0.08207621093800695,0.0077612223765421515,0.6456827882383916,2164.97,3.0076657572257277,143.5546875,False,False,False,False,False,C,LOW,0.0,False
141.5503821669845,3.3857,Less_Than_Zero,0.09882815182209015,0.1315684459646741,0.07200364435722281,0.013989617257548841,0.6810765142876806,2466.92,5.993528714292791,143.5546875,False,True,False,False,False,C,LOW,0.0,False
141.64245316700544,15.8894,Less_Than_Zero,0.11345263570547104,0.27600863117836577,0.1566671636762424,0.02330653523878923,0.6703292168214938,2371.03,6.411257656952234,143.5546875,False,False,False,False,False,C,LOW,0.0,False
141.73710870795185,3.39,Less_Than_Zero,0.10064589232206345,0.16590006013822817,0.1473344685089809,0.010119025013565234,0.5292216030290534,1408.88,2.2368635785633497,143.5546875,False,False,False,False,False,C,LOW,0.0,False
141.82853937498294,4.974,Less_Than_Zero,0.08070023357868195,0.1134715705026442,0.12578906858434438,0.007368862521138578,0.5206243439515381,1364.9,1.4781661274168196,143.5546875,False,False,False,False,False,C,LOW,0.0,False
141.919177667005,5.0369,Less_Than_Zero,0.0667824074625969,0.09765616455369647,0.10279715797989718,0.0062134785042409395,0.5811443933267331,1706.31,2.361065435082673,143.5546875,True,True,False,True,False,C,LOW,0.0,False
142.0151457079919,4.6854,Less_Than_Zero,0.11303748190402985,0.29173304255721544,0.09361276763378118,0.016234624156190567,0.755026057767588,3240.61,5.839346866538671,143.5546875,False,False,False,False,False,C,LOW,0.0,False
142.1039339999552,4.6776,Less_Than_Zero,0.06435025483369827,0.37714446964058657,0.058326909943577525,0.011108394773869858,0.614569543122537,1930.22,1.5520495806149242,143.5546875,False,False,False,False,False,C,LOW,0.0,False
142.19961945799878,2.238,Less_Than_Zero,0.0751621425151825,0.1571080884507863,0.06749070219817595,0.01010353819857017,0.6697340543205573,2365.83,5.103476864855599,143.5546875,False,False,False,False,False,C,LOW,0.0,False
142.2919435829972,5.5359,Less_Than_Zero,0.08919262140989304,0.2996193687397746,0.0939863564735244,0.014663597351367328,0.6402888891573781,2122.32,2.3392687088153847,143.5546875,False,False,False,False,False,C,LOW,0.0,False
142.3879313750076,5.0757,Less_Than_Zero,0.050806473940610886,0.20029919181104724,0.060124313631560254,0.009062063359696376,0.5527148671697458,1536.43,1.9010655336741882,143.5546875,False,False,False,False,False,C,LOW,0.0,False
142.47754274995532,5.9091,Less_Than_Zero,0.047673530876636505,0.1450529227100585,0.050983561606086705,0.006151010169876716,0.5786755981689287,1690.84,1.8462542918385145,143.5546875,False,False,False,False,False,C,LOW,0.0,False
142.57437975000357,4.2365,Less_Than_Zero,0.058043062686920166,0.1550033727890871,0.056219166195715486,0.005394964560867127,0.601193142319039,1837.29,4.816637051088228,143.5546875,False,False,False,False,False,C,LOW,0.0,False
142.66462374996627,4.9022,Less_Than_Zero,0.08583194762468338,0.30989232403134875,0.06483112260327548,0.007154459600617036,0.613223425922081,1920.66,3.9048126288738754,143.5546875,False,False,False,False,False,C,LOW,0.0,False
142.75926683295984,4.2511,Less_Than_Zero,0.06121714040637016,0.2521624704794927,0.05738098391073523,0.005110983939095788,0.5241140016565912,1382.59,2.8139276719082744,143.5546875,False,False,False,False,False,C,LOW,0.0,False
142.8516524999868,3.79,Less_Than_Zero,0.13289502263069153,0.24905440538531642,0.13892593141788306,0.023564054361700667,0.7439680162711908,3111.08,7.529684320615112,143.5546875,True,True,False,True,False,C,LOW,0.0,False
142.94074729195563,4.7353,Less_Than_Zero,0.10349664837121964,0.2713912573012759,0.14529848602839482,0.012563053843589463,0.5560514470625963,1555.46,1.9260368031920567,143.5546875,False,False,False,False,False,C,LOW,0.0,False
143.03805341699626,4.6918,Less_Than_Zero,0.09381064027547836,0.20084496650821848,0.1254959774170541,0.010177024137662423,0.4910686797532414,1223.92,1.988968527991951,143.5546875,False,False,False,False,False,C,LOW,0.0,False
143.12996129196836,5.2591,Less_Than_Zero,0.08026513457298279,0.2183318784697682,0.10891710617876847,0.0067393465673547225,0.48756601235832253,1208.2,2.105134296120964,143.5546875,False,False,False,False,False,C,LOW,0.0,False
143.22361408296274,4.6075,Less_Than_Zero,0.0737726241350174,0.19033029091407516,0.0794428128168911,0.008618577186632953,0.6509356413919237,2207.33,4.047356643926182,143.5546875,False,True,False,False,False,C,LOW,0.0,False
143.31420095800422,3.3793,Less_Than_Zero,0.07323545962572098,0.2618433892534176,0.07932593147079442,0.012238906730228209,0.6581566250893754,2266.92,4.495927444250837,143.5546875,False,False,False,False,False,C,LOW,0.0,False
143.40851016697707,4.9416,Less_Than_Zero,0.08183947205543518,0.1513442854850038,0.0772365746419478,0.008184940859707274,0.6174396245610432,1950.77,6.5069869542294,143.5546875,False,True,False,False,False,C,LOW,0.0,False
143.4982700420078,8.2056,Less_Than_Zero,0.11424730718135834,0.27118647943760815,0.13559422009153566,0.02054288392313294,0.695379065651864,2600.57,4.555270767678272,143.5546875,False,False,False,False,False,C,LOW,0.0,False
143.5954574169591,4.8225,Less_Than_Zero,0.1444622129201889,0.31383679861574454,0.08313689306338494,0.05901806667866806,0.8034826170191351,3874.87,2.9868859812681916,143.5546875,False,False,False,False,False,C,LOW,0.0,False
143.68735179200303,15.1495,Less_Than_Zero,0.3129289448261261,0.11981200869180403,0.4247111686871425,0.03846765629304317,0.6853689259673263,2506.29,7.626946503941118,143.5546875,False,False,False,False,False,C,LOW,0.0,False
143.78085254196776,5.598,Less_Than_Zero,0.1680903285741806,0.09775943679016474,0.32273133612639776,0.02787440336821635,0.6666509106118423,2339.08,3.2906031575464394,143.5546875,False,False,False,False,False,C,LOW,0.0,False
143.8695631249575,4.4397,Less_Than_Zero,0.16021166741847992,0.19931752266975958,0.18905221088989022,0.05459463991339176,0.777034649635336,3514.68,8.388709659815628,143.5546875,True,True,False,True,False,C,LOW,0.0,False
143.96579283295432,4.9017,Less_Than_Zero,0.0684659406542778,0.2517075544504366,0.11539801992058223,0.012755328368603982,0.6205773534201072,1973.48,2.1412465160097702,143.5546875,False,False,False,False,False,C,LOW,0.0,False
144.0559767499799,4.9971,Less_Than_Zero,0.24567781388759613,0.15868322630397075,0.2968858388761416,0.028209483637944784,0.6641013115903905,2317.18,8.436155566344047,143.5546875,False,False,False,False,False,C,LOW,0.0,False
144.14822891697986,4.451,Less_Than_Zero,0.1384410411119461,0.24129966980016695,0.23718851731489035,0.051124677360914327,0.8049501151129117,3895.91,2.6940330638322805,143.5546875,False,False,False,False,False,C,LOW,0.0,False
144.24512674997095,5.0673,Less_Than_Zero,0.17267487943172455,0.13160269711190228,0.15151609463337612,0.04091368585036501,0.8091194423473592,3956.29,4.761486688589277,143.5546875,False,False,False,False,False,C,LOW,0.0,False
144.33548266696744,4.6122,Less_Than_Zero,0.14603844285011292,0.08648131678185386,0.2863486490324935,0.015849108536153445,0.6062917692118452,1872.17,3.051344689613574,143.5546875,False,False,False,False,False,C,LOW,0.0,False
144.42878799996106,4.126,Less_Than_Zero,0.1991662234067917,0.08591233726833965,0.23196776368806984,0.01191927311560391,0.5797387379595238,1697.49,3.085480005734014,143.5546875,False,False,False,False,False,C,LOW,0.0,False
144.5227997499751,4.5397,Less_Than_Zero,0.2553583085536957,0.21663206852933037,0.3665511540531564,0.038978484385335146,0.6765947854697711,2426.47,3.822863715813676,143.5546875,False,False,False,False,False,C,LOW,0.0,False
144.61696054198546,3.528,Less_Than_Zero,0.2620348334312439,0.13858636625466653,0.3805664535514053,0.039051031673479356,0.6642841180001882,2318.75,3.1205838772103025,143.5546875,False,False,False,False,False,C,LOW,0.0,False
144.70504004199756,1.171,Less_Than_Zero,0.18602488934993744,0.1345223080518361,0.32105283967347364,0.023375439158365506,0.6180310882209499,1955.03,4.532584420059082,143.5546875,False,False,False,False,False,C,LOW,0.0,False
144.8001485419809,1.1568,Less_Than_Zero,0.13180062174797058,0.20450841416267776,0.19664354660247965,0.014692993212184141,0.5828262958201367,1716.93,2.349673585019308,143.5546875,False,False,False,False,False,C,LOW,0.0,False
144.89531112497207,1.1145,Less_Than_Zero,0.3091355264186859,0.12962339509533702,0.3907782452480114,0.014283886447732791,0.5330799737665314,1429.08,5.249452815943783,143.5546875,False,False,False,False,False,C,LOW,0.0,False
144.98678608296905,1.1525,Less_Than_Zero,0.21010860800743103,0.22733104514572164,0.3851416290622117,0.01976332427031509,0.6181007651779553,1955.53,2.9016192696294656,143.5546875,False,False,False,False,False,C,LOW,0.0,False
145.08014166698558,0.9505,Less_Than_Zero,0.3036717176437378,0.16583203756434148,0.4017098674161229,0.012867963353249594,0.5223486822652981,1373.61,3.551841299413392,143.5546875,False,False,False,False,False,C,LOW,0.0,False
145.1709139579907,1.0328,Less_Than_Zero,0.26772400736808777,0.12360909698815946,0.4253550769949018,0.0112881858112248,0.514203846733438,1332.95,2.2763919599804057,143.5546875,False,False,False,False,False,C,LOW,0.0,False
145.26349612500053,1.2297,Less_Than_Zero,0.20344507694244385,0.12015349874080127,0.31926241576501835,0.017390428435098748,0.5447618730950865,1492.01,2.684697384017974,143.5546875,False,False,False,False,False,C,LOW,0.0,False
145.3574170419597,2.081,Less_Than_Zero,0.26132097840309143,0.10000933126314891,0.3455246751567767,0.023857598183138103,0.6355382822310692,2085.45,3.205819594504861,143.5546875,False,False,False,False,False,C,LOW,0.0,False
145.45116870797938,4.038,Less_Than_Zero,0.3200339376926422,0.10246764019172161,0.4772752144137333,0.023698822602769253,0.5895326563703432,1759.94,2.506316006536659,143.5546875,False,False,False,False,False,C,LOW,0.0,False
145.54517816699808,3.5777,Less_Than_Zero,0.23207060992717743,0.0896508003115304,0.3650419852361656,0.016540823003908342,0.5528934556341186,1537.44,3.509489811581688,143.5546875,False,False,False,False,False,C,LOW,0.0,False
145.6346747079515,4.4492,Less_Than_Zero,0.25369709730148315,0.1478234574303185,0.36599811067065835,0.0199058929902802,0.5891169795878346,1757.24,2.5541381101653373,143.5546875,False,False,False,False,False,C,LOW,0.0,False
145.73234941699775,17.9729,Less_Than_Zero,0.25051349401474,0.12760398852039906,0.41284233015649197,0.019984791776707044,0.5423975242606174,1479.05,3.7398239634569466,143.5546875,False,False,False,False,False,C,LOW,0.0,False
145.82516020798357,5.616,Less_Than_Zero,0.21334640681743622,0.11451832801729062,0.3264273309893653,0.016158771259660556,0.5480444226572959,1510.18,2.666907249559626,143.5546875,False,False,False,False,False,C,LOW,0.0,False
145.91741362499306,4.3525,Less_Than_Zero,0.16460837423801422,0.13437209711996267,0.2574037453829396,0.00810755362709587,0.5047877237346047,1287.45,2.304269739030367,143.5546875,False,False,False,False,False,C,LOW,0.0,False
146.01039654196938,4.4272,Less_Than_Zero,0.15244773030281067,0.15165403001913405,0.2308807769329005,0.008098032134314332,0.5538204353602311,1542.71,2.7202511037679664,143.5546875,False,False,False,False,False,C,LOW,0.0,False
146.10334425000474,4.6983,Less_Than_Zero,0.14796864986419678,0.1477015564282486,0.22890001460131004,0.005529011018666988,0.47964257246825176,1173.4,2.345580260013926,143.5546875,False,False,False,False,False,C,LOW,0.0,False
146.1917980419821,3.9973,Less_Than_Zero,0.15878117084503174,0.20391258074281302,0.19748050438506456,0.0192183635577034,0.6759687576532588,2420.88,4.970479760764727,143.5546875,False,False,False,False,False,C,LOW,0.0,False
146.28612937498838,3.9087,Less_Than_Zero,0.1275520771741867,0.31970111966901,0.19585244982384975,0.016168944784617827,0.5591631601892123,1573.41,1.8197257784980643,143.5546875,False,False,False,False,False,C,LOW,0.0,False
146.37746724998578,4.2061,Less_Than_Zero,0.11113269627094269,0.12069166127012228,0.16569239044646064,0.008134444863120533,0.47321657745738893,1145.91,3.0561280068909085,143.5546875,False,False,False,False,False,C,LOW,0.0,False
146.47439120797208,5.0901,Less_Than_Zero,0.12995941936969757,0.04292147227562741,0.19307078119569965,0.004713031402332638,0.4394062716476351,1011.54,1.8163736294731336,143.5546875,False,False,False,False,False,C,LOW,0.0,False
146.56605416699313,4.1917,Less_Than_Zero,0.09314757585525513,0.023404898270471874,0.15931916882331276,0.0032436410820223076,0.423572064818902,954.15,3.3554770764427313,143.5546875,False,False,False,False,False,C,LOW,0.0,False
146.66013495798688,4.2019,Less_Than_Zero,0.08742894977331161,0.004555393790146733,0.144957007693425,0.0025715765220780855,0.40174575483859926,880.34,2.6370454655458144,143.5546875,False,False,False,False,False,C,LOW,0.0,False
146.75033049995545,4.1507,Less_Than_Zero,0.06381236016750336,0.002689361623245741,0.1043273058553917,0.0012390429697661598,0.4086166537181966,902.94,2.347824525895556,143.5546875,False,False,False,False,False,C,LOW,0.0,False
146.84570149995852,5.1507,Less_Than_Zero,0.057308223098516464,0.0020201577027422132,0.0826701483656561,0.0008654996333384861,0.39426779522021815,856.39,2.56802667324791,143.5546875,False,False,False,False,False,C,LOW,0.0,False
146.93933649995597,2.6121,Less_Than_Zero,0.04959237948060036,0.001789464827236711,0.08205785800743995,0.0008812470869831433,0.38418308008496815,825.11,1.8939992862576935,143.5546875,False,False,False,False,False,C,LOW,0.0,False
147.02967166696908,2.1149,Less_Than_Zero,0.03635755926370621,0.0016163614556785842,0.0628777233870562,0.0010368247581307886,0.39910419979496886,871.8,2.655414982532017,143.5546875,False,False,False,False,False,C,LOW,0.0,False
147.11971895798342,1.2149,Less_Than_Zero,0.03700267896056175,0.0015605080162764313,0.051130177724631166,0.0009735441608040312,0.40095685861001196,877.78,3.405106796865592,143.5546875,False,False,False,False,False,C,LOW,0.0,False
147.21755999996094,3.4202,Less_Than_Zero,0.0321250781416893,0.0017259198550749761,0.05225697847272203,0.0007446473422525039,0.38625618222032093,831.45,3.434050019333909,143.5546875,False,False,False,False,False,C,LOW,0.0,False
147.30666754196864,2.3268,Less_Than_Zero,0.020725861191749573,0.0014075060436156185,0.042994955794945305,0.0007069243824128888,0.3995098000589023,873.11,2.288455403714619,143.5546875,False,False,False,False,False,C,LOW,0.0,False
147.39882241695886,2.8864,Less_Than_Zero,0.019996771588921547,0.0016316302933545087,0.02393352287486219,0.0007052275642215255,0.4038620972008291,887.24,3.595248105385492,143.5546875,False,False,False,False,False,C,LOW,0.0,False
147.49123062496074,2.288,Less_Than_Zero,0.017286071553826332,0.0018505817668343755,0.0313254892715264,0.0004651586699104068,0.3758571346329445,800.16,2.8280935990684912,143.5546875,False,False,False,False,False,C,LOW,0.0,False
147.5872400829685,2.5305,Less_Than_Zero,0.013124861754477024,0.0016170075752564884,0.019981777556764658,0.0002130153775520706,0.3655915402856607,770.42,3.0578952190728255,143.5546875,False,False,False,False,False,C,LOW,0.0,False
147.68001529196044,3.1012,Less_Than_Zero,0.013268466107547283,0.00178055731693832,0.02032350639258092,0.00014447148681001585,0.36211339568114065,760.6,2.1742138102726423,143.5546875,False,False,False,False,False,C,LOW,0.0,False
147.77164583298145,20.2525,Less_Than_Zero,0.013043529354035854,0.001846256344653988,0.01941185030576715,0.00013921914608671257,0.37219296292952675,789.42,2.443789797421623,143.5546875,False,False,False,False,False,C,LOW,0.0,False
147.8668895419687,3.7825,Less_Than_Zero,0.012773171998560429,0.001825523803577392,0.01959884547259655,0.00019734793580189575,0.36866044120251196,779.19,2.344329422801885,143.5546875,False,False,False,False,False,C,LOW,0.0,False
147.96010791696608,4.186,Less_Than_Zero,0.011796795763075352,0.0017588631679321084,0.020412938708319252,0.00019309824556717735,0.3714151256770466,787.15,2.413045252213044,143.5546875,False,False,False,False,False,C,LOW,0.0,False
148.05050545796985,1.801,Less_Than_Zero,0.005623743403702974,0.0018106443510686337,0.00895628769223149,0.0001370890115598217,0.39078275176968164,845.45,2.6742362563067505,143.5546875,False,False,False,False,False,C,LOW,0.0,False
148.1449198749615,5.126,Less_Than_Zero,0.008714867755770683,0.0017419560484439422,0.011517432766040035,0.0001129286638121798,0.3770371004532825,803.65,2.9864976930631264,143.5546875,False,False,False,False,False,C,LOW,0.0,False
148.23445133300265,4.7707,Less_Than_Zero,0.006496541667729616,0.0016945281551134048,0.0124076120186945,0.00010800696384541264,0.3673791351848985,775.52,3.0763860091710495,143.5546875,False,False,False,False,False,C,LOW,0.0,False
148.32828783296281,4.0294,Less_Than_Zero,0.005165912210941315,0.00171015864578706,0.00822147218736334,7.934836813334497e-05,0.369560254884541,781.79,3.166306285852266,143.5546875,False,False,False,False,False,C,LOW,0.0,False
148.4239016249776,4.203,Less_Than_Zero,0.0027022913563996553,0.0016609242500958503,0.0051515913930852645,4.123696889810563e-05,0.3814773768335859,816.92,2.1151939812817258,143.5546875,False,False,False,False,False,C,LOW,0.0,False
148.51423087500734,4.4663,Less_Than_Zero,0.0019301797728985548,0.0016327492993317917,0.003270445753765334,2.7668644409520692e-05,0.3798764562425323,812.11,2.674821429880835,143.5546875,False,False,False,False,False,C,LOW,0.0,False
148.61001062497962,4.0689,Less_Than_Zero,0.0032139727845788,0.0016626137608703627,0.00410726549284702,2.9536819164326418e-05,0.383565388786738,823.24,3.4580475523273138,143.5546875,False,False,False,False,False,C,LOW,0.0,False
148.70401241700165,4.2556,Less_Than_Zero,0.0025419252924621105,0.0016992498265852613,0.0045037652886655045,4.4509978644069534e-05,0.3886242836652908,838.74,2.561719394166808,143.5546875,False,False,False,False,False,C,LOW,0.0,False
148.79240445798496,5.1482,Less_Than_Zero,0.0017514523351565003,0.0017092191679708624,0.002818114383645233,4.285451827371787e-05,0.3981028201853221,868.59,2.890197975626439,143.5546875,False,False,False,False,False,C,LOW,0.0,False
148.88885366695467,4.7294,Less_Than_Zero,0.001775315380655229,0.001650402706714838,0.0026062382136607873,2.875923138655157e-05,0.3982773835855526,869.15,2.383069445403241,143.5546875,False,False,False,False,False,C,LOW,0.0,False
148.98164862499107,4.0685,Less_Than_Zero,0.0016311578219756484,0.0017101609069463558,0.0027285160302692934,2.6855295043655556e-05,0.39990944242674853,874.4,2.5758874135640126,143.5546875,False,False,False,False,False,C,LOW,0.0,False
149.07488729199395,3.8352,Less_Than_Zero,0.00130833953153342,0.0016491899964901542,0.00199837093497015,2.4411281320547116e-05,0.40338622827502135,885.68,2.897343031575486,143.5546875,False,False,False,False,False,C,LOW,0.0,False
149.1681063749711,3.461,Less_Than_Zero,0.001432000077329576,0.0016562171334749461,0.002081915435483748,2.0395909714759534e-05,0.39245610446930973,850.68,3.617594859693317,143.5546875,False,False,False,False,False,C,LOW,0.0,False
149.2582514169626,2.3833,Less_Than_Zero,0.0013189904857426882,0.0016517316071316772,0.0019080815286509059,1.686474167974964e-05,0.39881116343494194,870.86,2.8620134257701397,143.5546875,False,False,False,False,False,C,LOW,0.0,False
149.35220862500137,3.6266,Less_Than_Zero,0.0010127375135198236,0.0016474718974202036,0.0017488036575895277,1.410887079361111e-05,0.39921506593920647,872.16,2.3814156293326834,143.5546875,False,False,False,False,False,C,LOW,0.0,False
149.44274408300407,4.0699,Less_Than_Zero,0.0007070612628012896,0.0016226464064413946,0.0011166607617360664,1.5475158347659268e-05,0.4230271056289651,952.24,3.0945118362381527,143.5546875,False,False,False,False,False,C,LOW,0.0,False
149.538522457995,1.9446,Less_Than_Zero,0.0008765561506152153,0.001654936299201464,0.0012446536305876813,1.5951215919616158e-05,0.427463776075227,967.95,3.3687573783342746,143.5546875,False,False,False,False,False,C,LOW,0.0,False
149.63000874995487,4.5365,Less_Than_Zero,0.0005960052367299795,0.0016488279306392153,0.0008832584071202326,1.1650947484232e-05,0.42686491297994306,965.81,2.7753010543651992,143.5546875,False,False,False,False,False,C,LOW,0.0,False
149.72535999998217,4.9624,Less_Than_Zero,0.0005260467296466231,0.001630521765750513,0.0007548743331904352,8.427013710243584e-06,0.4201612472327552,942.22,2.8301008531834104,143.5546875,False,False,False,False,False,C,LOW,0.0,False
