timestamp,processing_time_ms,track_id,rms,rms_bass,rms_mid,rms_high,spectral_centroid,spectral_centroid_hz,onset_strength,bpm,is_beat,is_raw_beat,is_beat_bass,is_beat_high,is_section_boundary,current_section,energy_state,dimmer,strobe_bass
0.0,19.3284,Less Than Zero.wav,0.3566722273826599,0.9349707029656655,0.16602474745802268,0.028166207264750855,0.6083193885602107,1886.23,46.94991228926072,120.0,False,False,False,False,False,A,MID,0.014594801056814464,False
0.09287981859410431,0.9652,Less Than Zero.wav,0.32422250509262085,1.442882107743601,0.19900402650977095,0.07875717427187921,0.7814304278321621,3572.14,3.8797910268477565,120.0,False,False,False,False,False,A,MID,0.028459862060788203,False
0.18575963718820862,1.2524,Less Than Zero.wav,0.35400572419166565,1.4480068164052304,0.14846611601390436,0.03451544183489191,0.6825812404887454,2480.65,2.172073068599181,120.0,False,False,False,False,False,A,MID,0.041631670014563256,False
0.2786394557823129,3.4167,Less Than Zero.wav,0.4930424094200134,2.290275037248752,0.13975866694371988,0.04013847088067922,0.6029034106465002,1848.92,6.848525700201147,120.0,False,False,False,False,False,A,MID,0.05414488757064956,False
0.37151927437641724,2.8647,Less Than Zero.wav,0.20064932107925415,0.7072427555526754,0.1628864892806384,0.03180168589560897,0.6014284122536381,1838.88,2.8085345301619986,120.0,False,False,False,False,False,A,MID,0.06603244424893154,False
0.46439909297052157,3.7757,Less Than Zero.wav,0.5068825483322144,1.934616976057291,0.15727345810417356,0.04059144245876264,0.625069091335238,2006.45,6.222332985781647,120.0,False,False,False,False,False,A,MID,0.07732562309329942,False
0.5572789115646258,6.7848,Less Than Zero.wav,0.12749318778514862,1.1775256894461748,0.18157015123133866,0.03618798936691492,0.632442434184816,2061.77,2.483304486120852,120.0,False,False,False,False,False,A,MID,0.08805414299544892,False
0.6501587301587302,2.5364,Less Than Zero.wav,0.2739027142524719,0.63815536944334,0.15634072406513416,0.033970702751304406,0.6722845433612261,2388.2,5.551656156193977,120.0,False,False,False,False,False,A,MID,0.09824623690249093,False
0.7430385487528345,2.0444,Less Than Zero.wav,0.27185532450675964,1.169051642209338,0.21216104845531938,0.04167331981653212,0.6258718791847836,2012.4,1.9473487116396258,120.0,False,False,False,False,False,A,MID,0.10792872611418085,False
0.8359183673469388,2.0108,Less Than Zero.wav,0.3956480622291565,1.2793080697140309,0.19971423887948914,0.03736187982606523,0.6005433394665318,1832.89,8.194868161015641,120.0,False,False,False,False,False,A,MID,0.11961395655984042,False
0.9287981859410431,3.0312,Less Than Zero.wav,0.35005128383636475,1.5534477851754955,0.2169995706371001,0.07965534127676392,0.7593851683262846,3293.14,3.8505028284777914,120.0,False,False,False,False,False,A,MID,0.12932742650709975,False
1.0216780045351475,2.3036,Less Than Zero.wav,0.28047826886177063,1.3484371777731508,0.18657259826785347,0.0381288941524318,0.6627258468729567,2305.45,3.2158813720371446,120.0,False,False,False,False,False,A,MID,0.1360965710944498,False
1.1145578231292517,3.0823,Less Than Zero.wav,0.32492199540138245,1.1810176725254395,0.2233624571381976,0.04225243801748434,0.6503591667866929,2202.64,4.6499669198422175,120.0,False,False,False,False,False,A,MID,0.1441540754233631,False
1.207437641723356,1.8573,Less Than Zero.wav,0.3056007921695709,1.178550792337282,0.16237567917798637,0.04100038685186875,0.6193499837470817,1964.56,2.0444678828525573,120.0,False,False,False,False,False,A,MID,0.1511289779680068,False
1.3003174603174603,3.2568,Less Than Zero.wav,0.4938909411430359,1.9570040430120592,0.15429373038169064,0.04037909318471082,0.5988982856690621,1821.8,4.957734718210953,120.0,False,False,False,False,False,A,MID,0.1632582650786283,False
1.3931972789115645,3.3,Less Than Zero.wav,0.16284193098545074,1.2552586568022188,0.14339200863857637,0.03186597378226644,0.6229015075938478,1990.47,2.6525365998789967,120.0,False,False,False,False,False,A,MID,0.1618956024384534,False
1.486077097505669,3.9582,Less Than Zero.wav,0.298356294631958,0.9678130023073037,0.1544069785212044,0.034907097295217494,0.6591686922648087,2275.4,4.38841745375269,120.0,False,False,False,False,False,A,MID,0.1677182412683543,False
1.5789569160997732,1.9856,Less Than Zero.wav,0.36566492915153503,1.4649152013572404,0.1896884495157548,0.03586165455912083,0.6209674235015257,1976.32,2.212475016419728,120.0,False,False,False,False,False,A,MID,0.17551772096862528,False
1.6718367346938776,4.0945,Less Than Zero.wav,0.31480053067207336,1.1677350231802879,0.1886087553990671,0.033801887681012964,0.6125896728116862,1916.18,7.274869670700359,120.0,False,False,False,False,False,A,MID,0.18125285760085563,False
1.7647165532879818,3.6173,Less Than Zero.wav,0.32534709572792053,1.3830761002179515,0.20709061933928477,0.07290208143483207,0.7700687136879913,3425.52,5.701049659859365,120.0,False,False,False,False,False,A,MID,0.1870670851268099,False
1.8575963718820863,5.0087,Less Than Zero.wav,0.3701701760292053,1.4818500845664015,0.16097232108839105,0.04123491679871467,0.7036526439589618,2681.17,2.730369614788506,120.0,False,False,False,False,False,A,MID,0.1940375762499068,False
1.9504761904761905,10.7961,Less Than Zero.wav,0.375605046749115,1.5756677297783748,0.1972135099000184,0.04434827534385909,0.6792775512987602,2450.61,3.910980550639356,143.5546875,False,False,False,False,False,A,MID,0.20082471238254437,False
2.043356009070295,3.9254,Less Than Zero.wav,0.3403562903404236,1.46411268133574,0.16689328507927145,0.04223092605686905,0.6295856731725508,2040.16,2.302634467944964,143.5546875,False,False,False,False,False,A,MID,0.20616311124565412,False
2.136235827664399,3.9886,Less Than Zero.wav,0.5222392082214355,2.046335973593096,0.15749550053078315,0.040734506087079285,0.6419773483404531,2135.58,6.003074276377661,143.5546875,False,False,False,False,False,A,MID,0.2158549556833714,False
2.2291156462585033,2.7303,Less Than Zero.wav,0.12191165238618851,1.337939062293726,0.1414867491527455,0.040613280199283175,0.6869871776383182,2521.3,3.335992020312431,143.5546875,False,False,False,False,False,A,MID,0.20506220789920282,False
2.3219954648526078,3.8907,Less Than Zero.wav,0.2681387662887573,0.7277433855115785,0.1547222788632171,0.042994710041464775,0.7081918113276466,2726.44,7.729337203809096,143.5546875,False,False,False,False,False,A,MID,0.20746279537844897,False
2.414875283446712,4.1493,Less Than Zero.wav,0.24105189740657806,1.049431215631212,0.1950226741022417,0.04624430532149269,0.667350080994667,2345.12,2.13881014349955,143.5546875,False,False,False,False,False,A,MID,0.2086182621023973,False
2.507755102040816,3.8899,Less Than Zero.wav,0.319104939699173,0.8963256377532263,0.1661380415066289,0.039888554478932595,0.6732261706090411,2396.51,5.703160048209688,143.5546875,False,False,False,False,False,A,MID,0.21268329795406932,False
2.6006349206349206,3.0406,Less Than Zero.wav,0.3254813253879547,1.4189442056897263,0.2163243777894148,0.08188261644859267,0.7580297786295953,3276.72,6.404396037937252,143.5546875,False,False,False,False,False,A,MID,0.21675629593040127,False
2.693514739229025,3.3705,Less Than Zero.wav,0.29701828956604004,1.221065536824548,0.1746483800646339,0.04610004504221975,0.6959877311919317,2606.42,2.4961708158576936,143.5546875,False,False,False,False,False,A,MID,0.21965247564932522,False
2.786394557823129,1.8168,Less Than Zero.wav,0.27720028162002563,1.063907759814096,0.20295713230172227,0.04099450648182316,0.6326968695805641,2063.71,2.622726296128236,143.5546875,False,False,False,False,False,A,MID,0.22167413561878893,False
2.8792743764172335,1.9567,Less Than Zero.wav,0.2700962722301483,1.1225045986698663,0.17946716004372257,0.03942978869233602,0.5871556764728219,1744.57,2.570068095000743,143.5546875,False,False,False,False,False,A,MID,0.22332084384448578,False
2.972154195011338,3.0085,Less Than Zero.wav,0.2810715436935425,0.6813741205243061,0.30137060434543034,0.05867049869078895,0.6413640262749405,2130.76,4.080252520688536,143.5546875,False,False,False,False,False,A,LOW,0.0,False
3.0650340136054424,2.2994,Less Than Zero.wav,0.2428148239850998,0.15913576654484407,0.36213761181400955,0.04776889029055764,0.6469131371455741,2174.82,3.5356812650986855,143.5546875,False,False,False,False,False,A,LOW,0.0,False
3.1579138321995464,0.9865,Less Than Zero.wav,0.24908457696437836,0.06661199038796357,0.3695200867579091,0.048027302037792804,0.6764804118666318,2425.45,2.639481397503063,143.5546875,False,False,False,False,False,A,LOW,0.0,False
3.250793650793651,0.8879,Less Than Zero.wav,0.2691992521286011,0.017204227435430257,0.3568371493214968,0.06288693419088927,0.6977857000471408,2623.76,3.1003947928516506,143.5546875,False,False,False,False,False,A,LOW,0.0,False
3.3436734693877552,1.4001,Less Than Zero.wav,0.2774713337421417,0.017922802748582666,0.40192156869135637,0.06843338969869958,0.6926716334029839,2574.73,2.629907337455404,143.5546875,False,False,False,False,False,A,LOW,0.0,False
3.436553287981859,1.5082,Less Than Zero.wav,0.20326395332813263,0.13841796243116228,0.34306986071057616,0.06571963443731287,0.694278021114709,2590.03,2.9696963850460416,143.5546875,False,False,False,False,False,A,LOW,0.0,False
3.5294331065759637,0.9667,Less Than Zero.wav,0.10311309248209,0.2328486381084131,0.11210826346867825,0.02885210751553826,0.7051274267105115,2695.79,3.2526004092717744,143.5546875,False,False,False,False,False,A,LOW,0.0,False
3.622312925170068,2.3827,Less Than Zero.wav,0.22448761761188507,0.09712235266183182,0.2304001219555071,0.06340170710964313,0.7924993212771091,3721.02,6.6026906167005155,143.5546875,False,False,False,False,False,A,LOW,0.0,False
3.7151927437641725,3.7372,Less Than Zero.wav,0.24583600461483002,0.26031903800684153,0.31837184478510766,0.06997996401846618,0.7210252615702099,2858.62,2.087926343437225,143.5546875,False,False,False,False,False,A,LOW,0.0,False
3.8080725623582765,3.7684,Less Than Zero.wav,0.23372718691825867,0.11164697660370937,0.3339608658624091,0.06345700146174071,0.709226474494695,2736.86,2.965040405623362,143.5546875,False,False,False,False,False,A,LOW,0.0,False
3.900952380952381,3.8352,Less Than Zero.wav,0.2324059158563614,0.04234604343421268,0.3232210596092351,0.06931678985749876,0.7017917090297279,2662.82,2.702554843439798,143.5546875,False,False,False,False,False,A,LOW,0.0,False
3.9938321995464854,9.3524,Less Than Zero.wav,0.1986141800880432,0.03327488523066031,0.2770701832107365,0.07507897901425074,0.7005658200665379,2650.81,3.1499792555320276,143.5546875,False,False,False,False,False,A,LOW,0.0,False
4.08671201814059,1.7195,Less Than Zero.wav,0.1070687472820282,0.06503048773332439,0.20552735891359775,0.035899040606935585,0.6599584459323261,2282.04,3.1596545718605813,143.5546875,False,False,False,False,False,A,LOW,0.0,False
4.179591836734694,3.583,Less Than Zero.wav,0.15797099471092224,0.0718456836075892,0.0945953662688658,0.027696262821219494,0.6902946318900275,2552.25,3.7934968938190137,143.5546875,True,True,False,True,False,A,LOW,0.0,False
4.272471655328798,2.3057,Less Than Zero.wav,0.26157429814338684,0.1213382282901659,0.3391607583284873,0.09066541189685973,0.7489603117771438,3168.91,4.70732905705861,143.5546875,False,False,False,False,False,A,LOW,0.0,False
4.365351473922902,2.8424,Less Than Zero.wav,0.29131197929382324,0.1161356944803876,0.35144603255229645,0.0769586475777205,0.6806875134253564,2463.38,4.216858945158268,143.5546875,False,False,False,False,False,A,LOW,0.0,False
4.458231292517007,3.3418,Less Than Zero.wav,0.3067401945590973,0.033976089856261764,0.4142093075444661,0.09081462368204143,0.6921705511507122,2569.97,2.9272122739646855,143.5546875,False,False,False,False,False,A,LOW,0.0,False
4.551111111111111,3.8487,Less Than Zero.wav,0.2870017886161804,0.02590942466259531,0.404243143786377,0.09535272434609014,0.7039237257642275,2683.85,2.6274751097803914,143.5546875,False,False,False,False,False,A,LOW,0.0,False
4.6439909297052155,2.6897,Less Than Zero.wav,0.28851884603500366,0.03138287138941678,0.37537511370219473,0.0935957101191575,0.7107174808185319,2751.96,3.4470660138498253,143.5546875,False,False,False,False,False,A,LOW,0.0,False
4.73687074829932,4.9646,Less Than Zero.wav,0.28391119837760925,0.0456104915619014,0.38324159339230657,0.09886813567161519,0.6979304904211373,2625.16,2.3519575504166514,143.5546875,False,False,False,False,False,A,LOW,0.0,False
4.829750566893424,3.6688,Less Than Zero.wav,0.19534312188625336,0.03244417637463313,0.26865651075845914,0.08450875424652124,0.7150333059248066,2796.12,5.39125592742864,143.5546875,False,False,False,False,False,A,LOW,0.0,False
4.922630385487528,4.1982,Less Than Zero.wav,0.22634769976139069,0.1802729387054438,0.23632990937393047,0.09271097837295561,0.7323003474399046,2980.02,2.3113185421349076,143.5546875,False,False,False,False,False,A,LOW,0.0,False
5.015510204081632,3.7273,Less Than Zero.wav,0.22994287312030792,0.24937516681596728,0.19547503544817807,0.12030933912988305,0.75137267361921,3197.23,2.888215861404389,143.5546875,False,False,False,False,False,A,LOW,0.0,False
5.108390022675737,4.115,Less Than Zero.wav,0.23181557655334473,0.054017602638241465,0.21100942688226715,0.12347869881681112,0.7573501648895195,3268.51,2.720700712274993,143.5546875,False,False,False,False,False,A,LOW,0.0,False
5.201269841269841,4.3445,Less Than Zero.wav,0.23480023443698883,0.03941511404210263,0.2436022433643029,0.12192062425433417,0.754342896464004,3232.46,2.829388896020529,143.5546875,False,False,False,False,False,A,LOW,0.0,False
5.294149659863946,3.6625,Less Than Zero.wav,0.21203529834747314,0.09170710139007807,0.1955823561838075,0.11652740661845305,0.757217597266113,3266.92,4.156516995081086,143.5546875,False,False,False,False,False,A,LOW,0.0,False
5.38702947845805,4.5476,Less Than Zero.wav,0.20798902213573456,0.1629231705045549,0.21451366285042148,0.11083745004002145,0.745920305719947,3133.57,5.109250649316797,143.5546875,False,False,False,False,False,A,LOW,0.0,False
5.479909297052155,4.7965,Less Than Zero.wav,0.2995516359806061,0.055532283208982604,0.37227850557926845,0.061462757021246234,0.7042010362589314,2686.6,6.874196634535554,143.5546875,False,False,False,False,False,A,LOW,0.0,False
5.572789115646258,2.5515,Less Than Zero.wav,0.30529335141181946,0.13677404617520256,0.43685240584303625,0.05678864713245701,0.6970171937862122,2616.34,2.909487941853397,143.5546875,False,False,False,False,False,A,LOW,0.0,False
5.6656689342403626,2.5172,Less Than Zero.wav,0.2863211929798126,0.13343309732791156,0.40339994396173845,0.04674190058837937,0.6837079237187014,2490.98,3.625114117279466,143.5546875,False,False,False,False,False,A,LOW,0.0,False
5.758548752834467,2.2688,Less Than Zero.wav,0.2700519561767578,0.040099277233989664,0.4445630536428318,0.0534442498434483,0.7094672725930244,2739.3,2.1267263161536647,143.5546875,False,False,False,False,False,A,LOW,0.0,False
5.851428571428571,2.1973,Less Than Zero.wav,0.229495108127594,0.03638801094711421,0.29602260610286074,0.03494985146709515,0.6459005377017021,2166.71,4.544699177548299,143.5546875,False,False,False,False,False,A,LOW,0.0,False
5.944308390022676,2.1565,Less Than Zero.wav,0.32101544737815857,0.08256294796940133,0.4475752114613948,0.061145265544830144,0.6954321350344534,2601.08,5.171503444177511,143.5546875,False,False,False,False,False,A,LOW,0.0,False
6.03718820861678,7.5297,Less Than Zero.wav,0.2861034870147705,0.048639794630251865,0.4214438447812861,0.07139561044902301,0.7180346239185301,2827.25,3.7106233607977037,143.5546875,False,False,False,False,False,A,LOW,0.0,False
6.130068027210885,2.8698,Less Than Zero.wav,0.2765900492668152,0.029964180157868107,0.3782528216783089,0.08294311437664628,0.7088788238863564,2733.36,3.2298066430945043,143.5546875,False,False,False,False,False,A,LOW,0.0,False
6.222947845804988,2.752,Less Than Zero.wav,0.2832046449184418,0.03164504314463686,0.3670992744841064,0.09071297203265993,0.7018069165467966,2662.97,2.3773553246284234,143.5546875,False,False,False,False,False,A,LOW,0.0,False
6.315827664399093,3.8199,Less Than Zero.wav,0.5012972354888916,1.1516164993653637,0.3683391080502006,0.07606741544790241,0.6889306192266335,2539.44,9.446808918556707,143.5546875,True,True,True,False,False,A,LOW,0.0,False
6.408707482993197,5.0763,Less Than Zero.wav,0.30853766202926636,1.6981861562445857,0.3281258552184253,0.07254449797067439,0.7122280512337338,2767.34,2.3279672888181633,143.5546875,False,False,False,False,False,A,LOW,0.0,False
6.501587301587302,4.873,Less Than Zero.wav,0.3531264066696167,0.6485710269626479,0.4221551536061707,0.07018359100457687,0.7193691052516871,2841.2,2.1643465325637417,143.5546875,False,False,False,False,False,A,LOW,0.0,False
6.594467120181406,2.5452,Less Than Zero.wav,0.3873322606086731,1.1376260637300595,0.4029916749429239,0.060947966740410045,0.6799528989513807,2456.72,2.4992498081465393,143.5546875,False,False,False,False,False,A,LOW,0.0,False
6.6873469387755105,3.6409,Less Than Zero.wav,0.3966354429721832,1.3265198436306738,0.36534648729630065,0.06403187093438202,0.6681610357603501,2352.14,2.5306314339455134,143.5546875,False,False,False,False,False,A,LOW,0.0,False
6.780226757369615,4.3617,Less Than Zero.wav,0.3568456768989563,1.3510609170209358,0.34631728483150886,0.07911972422378494,0.7179863765680533,2826.75,5.067739992910416,143.5546875,False,False,False,False,False,A,LOW,0.0,False
6.873106575963718,3.6515,Less Than Zero.wav,0.27573591470718384,0.6737494316855273,0.3184903668119168,0.07054918866315321,0.7264002208666654,2915.86,2.43151809206335,143.5546875,False,False,False,False,False,A,LOW,0.0,False
6.965986394557823,4.7736,Less Than Zero.wav,0.5028260946273804,1.7402907745726133,0.28527198303781115,0.06471302102809025,0.6512302344217776,2209.73,4.495733636236585,143.5546875,False,False,False,False,False,A,LOW,0.0,False
7.058866213151927,4.767,Less Than Zero.wav,0.2699531018733978,1.1549174418929964,0.35792517375361527,0.06097929280848166,0.6765360484646036,2425.95,3.2939420970604334,143.5546875,False,False,False,False,False,A,LOW,0.0,False
7.151746031746032,4.0436,Less Than Zero.wav,0.47496679425239563,1.0716693233203884,0.3259480811127168,0.07354489743762693,0.6786943104942889,2445.34,4.342402985703832,143.5546875,False,False,False,False,False,A,LOW,0.0,False
7.244625850340136,4.0072,Less Than Zero.wav,0.3071860373020172,1.7485341642087233,0.3037148519376136,0.06273700754879398,0.6602637841712604,2284.61,2.980125846942394,143.5546875,False,False,False,False,False,A,LOW,0.0,False
7.337505668934241,5.2585,Less Than Zero.wav,0.2738909125328064,0.39972272773023176,0.3349614888348951,0.07106824098246581,0.6778633943722263,2437.85,2.935958285838536,143.5546875,False,False,False,False,False,A,LOW,0.0,False
7.430385487528345,3.2736,Less Than Zero.wav,0.3558632433414459,0.982246754099574,0.357255960758984,0.07068721928938583,0.6585302444249992,2270.05,3.151457096390754,143.5546875,False,False,False,False,False,A,LOW,0.0,False
7.523265306122449,4.5503,Less Than Zero.wav,0.38167238235473633,1.2562176592916385,0.35302668993222924,0.053681723944058526,0.6419095281165862,2135.05,2.435726775308471,143.5546875,False,False,False,False,False,A,LOW,0.0,False
7.616145124716553,2.4449,Less Than Zero.wav,0.3835884928703308,1.4661581137704784,0.3001176057999796,0.07587339558028465,0.7154120783008813,2800.03,4.1072124310564,143.5546875,False,False,False,False,False,A,LOW,0.0,False
7.7090249433106575,4.2398,Less Than Zero.wav,0.3134475648403168,1.0595307772091946,0.29572621187910647,0.05586778278485707,0.6990879013711685,2636.4,2.031900160332791,143.5546875,False,False,False,False,False,A,LOW,0.0,False
7.801904761904762,4.359,Less Than Zero.wav,0.3204977214336395,1.031523618172332,0.2812866811495634,0.04458285865610299,0.6337798471442452,2071.97,3.5803986655189277,143.5546875,False,False,False,False,False,A,LOW,0.0,False
7.894784580498866,4.2585,Less Than Zero.wav,0.31142163276672363,1.1785305452508485,0.2827209379824197,0.03957878761275772,0.5862057463368863,1738.47,2.697471203284668,143.5546875,False,False,False,False,False,A,LOW,0.0,False
7.987664399092971,5.2377,Less Than Zero.wav,0.49314361810684204,1.3970014717033108,0.2589870552857913,0.03917108652287756,0.5783643566572901,1688.9,3.8373317993707223,143.5546875,False,False,False,False,False,A,LOW,0.0,False
8.080544217687075,8.0093,Less Than Zero.wav,0.29848968982696533,1.9893037921594594,0.2126015101731785,0.03965304302650971,0.5821720079556763,1712.79,2.852047733301705,143.5546875,False,False,False,False,False,A,LOW,0.0,False
8.17342403628118,8.1155,Less Than Zero.wav,0.24640841782093048,0.4897216202557343,0.2691673501936905,0.059109787349487145,0.6233732007943947,1993.94,2.2724572542531476,143.5546875,False,False,False,False,False,A,LOW,0.0,False
8.266303854875284,4.0474,Less Than Zero.wav,0.25630831718444824,0.699859125385684,0.28096864698430246,0.06335077005325172,0.6283695364295041,2031.03,3.229324648036095,143.5546875,False,False,False,False,False,A,LOW,0.0,False
8.359183673469389,5.5918,Less Than Zero.wav,0.24087922275066376,0.7231939830404941,0.2787181224944711,0.03956285548374625,0.5775122994353539,1683.6,2.7212389366103444,143.5546875,False,False,False,False,False,A,LOW,0.0,False
8.452063492063493,3.8097,Less Than Zero.wav,0.39350244402885437,1.3354317493941676,0.24760972163611225,0.0843275567316603,0.7178430768121437,2825.26,5.085786927234753,143.5546875,False,False,False,False,False,A,LOW,0.0,False
8.544943310657596,3.9716,Less Than Zero.wav,0.2979278862476349,1.1625464844785358,0.20839810717030824,0.06356676104719083,0.7266632655500028,2918.69,2.6302216008330728,143.5546875,False,False,False,False,False,A,LOW,0.0,False
8.6378231292517,4.0821,Less Than Zero.wav,0.3070424497127533,1.182897751118382,0.2263056938929563,0.04972392017238514,0.6422716408783059,2137.9,3.4129244783550496,143.5546875,False,False,False,False,False,A,LOW,0.0,False
8.730702947845804,4.7186,Less Than Zero.wav,0.30903083086013794,1.1856516013078071,0.19494737656297179,0.054885019273020655,0.6209295518690261,1976.04,2.7070593939468948,143.5546875,False,False,False,False,False,A,LOW,0.0,False
8.823582766439909,4.2574,Less Than Zero.wav,0.4879132807254791,1.3804205407706152,0.21390470667450756,0.0590817984517931,0.6362307552819942,2090.79,4.840758263703834,143.5546875,False,False,False,False,False,A,LOW,0.0,False
8.916462585034013,3.8232,Less Than Zero.wav,0.29912081360816956,2.009926853176146,0.1706769334136466,0.051983078128156154,0.6451261463839569,2160.53,3.2707547330724043,143.5546875,False,False,False,False,False,A,LOW,0.0,False
9.009342403628118,4.5663,Less Than Zero.wav,0.25391730666160583,0.3527224276518009,0.27760015675869704,0.07230454271872988,0.6408057476863451,2126.37,3.685298622807765,143.5546875,False,False,False,False,False,A,LOW,0.0,False
9.102222222222222,3.8375,Less Than Zero.wav,0.3117295205593109,0.9283815304552708,0.3169353437026036,0.055493416380932394,0.6134421747581347,1922.21,4.053950803034905,143.5546875,False,False,False,False,False,A,LOW,0.0,False
9.195102040816327,2.4856,Less Than Zero.wav,0.2855431139469147,0.8972545977590872,0.293194093531124,0.05337044233334082,0.6020671580333965,1843.22,2.8266667768071696,143.5546875,False,False,False,False,False,A,LOW,0.0,False
9.287981859410431,3.0178,Less Than Zero.wav,0.35932493209838867,1.2256009578229827,0.31521150950696836,0.08034340822478914,0.7149181136911414,2794.93,5.6413148824066255,143.5546875,False,False,False,False,False,A,LOW,0.0,False
9.380861678004536,4.1786,Less Than Zero.wav,0.2798442244529724,0.7671056664417285,0.2772607788313147,0.0693065636795501,0.7327772718841606,2985.27,2.6351349030547118,143.5546875,False,False,False,False,False,A,LOW,0.0,False
9.47374149659864,3.6553,Less Than Zero.wav,0.29073578119277954,0.8030347649636975,0.3225131139851752,0.05712980349458283,0.6578238907335777,2264.14,2.7985762387322266,143.5546875,False,False,False,False,False,A,LOW,0.0,False
9.566621315192744,4.1833,Less Than Zero.wav,0.3204288184642792,1.0873260041849768,0.2632305565164164,0.04605311697129817,0.6209492789848179,1976.19,3.1234502728465823,143.5546875,False,False,False,False,False,A,LOW,0.0,False
9.659501133786849,4.3585,Less Than Zero.wav,0.4851597249507904,1.320077441927698,0.28645852826277995,0.05272626270101106,0.6238080206512613,1997.14,4.651396193794265,143.5546875,False,False,False,False,False,A,LOW,0.0,False
9.752380952380953,4.254,Less Than Zero.wav,0.3884158432483673,2.033150196680634,0.3188580649292544,0.06255571567399336,0.6330207023608581,2066.18,2.093696642762599,143.5546875,False,False,False,False,False,A,LOW,0.0,False
9.845260770975056,6.5842,Less Than Zero.wav,0.355681836605072,0.9574549879941993,0.3809600206225114,0.055851234894434346,0.644147550480603,2152.75,3.2023324128733277,143.5546875,False,False,False,False,False,A,LOW,0.0,False
9.93814058956916,2.0131,Less Than Zero.wav,0.39674112200737,1.2298467902251875,0.37798408505546316,0.058786571096870015,0.6488774167270757,2190.64,2.1346433359870667,143.5546875,False,False,False,False,False,A,LOW,0.0,False
10.031020408163265,3.2894,Less Than Zero.wav,0.38994139432907104,1.2725378608266573,0.391139758920465,0.05995740206020472,0.6339701477774471,2073.42,2.2086260478241724,143.5546875,False,False,False,False,False,A,LOW,0.0,False
10.12390022675737,12.912,Less Than Zero.wav,0.4156864881515503,1.4620877724823056,0.37377384757401033,0.0791874353087773,0.6897019636470865,2546.68,4.5938054468096015,143.5546875,False,False,False,False,False,A,LOW,0.0,False
10.216780045351474,4.1924,Less Than Zero.wav,0.3352336585521698,1.248391576964732,0.2780982320869487,0.05908305053769636,0.7099459239247717,2744.14,1.9605884217650895,143.5546875,False,False,False,False,False,A,LOW,0.0,False
10.309659863945578,4.2436,Less Than Zero.wav,0.5245102047920227,1.762927927626777,0.2525060713033762,0.05988408298262035,0.6763762917230494,2424.52,4.900241758517282,143.5546875,False,False,False,False,False,A,LOW,0.0,False
10.402539682539683,4.037,Less Than Zero.wav,0.23409900069236755,1.5572956778107157,0.22878245823466714,0.06317035056946567,0.6947657624441196,2594.7,3.655629065081892,143.5546875,False,False,False,False,False,A,LOW,0.0,False
10.495419501133787,5.5096,Less Than Zero.wav,0.4529571533203125,0.8923355076868129,0.3085388031327917,0.07386659055056875,0.6894314145569739,2544.14,5.396421987834403,143.5546875,False,False,False,False,False,A,LOW,0.0,False
10.588299319727891,2.7217,Less Than Zero.wav,0.35878583788871765,1.973422856629081,0.295229410930533,0.06622618073022694,0.6509192596318951,2207.2,2.299594576743243,143.5546875,False,False,False,False,False,A,LOW,0.0,False
10.681179138321996,4.2815,Less Than Zero.wav,0.2945745885372162,0.6359089276240796,0.330067920137918,0.07153474517774339,0.6790539337787451,2448.58,3.080588122513107,143.5546875,False,False,False,False,False,A,LOW,0.0,False
10.7740589569161,4.7009,Less Than Zero.wav,0.36324435472488403,1.1749188051044903,0.2862906388545731,0.06810508596154562,0.6940814054048268,2588.15,3.1994818215606626,143.5546875,False,False,False,False,False,A,LOW,0.0,False
10.866938775510205,4.723,Less Than Zero.wav,0.3257608413696289,1.2433765484376829,0.1878002646768743,0.09338484524854966,0.7506207536083674,3188.38,3.096691919524594,143.5546875,False,False,False,False,False,A,LOW,0.0,False
10.95981859410431,4.018,Less Than Zero.wav,0.35999757051467896,1.4192862515946079,0.22849590868344813,0.08278140291360718,0.7292368315212702,2946.53,6.252570323078084,143.5546875,False,False,False,False,False,A,MID,0.30785234470567924,False
11.052698412698414,4.522,Less Than Zero.wav,0.34295111894607544,1.061313859671327,0.2806672411007931,0.07620447175512976,0.7356139587066838,3016.67,2.0305453316270135,143.5546875,False,False,False,False,False,A,MID,0.30793966870909667,False
11.145578231292516,4.526,Less Than Zero.wav,0.3698212802410126,1.1176369202193541,0.3166439678522158,0.09140530547941536,0.6750944314915406,2413.08,3.8781819376573012,143.5546875,False,False,False,False,False,A,MID,0.30878815130500903,False
11.23845804988662,4.1629,Less Than Zero.wav,0.3458595275878906,1.2910461381241538,0.26218729709870986,0.09821715651783472,0.6838723867574171,2492.5,1.7777608708606916,143.5546875,False,False,False,False,False,A,MID,0.30891373104810116,False
11.331337868480725,4.5265,Less Than Zero.wav,0.4564536213874817,1.1159338759024904,0.2741056362283174,0.10832702947581925,0.6659246875063819,2332.82,4.618607929528048,143.5546875,False,False,False,False,False,A,MID,0.31192916817478566,False
11.42421768707483,3.9815,Less Than Zero.wav,0.31993523240089417,2.0074243831697083,0.19081002189669236,0.049053239168793165,0.6256541824370986,2010.78,3.2600020272838868,143.5546875,False,False,False,False,False,A,MID,0.3111188106279739,False
11.517097505668934,1.049,Less Than Zero.wav,0.21296732127666473,0.5997192629950948,0.19452268924027863,0.03732938382257065,0.7099349774007622,2744.03,2.9998441339021906,143.5546875,False,False,False,False,False,A,MID,0.30641793364749437,False
11.609977324263038,1.8362,Less Than Zero.wav,0.31522488594055176,0.8890468701280304,0.28385312068311525,0.0694155964475902,0.7239543829349009,2889.67,3.0720825736469504,143.5546875,False,False,False,False,False,A,MID,0.3057362537302847,False
11.702857142857143,2.5596,Less Than Zero.wav,0.3264501690864563,1.0474949734476249,0.28349854448554684,0.07980154904587954,0.7027317583637795,2672.07,2.9125852723989927,143.5546875,False,False,False,False,False,A,MID,0.30543585920874117,False
11.795736961451247,2.2286,Less Than Zero.wav,0.3991023898124695,1.3774203370702294,0.26635357815278,0.09054617381561797,0.7229585547027718,2879.07,5.535646666858661,143.5546875,False,False,False,False,False,A,MID,0.3071972431102384,False
11.888616780045352,3.7986,Less Than Zero.wav,0.3204875588417053,1.376111333357644,0.16087210565187568,0.07421890373518669,0.8187520922757942,4099.4,2.373041836725898,143.5546875,False,False,False,False,False,A,MID,0.30664059070379,False
11.981496598639456,3.5933,Less Than Zero.wav,0.32924363017082214,1.2929287573021768,0.1910446759071579,0.0441196383765807,0.6989695884758309,2635.25,4.056937219321123,143.5546875,False,False,False,False,False,A,MID,0.30637989395117626,False
12.07437641723356,6.2524,Less Than Zero.wav,0.3116978108882904,1.2688040123994333,0.19418725370934162,0.03645294148301985,0.6622086901242239,2301.06,2.138319881292883,143.5546875,False,False,False,False,False,A,MID,0.30558896150620474,False
12.167256235827665,16.2932,Less Than Zero.wav,0.4522491693496704,1.3177135484866724,0.2027566168630155,0.046518589162306445,0.704573645349645,2690.29,7.293372184625467,143.5546875,False,False,False,False,False,A,MID,0.3086704603049908,False
12.26013605442177,4.3277,Less Than Zero.wav,0.36802709102630615,2.1178263784931635,0.1986141054702158,0.07077354191947996,0.673937050924212,2402.8,3.3023191622801433,143.5546875,False,False,False,False,False,A,MID,0.30943263646381414,False
12.353015873015874,4.5438,Less Than Zero.wav,0.25616174936294556,0.43255040046252285,0.2773595483802208,0.05138261684920878,0.7078369479468826,2722.87,3.442105751330633,143.5546875,False,False,False,False,False,A,MID,0.3065819738771953,False
12.445895691609977,5.9194,Less Than Zero.wav,0.3616669476032257,1.201822007546557,0.30900690086020005,0.06214881025241981,0.6678316010987001,2349.29,5.389165310822954,143.5546875,False,False,False,False,False,A,MID,0.3072706608681115,False
12.538775510204081,3.8424,Less Than Zero.wav,0.29992038011550903,1.122154823585164,0.26028952212584094,0.04499092741085742,0.6578468409901639,2264.33,2.5077682956329372,143.5546875,False,False,False,False,False,A,MID,0.30605640873146583,False
12.631655328798185,4.914,Less Than Zero.wav,0.3997921049594879,1.3965383701269707,0.2946799784503597,0.06926579404760373,0.7090219527809182,2734.8,6.076898863323232,143.5546875,False,False,False,False,False,A,MID,0.30780479495959717,False
12.72453514739229,4.4346,Less Than Zero.wav,0.3348642885684967,1.108993443977102,0.32071643298030583,0.07888295239901427,0.7535946451103376,3223.55,2.7158707011625642,143.5546875,False,False,False,False,False,A,MID,0.3076550256364813,False
12.817414965986394,4.0713,Less Than Zero.wav,0.34711676836013794,1.078660272472551,0.33906951892288845,0.058693910770382725,0.6769650678733435,2429.79,3.0253561075926627,143.5546875,False,False,False,False,False,A,MID,0.30787385309762777,False
12.910294784580499,2.316,Less Than Zero.wav,0.24375800788402557,0.8634702278933835,0.3109029479221866,0.04705956555991689,0.6661838240760982,2335.05,2.429811703377601,143.5546875,False,False,False,False,False,A,MID,0.30462546461946605,False
13.003174603174603,3.5662,Less Than Zero.wav,0.390904039144516,0.6009861327937845,0.2639943462178,0.034841902503645994,0.6641636241794351,2317.71,5.34932869612578,143.5546875,False,False,False,False,False,A,MID,0.3062112760470641,False
13.096054421768708,3.9994,Less Than Zero.wav,0.3859425485134125,2.0297892929855204,0.2954644024051338,0.043905007035081996,0.6235825212619993,1995.48,3.9291116780779785,143.5546875,False,False,False,False,False,A,MID,0.3075853875984218,False
13.188934240362812,4.3388,Less Than Zero.wav,0.2815520167350769,0.4712194377348732,0.3393724240080842,0.04884562634117731,0.652919231693257,2223.54,2.5381106263114717,143.5546875,False,False,False,False,False,A,MID,0.3057390764575518,False
13.281814058956916,5.5206,Less Than Zero.wav,0.31269609928131104,0.7276190099111767,0.36265747464531906,0.049820717570687026,0.6626762016307847,2305.03,2.0425374282551916,143.5546875,False,False,False,False,False,A,MID,0.3050117489353681,False
13.374693877551021,3.3554,Less Than Zero.wav,0.3390538990497589,0.8398149084921924,0.40720047141774,0.05310395676826043,0.6212231015775885,1978.18,1.9238107946778586,143.5546875,False,False,False,False,False,A,MID,0.30512625561165047,False
13.467573696145125,6.5481,Less Than Zero.wav,0.36654216051101685,1.0949930005188389,0.3857581953011049,0.07470811016816528,0.6762936464086858,2423.78,3.776269716215378,143.5546875,False,False,False,False,False,A,MID,0.3059825242889558,False
13.56045351473923,4.8109,Less Than Zero.wav,0.280157208442688,0.9324902721900861,0.29139435472522435,0.06844203198370889,0.761791317467283,3322.5,1.7910659412753076,143.5546875,False,False,False,False,False,A,MID,0.3040877180389134,False
13.653333333333334,4.2556,Less Than Zero.wav,0.4574076235294342,1.230429116229783,0.21688625586474045,0.05703098404972861,0.7524406781239119,3209.85,4.850879209468311,143.5546875,False,False,False,False,False,A,MID,0.307352009443031,False
13.746213151927437,5.3159,Less Than Zero.wav,0.32906341552734375,1.8137224551338507,0.3071649503789742,0.07105693267216286,0.6785440580361061,2443.98,2.6334337434857886,143.5546875,False,False,False,False,False,A,MID,0.3069940230356088,False
13.839092970521541,3.201,Less Than Zero.wav,0.3809473514556885,0.314200339249141,0.3374609668026155,0.08014044280821137,0.7180614327378468,2827.53,4.094594847399074,143.5546875,False,False,False,False,False,A,MID,0.3081575182229595,False
13.931972789115646,4.6058,Less Than Zero.wav,0.40075603127479553,2.02745220282049,0.24965315023640666,0.07242654629973767,0.6754337148834577,2416.1,4.453768600201838,143.5546875,False,False,False,False,False,A,MID,0.30979539415202295,False
14.02485260770975,4.5147,Less Than Zero.wav,0.21584172546863556,0.30124814900924884,0.26755436788237985,0.04170172042303357,0.6781691350686102,2440.61,3.910526951882282,143.5546875,False,False,False,False,False,A,MID,0.3029481051162395,False
14.117732426303855,3.5249,Less Than Zero.wav,0.3034400939941406,0.6172339030593339,0.34791684216080526,0.06177010292925949,0.7072563786967547,2717.05,3.5691487556863635,143.5546875,False,False,False,False,False,A,MID,0.29985690168188794,False
14.210612244897959,16.731,Less Than Zero.wav,0.2837807238101959,1.0125544089044802,0.25562567119611335,0.05298240518751571,0.6632722217212143,2310.11,2.228638672209231,143.5546875,False,False,False,False,False,A,MID,0.29586892352098476,False
14.303492063492063,4.4887,Less Than Zero.wav,0.37004953622817993,1.2564004103996462,0.2896622721515715,0.06739698360045739,0.6808263222503496,2464.65,4.098445580291232,143.5546875,False,False,False,False,False,A,MID,0.2960716734152173,False
14.396371882086168,4.041,Less Than Zero.wav,0.31552037596702576,0.9835531873982762,0.3087459441776791,0.07667199586517652,0.7500995700542967,3182.25,2.077407471834015,143.5546875,False,False,False,False,False,A,MID,0.2939190524809568,False
14.489251700680272,3.7322,Less Than Zero.wav,0.32363054156303406,0.8316494367319717,0.3483023245932095,0.0645033586502297,0.6975190477846049,2621.18,2.9679481550249562,143.5546875,False,False,False,False,False,A,MID,0.2922552267725137,False
14.582131519274377,2.3415,Less Than Zero.wav,0.33125826716423035,1.0533182177170055,0.33539462284795996,0.05905127973126062,0.6761604293312319,2422.59,3.2343403415630654,143.5546875,False,False,False,False,False,A,MID,0.29102126109395154,False
14.675011337868481,5.9073,Less Than Zero.wav,0.40248996019363403,0.9798881057462064,0.32206908714885474,0.05430124449509429,0.6815437783959765,2471.18,3.0302182614693978,143.5546875,False,False,False,False,False,A,MID,0.29267350245350593,False
14.767891156462586,4.0858,Less Than Zero.wav,0.42429932951927185,2.1412309721273006,0.2549681134318519,0.061193301807858105,0.6511230782141335,2208.86,4.4234277061041185,143.5546875,False,False,False,False,False,A,MID,0.29486199709524713,False
14.86077097505669,5.7991,Less Than Zero.wav,0.2385542094707489,0.37945227273007887,0.2913977351465376,0.06475453074099734,0.7081869308473492,2726.39,3.046417989043811,143.5546875,False,False,False,False,False,A,MID,0.2870306228328645,False
14.953650793650795,4.0617,Less Than Zero.wav,0.26524487137794495,0.590147735481406,0.29894157067922705,0.061769738188558215,0.6990391921679063,2635.92,3.3496481190475866,143.5546875,False,False,False,False,False,A,MID,0.2818728335431651,False
15.046530612244897,4.3168,Less Than Zero.wav,0.25251537561416626,0.6774458462420956,0.3030009466111305,0.05096755650745499,0.652511792252304,2220.2,2.784283759150135,143.5546875,False,False,False,False,False,A,MID,0.2759799631575179,False
15.139410430839002,3.7657,Less Than Zero.wav,0.3728832006454468,1.154980284281224,0.26216796117389757,0.0707616135751287,0.6803780682370656,2460.57,4.5368924939509085,143.5546875,False,False,False,False,False,A,MID,0.277050722265087,False
15.232290249433106,3.986,Less Than Zero.wav,0.2798198163509369,1.1892029056878037,0.22721415952261734,0.06810709875215648,0.767615652207077,3394.66,2.420738748323482,143.5546875,False,False,False,False,False,A,MID,0.27339021992504187,False
15.32517006802721,2.3425,Less Than Zero.wav,0.29145073890686035,1.0645567301829972,0.1965439481882257,0.050673654776922455,0.6554066220561308,2244.04,3.1188645806620565,143.5546875,False,False,False,False,False,A,MID,0.2704081930529892,False
15.418049886621315,2.7797,Less Than Zero.wav,0.28049933910369873,1.0649852728852873,0.22156050508644295,0.05309912780371928,0.6727845312827379,2392.61,2.9901903474050218,143.5546875,False,False,False,False,False,A,MID,0.2668695664873492,False
15.51092970521542,4.0753,Less Than Zero.wav,0.3630361258983612,1.027533970566629,0.22519238449391818,0.04414955505725941,0.6362758622328313,2091.14,3.1475442960739066,143.5546875,False,False,False,False,False,A,MID,0.26787555343215025,False
15.603809523809524,2.8401,Less Than Zero.wav,0.4330793023109436,2.1811665047123108,0.17541309081528256,0.054164002472386674,0.6324826193326971,2062.08,4.633015481988778,143.5546875,False,False,False,False,False,A,MID,0.2715603194610465,False
15.696689342403628,4.7838,Less Than Zero.wav,0.20306940376758575,0.37294250523276734,0.23017890503407368,0.07334799150506545,0.6722518268750465,2387.91,3.1874545497631015,143.5546875,False,False,False,False,False,A,MID,0.25798230348799417,False
15.789569160997733,3.5398,Less Than Zero.wav,0.27672088146209717,0.7250769622410368,0.24182358086665254,0.05812724091558176,0.6545610812613074,2237.05,4.001726930517228,143.5546875,False,False,False,False,False,A,MID,0.25531982945604803,False
15.882448979591837,3.2913,Less Than Zero.wav,0.27401453256607056,0.82313390298591,0.2780377793743349,0.0514584301343101,0.6352624106694522,2083.33,3.118332071072655,143.5546875,False,False,False,False,False,A,MID,0.2526177557025467,False
15.975328798185942,3.9924,Less Than Zero.wav,0.3452214300632477,1.1749572963176296,0.29389446528169816,0.07126316205219589,0.6663019396946572,2336.07,5.715602362507348,143.5546875,False,False,False,False,False,A,MID,0.2537895265467365,False
16.068208616780044,1.1195,Less Than Zero.wav,0.22574375569820404,0.8399858248685856,0.18677498801087927,0.07060575451370907,0.7807123420706921,3562.69,2.606508637056585,143.5546875,False,False,False,False,False,A,MID,0.24709231300677095,False
16.16108843537415,2.3971,Less Than Zero.wav,0.270723819732666,0.8385572114943873,0.22265144146499594,0.049425852388333434,0.661581419807616,2295.74,3.2291253312297425,143.5546875,False,False,False,False,False,A,MID,0.2445866812313371,False
16.253968253968253,11.3248,Less Than Zero.wav,0.3348582684993744,1.111066345011073,0.25980444280092446,0.05350494640630982,0.656909628758682,2256.52,2.624979914019346,143.5546875,False,False,False,False,False,A,MID,0.24569317150658104,False
16.34684807256236,1.0022,Less Than Zero.wav,0.3718589246273041,1.3179718704818648,0.23495947499099007,0.042482519138579505,0.6023510587100874,1845.15,3.037018778141362,143.5546875,False,False,False,False,False,A,MID,0.2483319340744236,False
16.439727891156462,3.1085,Less Than Zero.wav,0.44703641533851624,2.1153403466391354,0.1993577444570127,0.06808099566897798,0.6622577976313536,2301.48,4.411686943585897,143.5546875,False,False,False,False,False,A,MID,0.2535590158158002,False
16.532607709750568,1.0852,Less Than Zero.wav,0.25437691807746887,0.4974521693927724,0.25206111173412693,0.0510345026277931,0.6800729079342808,2457.81,3.291089540626396,143.5546875,False,False,False,False,False,A,MID,0.24956654093131497,False
16.62548752834467,2.4734,Less Than Zero.wav,0.3089323937892914,0.6065964878993946,0.42154780354550336,0.0657461638607984,0.6839063393272402,2492.81,4.0512903149506485,143.5546875,False,False,False,False,False,A,MID,0.24916014876543638,False
16.718367346938777,4.4466,Less Than Zero.wav,0.261267751455307,0.7064834551389515,0.28564590071547263,0.05411968683871265,0.6739093433683195,2402.55,2.739026835343553,143.5546875,False,False,False,False,False,A,LOW,0.0,False
16.81124716553288,3.9397,Less Than Zero.wav,0.38909295201301575,0.9470201517188662,0.329724687936508,0.09378606516788936,0.7452754760156362,3126.12,4.712968663349141,143.5546875,False,False,False,False,False,A,LOW,0.0,False
16.904126984126986,3.7995,Less Than Zero.wav,0.36228057742118835,1.2660750937559322,0.3575161831324316,0.07525705826415724,0.7611976368145358,3315.23,2.4324886334055056,143.5546875,False,False,False,False,False,A,LOW,0.0,False
16.99700680272109,1.8288,Less Than Zero.wav,0.4601179361343384,1.1390053522805057,0.3508350786801614,0.05538251211467771,0.681831780993662,2473.8,5.4103907720297135,143.5546875,False,False,False,False,False,A,MID,0.2567784521357467,False
17.08988662131519,1.7097,Less Than Zero.wav,0.35264286398887634,1.988297179975821,0.3092813500780691,0.046244565490687485,0.633122036566735,2066.95,3.6678026987502137,143.5546875,False,False,False,False,False,A,LOW,0.0,False
17.182766439909297,1.2045,Less Than Zero.wav,0.32103416323661804,0.43668938224127474,0.30525585504374264,0.05851650873466209,0.7096345379753558,2740.99,3.212179129690852,143.5546875,False,False,False,False,False,A,LOW,0.0,False
17.2756462585034,1.5149,Less Than Zero.wav,0.4723265469074249,1.9655167708444974,0.36133759734505577,0.060906566911919396,0.6686527786800913,2356.42,4.6290357621106155,143.5546875,False,False,False,False,False,A,LOW,0.0,False
17.368526077097506,2.1509,Less Than Zero.wav,0.22027692198753357,0.4708885139615913,0.29479080692976717,0.04836506223345385,0.6982151754653269,2627.92,3.970757720488607,143.5546875,False,False,False,False,False,A,LOW,0.0,False
17.46140589569161,5.3298,Less Than Zero.wav,0.307557612657547,0.7523225688267386,0.3233191892026505,0.06072876528882518,0.6715628402130823,2381.85,4.254443126991057,143.5546875,False,False,False,False,False,A,LOW,0.0,False
17.554285714285715,6.8012,Less Than Zero.wav,0.2731972336769104,1.0885469623101278,0.20040655209652158,0.03259199075016599,0.6298234378617426,2041.95,2.1456645156576473,143.5546875,False,False,False,False,False,A,LOW,0.0,False
17.647165532879818,2.62,Less Than Zero.wav,0.3868306577205658,1.2232541508459833,0.31164235401199714,0.06441678620725627,0.6659103376875759,2332.7,6.40269298226038,143.5546875,False,False,False,False,False,A,LOW,0.0,False
17.740045351473924,3.2311,Less Than Zero.wav,0.28106629848480225,1.0684361501045414,0.2778439785788376,0.07656070191102232,0.7569684530857432,3263.92,2.415286843319756,143.5546875,False,False,False,False,False,A,LOW,0.0,False
17.832925170068027,4.6295,Less Than Zero.wav,0.31697922945022583,0.7247385119674262,0.3367387118394553,0.06278863884095782,0.6857243049163413,2509.58,3.8302276055700863,143.5546875,False,False,False,False,False,A,LOW,0.0,False
17.925804988662133,4.5216,Less Than Zero.wav,0.36404645442962646,1.076404170778474,0.35984823558683915,0.07623869028648692,0.6843980216788834,2497.33,3.149302269165343,143.5546875,False,False,False,False,False,A,LOW,0.0,False
18.018684807256236,4.6017,Less Than Zero.wav,0.27660268545150757,0.981001766864879,0.2802749023208236,0.058450201309271886,0.6611325979736735,2291.94,2.556734251256185,143.5546875,False,False,False,False,False,A,LOW,0.0,False
18.11156462585034,4.2608,Less Than Zero.wav,0.4964723289012909,2.0527820236103564,0.28838365071323757,0.04881205742775943,0.6395000306367803,2116.15,4.425395441056834,143.5546875,False,False,False,False,False,A,LOW,0.0,False
18.204444444444444,6.1196,Less Than Zero.wav,0.2355901151895523,0.6102737857768041,0.28112103091020674,0.05474020574149656,0.7220995934151332,2869.97,2.769220217286374,143.5546875,False,False,False,False,False,A,LOW,0.0,False
18.297324263038547,14.4053,Less Than Zero.wav,0.29361480474472046,0.6845787630719411,0.3006957438588126,0.08241886612610688,0.7123941075878121,2769.03,3.050971248346087,143.5546875,False,False,False,False,False,A,LOW,0.0,False
18.390204081632653,4.8226,Less Than Zero.wav,0.24840234220027924,0.7374875150786362,0.3055498535135242,0.05911880525082458,0.6890802146371476,2540.84,2.711771776760792,143.5546875,False,False,False,False,False,A,LOW,0.0,False
18.483083900226756,5.0878,Less Than Zero.wav,0.34671637415885925,0.7939076658970603,0.3051511872821876,0.05764283906755674,0.6770494750091158,2430.55,5.300436863170389,143.5546875,False,False,False,False,False,A,LOW,0.0,False
18.575963718820862,3.093,Less Than Zero.wav,0.3105482757091522,1.0968294118952684,0.33221036539839616,0.07855243056247656,0.7575796371382691,3271.28,2.709838142979568,143.5546875,False,False,False,False,False,A,LOW,0.0,False
18.668843537414965,4.8064,Less Than Zero.wav,0.3036545217037201,0.98317368701525,0.294904609333504,0.04203547863862197,0.6805901582816157,2462.5,3.084878555214028,143.5546875,False,False,False,False,False,A,LOW,0.0,False
18.76172335600907,3.1444,Less Than Zero.wav,0.31258425116539,1.0121338538191997,0.31847043608806114,0.03899644908492623,0.6498320704061653,2198.37,3.5139457589316,143.5546875,False,False,False,False,False,A,LOW,0.0,False
18.854603174603174,4.8398,Less Than Zero.wav,0.3378934860229492,1.152738833578606,0.24784617547848173,0.0381960979202632,0.6109039050108036,1904.3,4.58178205426613,143.5546875,False,False,False,False,False,A,LOW,0.0,False
18.94748299319728,5.0868,Less Than Zero.wav,0.5165508389472961,2.1690165140764393,0.2811243144583807,0.07820624726000092,0.6439466428755497,2151.15,4.124740070440703,143.5546875,False,False,False,False,False,A,LOW,0.0,False
19.040362811791383,3.2752,Less Than Zero.wav,0.2835564613342285,0.6127528407647441,0.3394885419436214,0.09223299795264332,0.7006375868108896,2651.51,3.6076998680435866,143.5546875,False,False,False,False,False,A,LOW,0.0,False
19.13324263038549,2.7407,Less Than Zero.wav,0.37021422386169434,0.77161838299175,0.35369117148863644,0.10897142340600169,0.6967412306527346,2613.67,5.381009010700937,143.5546875,False,True,False,False,False,A,LOW,0.0,False
19.22612244897959,4.7958,Less Than Zero.wav,0.34221896529197693,1.1044583718820644,0.28614670667468717,0.11228086288249836,0.6986736579954279,2632.37,2.0653762422512627,143.5546875,False,False,False,False,False,A,LOW,0.0,False
19.319002267573698,4.5397,Less Than Zero.wav,0.4066852331161499,1.217020667703785,0.32243217680749936,0.11072049128407634,0.696419381791461,2610.57,7.061783226063955,143.5546875,False,True,False,False,False,A,LOW,0.0,False
19.4118820861678,5.7109,Less Than Zero.wav,0.30834245681762695,1.2121758438939072,0.287669416107197,0.09433797860778473,0.7560989012412527,3253.46,2.5514034387448903,143.5546875,False,False,False,False,False,A,LOW,0.0,False
19.504761904761907,6.0067,Less Than Zero.wav,0.2823975086212158,0.891382242348715,0.25290622080566644,0.07488965182047645,0.7229033788029325,2878.49,3.1282187637572436,143.5546875,False,False,False,False,False,A,LOW,0.0,False
19.59764172335601,4.2056,Less Than Zero.wav,0.2834935188293457,0.9155650614794433,0.27008187643153464,0.06484431343470153,0.6846156869624405,2499.34,2.356296098957198,143.5546875,False,False,False,False,False,A,LOW,0.0,False
19.690521541950112,5.4485,Less Than Zero.wav,0.2164466679096222,0.6688159665659396,0.2579295103200679,0.05370768388730681,0.6640829241753494,2317.02,2.618535507567363,143.5546875,False,False,False,False,False,A,LOW,0.0,False
19.783401360544218,6.2423,Less Than Zero.wav,0.5039132833480835,2.0581224990754032,0.20767832967967742,0.062485401639529016,0.6832159173912539,2486.47,4.212952998123868,143.5546875,False,False,False,False,False,A,LOW,0.0,False
19.87628117913832,3.04,Less Than Zero.wav,0.20044872164726257,0.7075118559438152,0.2318256200620375,0.06578876647078538,0.718725844783421,2834.47,2.9398668306340827,143.5546875,False,False,False,False,False,A,LOW,0.0,False
19.969160997732427,4.0176,Less Than Zero.wav,0.3263459801673889,0.4496670744564318,0.40398713652555956,0.06012021469638116,0.700392807855374,2649.12,3.4801382174600137,143.5546875,False,False,False,False,False,A,LOW,0.0,False
20.06204081632653,4.3495,Less Than Zero.wav,0.21018542349338531,0.5058728344450769,0.31321802521016623,0.0483150206725147,0.6721452244728704,2386.97,2.579009677126812,143.5546875,False,False,False,False,False,A,LOW,0.0,False
20.154920634920636,6.099,Less Than Zero.wav,0.3467947542667389,0.7089746774778398,0.26190161757116787,0.08684092438547972,0.7538646901519488,3226.76,5.5767193524636305,143.5546875,True,True,False,True,False,A,LOW,0.0,False
20.24780045351474,4.7553,Less Than Zero.wav,0.3462051451206207,1.0633081695351665,0.37636743041812987,0.0892940168147608,0.7643979160650585,3354.6,2.518904874619898,143.5546875,False,False,False,False,False,A,LOW,0.0,False
20.340680272108845,16.7823,Less Than Zero.wav,0.4027746319770813,0.7644339227778207,0.3886110364557999,0.06221778098108833,0.7182936026591429,2829.95,3.259452711728936,143.5546875,False,False,False,False,False,A,LOW,0.0,False
20.433560090702947,5.7514,Less Than Zero.wav,0.3879065215587616,2.0866748398574795,0.24408743514519465,0.04647207331214747,0.6525166002569732,2220.24,3.8003700406025263,143.5546875,False,False,False,False,False,A,LOW,0.0,False
20.526439909297054,4.5832,Less Than Zero.wav,0.2047411948442459,0.2680064249717895,0.18901257856465611,0.03121960566987878,0.7194283604256948,2841.83,3.2733384275612436,143.5546875,False,False,False,False,False,A,LOW,0.0,False
20.619319727891156,4.5616,Less Than Zero.wav,0.5094687342643738,1.8141069905898795,0.36050998468515166,0.055158322025507564,0.6784989344926056,2443.58,4.895464845629951,143.5546875,False,False,False,False,False,A,LOW,0.0,False
20.712199546485262,3.6744,Less Than Zero.wav,0.2576100826263428,0.7052582802673176,0.42167870723047357,0.04814323068971137,0.7198487902758942,2846.24,3.8367770741114917,143.5546875,False,False,False,False,False,A,LOW,0.0,False
20.805079365079365,5.0971,Less Than Zero.wav,0.2660771608352661,0.24825078862968666,0.3438741384758359,0.05062684304482692,0.696158022937822,2608.06,4.066214785689869,143.5546875,False,False,False,False,False,A,LOW,0.0,False
20.897959183673468,4.8923,Less Than Zero.wav,0.19601529836654663,0.6239127074400332,0.260050120414609,0.034394237240198286,0.6589182832569405,2273.3,2.684798033934077,143.5546875,False,False,False,False,False,A,LOW,0.0,False
20.990839002267574,4.4191,Less Than Zero.wav,0.33829036355018616,0.8064067674169892,0.2794662954351585,0.054171659731471714,0.6736865197554969,2400.58,5.476710945395498,143.5546875,True,True,False,True,False,A,LOW,0.0,False
21.083718820861677,6.0939,Less Than Zero.wav,0.26880496740341187,0.962718687466111,0.2853698133418972,0.0944151257240768,0.7715205732626789,3443.91,2.1005451716692147,143.5546875,False,False,False,False,False,A,LOW,0.0,False
21.176598639455783,5.6486,Less Than Zero.wav,0.2620917856693268,0.45953519937331094,0.3081106305531479,0.07376312674991338,0.7218694655655666,2867.53,3.7971429926048406,143.5546875,False,False,False,False,False,A,LOW,0.0,False
21.269478458049885,4.8992,Less Than Zero.wav,0.3070715069770813,0.8168013933432621,0.31235160099834675,0.07794733878535393,0.7129266649310548,2774.48,4.371869495957466,143.5546875,False,False,False,False,False,A,LOW,0.0,False
21.36235827664399,3.2128,Less Than Zero.wav,0.248472660779953,0.8755872233570066,0.26187358500384267,0.0490416949504721,0.6609463141706372,2290.37,3.125506142264383,143.5546875,False,False,False,False,False,A,LOW,0.0,False
21.455238095238094,4.5784,Less Than Zero.wav,0.4937051236629486,1.8981240630587863,0.2947767107719544,0.04921732377631968,0.6444312548460508,2155.0,4.798963421130705,143.5546875,False,False,False,False,False,A,LOW,0.0,False
21.5481179138322,4.438,Less Than Zero.wav,0.20916059613227844,0.8325695830013138,0.269600004324249,0.06738842214181498,0.7493841090346749,3173.86,4.048562082203089,143.5546875,False,False,False,False,False,A,LOW,0.0,False
21.640997732426303,5.9983,Less Than Zero.wav,0.2669077217578888,0.4634132271284576,0.2875382928511426,0.054903569168140195,0.7138990856353523,2784.45,2.914346892977243,143.5546875,False,False,False,False,False,A,LOW,0.0,False
21.73387755102041,5.083,Less Than Zero.wav,0.1936393827199936,0.5147365861840678,0.28032022497600867,0.04445088681876463,0.6764289191918013,2424.99,2.638564052607151,143.5546875,False,False,False,False,False,A,LOW,0.0,False
21.826757369614512,4.4806,Less Than Zero.wav,0.309818297624588,0.5815747197435777,0.24318955858950184,0.05114814925667698,0.67845304729092,2443.16,5.381490169555765,143.5546875,True,True,True,False,False,A,LOW,0.0,False
21.91963718820862,5.9691,Less Than Zero.wav,0.28971055150032043,1.0728659951544008,0.26894268825225015,0.12269938224878477,0.7637353173793175,3346.41,2.2621930639399017,143.5546875,False,False,False,False,False,A,LOW,0.0,False
22.01251700680272,4.164,Less Than Zero.wav,0.25878360867500305,0.6849910524165033,0.19333527580330287,0.11131252126732316,0.7342117250809936,3001.11,2.7079585341335015,143.5546875,False,False,False,False,False,A,LOW,0.0,False
22.105396825396827,4.8437,Less Than Zero.wav,0.21547876298427582,0.6308792700746871,0.24181431125734715,0.06638715678482304,0.7322729709231799,2979.72,3.6745761207868872,143.5546875,False,False,False,False,False,A,LOW,0.0,False
22.19827664399093,4.8179,Less Than Zero.wav,0.21471937000751495,0.63311961740551,0.19617989258126814,0.04433963209172285,0.7557692004034433,3249.51,2.9903122690864308,143.5546875,False,False,False,False,False,A,LOW,0.0,False
22.291156462585032,4.2098,Less Than Zero.wav,0.5180285573005676,1.9633612924185941,0.26205282277692826,0.06618028782487737,0.7049775692172846,2694.3,3.9888038260757566,143.5546875,False,False,False,False,False,A,LOW,0.0,False
22.38403628117914,16.147,Less Than Zero.wav,0.2855401337146759,0.8697068823664472,0.311298029525466,0.10374960875784704,0.743658025286235,3107.53,2.9147651831235284,143.5546875,False,False,False,False,False,A,LOW,0.0,False
22.47691609977324,5.0003,Less Than Zero.wav,0.3175218105316162,0.2842423003085301,0.39462616330672573,0.10328169777167624,0.7550632201764561,3241.06,4.759452861792461,143.5546875,False,False,False,False,False,A,LOW,0.0,False
22.569795918367348,5.745,Less Than Zero.wav,0.279118150472641,0.5639850646569603,0.3318253258219815,0.10602340954781564,0.7238700119206708,2888.77,2.566736631499751,143.5546875,False,False,False,False,False,A,LOW,0.0,False
22.66267573696145,3.3558,Less Than Zero.wav,0.35700684785842896,0.654019482065558,0.3232116241300916,0.10356895356122311,0.7088494529169864,2733.06,5.387443620672676,143.5546875,True,True,True,False,False,A,LOW,0.0,False
22.755555555555556,3.2557,Less Than Zero.wav,0.2812558710575104,1.0517685472844045,0.264736191661633,0.11587771971696652,0.7632746163992097,3340.73,2.2496372885834095,143.5546875,False,False,False,False,False,A,LOW,0.0,False
22.84843537414966,4.1453,Less Than Zero.wav,0.2611513137817383,0.5072112267067526,0.2247765494731001,0.11461551203575095,0.736283776238182,3024.13,3.8535391353108306,143.5546875,False,False,False,False,False,A,LOW,0.0,False
22.941315192743765,4.13,Less Than Zero.wav,0.2789512872695923,0.5644027864227057,0.3033345330545348,0.11225386377739012,0.7233504195943409,2883.24,3.581893049655903,143.5546875,False,False,False,False,False,A,LOW,0.0,False
23.034195011337868,3.3053,Less Than Zero.wav,0.2585984170436859,0.6169698305247923,0.22993386477094874,0.10387278336136359,0.7282010147979545,2935.29,2.552673954241327,143.5546875,False,False,False,False,False,A,LOW,0.0,False
23.127074829931974,4.3267,Less Than Zero.wav,0.507573664188385,1.8718874552815987,0.2621050085857354,0.08680728898904955,0.670151162463148,2369.48,6.516618003940315,143.5546875,False,True,False,False,False,A,LOW,0.0,False
23.219954648526077,5.0407,Less Than Zero.wav,0.2993576228618622,1.0751881641372045,0.2793732707366881,0.10008924303205492,0.722136472146601,2870.36,2.653810688964672,143.5546875,False,False,False,False,False,A,LOW,0.0,False
23.312834467120183,6.0729,Less Than Zero.wav,0.35646501183509827,0.9929237152631043,0.3167441719181023,0.10045198395555871,0.7088810048970308,2733.38,2.464482178036335,143.5546875,False,False,False,False,False,A,LOW,0.0,False
23.405714285714286,4.5326,Less Than Zero.wav,0.3582320809364319,1.2309623760906165,0.2996430505213448,0.09029345052402546,0.6997668508430885,2643.01,1.926748413674582,143.5546875,False,False,False,False,False,A,LOW,0.0,False
23.49859410430839,6.0117,Less Than Zero.wav,0.38048800826072693,1.2487371540957704,0.24386097679017094,0.10039604574643643,0.7022295861791418,2667.13,4.4562466941897885,143.5546875,False,False,False,False,False,A,LOW,0.0,False
23.591473922902495,4.5936,Less Than Zero.wav,0.26552361249923706,1.1674777896767867,0.21279322973479317,0.10356219816970406,0.7698343911167123,3422.56,2.603184994248201,143.5546875,False,False,False,False,False,A,LOW,0.0,False
23.684353741496597,3.4255,Less Than Zero.wav,0.2916511595249176,0.6733449961950244,0.22189359779627393,0.09318977634346703,0.7347224958628186,3006.77,3.281034378775911,143.5546875,False,False,False,False,False,A,LOW,0.0,False
23.777233560090703,3.9054,Less Than Zero.wav,0.4879339635372162,2.1168098538894835,0.21862994731007956,0.07591434864894958,0.6566912187026986,2254.7,4.982808342204226,143.5546875,False,False,False,False,False,A,MID,0.24376352752672456,False
23.870113378684806,5.3876,Less Than Zero.wav,0.2193032205104828,0.5219707052192504,0.25507469144779116,0.07412277046789267,0.696759890205292,2613.85,2.615637916493776,143.5546875,False,False,False,False,False,A,LOW,0.0,False
23.962993197278912,4.1736,Less Than Zero.wav,0.5094538331031799,1.8832708217872431,0.21649367982377454,0.05980307462097728,0.6660336810152102,2333.76,5.002333036084106,143.5546875,False,False,False,False,False,A,MID,0.24575188886019803,False
24.055873015873015,3.0825,Less Than Zero.wav,0.1808749884366989,1.147918290190844,0.2153400460654557,0.05271802583214853,0.690023682954068,2549.7,2.790143902778432,143.5546875,False,False,False,False,False,A,LOW,0.0,False
24.14875283446712,2.924,Less Than Zero.wav,0.2571759819984436,0.37723455312143656,0.27529975984255595,0.04919764382852925,0.6944711801898313,2591.88,3.6235287146033714,143.5546875,False,False,False,False,False,A,MID,0.2319702626305909,False
24.241632653061224,3.3739,Less Than Zero.wav,0.32170310616493225,1.0427939984390673,0.29846071269097935,0.044160885456079074,0.6321696585847721,2059.7,2.8489506020463464,143.5546875,False,False,False,False,False,A,LOW,0.0,False
24.33451247165533,3.7639,Less Than Zero.wav,0.35077348351478577,1.0781464365727085,0.2764359838261435,0.04464025297143526,0.629965885181138,2043.02,5.720153526312513,143.5546875,True,True,False,True,False,A,LOW,0.0,False
24.427392290249433,16.0276,Less Than Zero.wav,0.28129035234451294,1.2884525047331896,0.229348147280276,0.08091624298527401,0.7665455409238302,3381.29,2.5653438005325757,143.5546875,False,False,False,False,False,A,LOW,0.0,False
24.52027210884354,6.1736,Less Than Zero.wav,0.2365269660949707,0.8442278870565411,0.24057984891086093,0.041468473079918536,0.6687542650203256,2357.3,2.596208198496744,143.5546875,False,False,False,False,False,A,LOW,0.0,False
24.61315192743764,2.4464,Less Than Zero.wav,0.32421788573265076,1.020587550467523,0.2306567307325481,0.04407650943587893,0.6514643261509723,2211.64,2.9239130213592275,143.5546875,False,False,False,False,False,A,LOW,0.0,False
24.706031746031748,5.226,Less Than Zero.wav,0.29297804832458496,1.1439565601415023,0.26125558038492414,0.03709298414039675,0.5915519993770941,1773.09,2.481071978555973,143.5546875,False,False,False,False,False,A,LOW,0.0,False
24.79891156462585,5.1692,Less Than Zero.wav,0.512622594833374,1.9512359090902842,0.20638525105310265,0.03537584000605146,0.5917876697652606,1774.64,5.256503470779255,143.5546875,False,True,False,False,False,A,LOW,0.0,False
24.891791383219953,3.9267,Less Than Zero.wav,0.1986500322818756,1.2641409300431479,0.23321980951265722,0.02699888617570817,0.6068594517514124,1876.1,3.104067367957603,143.5546875,False,False,False,False,False,A,LOW,0.0,False
24.98467120181406,4.8205,Less Than Zero.wav,0.2244853973388672,0.562024232721387,0.24600585079853202,0.0296912063818247,0.6373299567323282,2099.28,3.3635607910906136,143.5546875,False,False,False,False,False,A,LOW,0.0,False
25.077551020408162,3.9029,Less Than Zero.wav,0.2242714762687683,0.7072091970621265,0.23602646167386937,0.03231289062648784,0.6144136636650315,1929.11,1.9171257177808847,143.5546875,False,False,False,False,False,A,LOW,0.0,False
25.170430839002268,4.9972,Less Than Zero.wav,0.30908188223838806,0.6974207600100913,0.27103078931520214,0.030753507409677507,0.5820647393910665,1712.11,4.8920625869927195,143.5546875,True,True,False,True,False,A,LOW,0.0,False
25.26331065759637,3.8511,Less Than Zero.wav,0.3093927800655365,1.2843684024837028,0.24335613556691227,0.07920906687682794,0.7696809607390731,3420.62,3.9587420128355113,143.5546875,False,False,False,False,False,A,LOW,0.0,False
25.356190476190477,4.3602,Less Than Zero.wav,0.28146079182624817,1.0675857703005254,0.20486754822017939,0.03766980105482198,0.680091819029462,2457.98,3.519956168441751,143.5546875,False,False,False,False,False,A,LOW,0.0,False
25.44907029478458,4.3965,Less Than Zero.wav,0.28887423872947693,1.078166572868938,0.2239103700033366,0.035523464632168114,0.6623336887120225,2302.12,2.2199841855387823,143.5546875,False,False,False,False,False,A,LOW,0.0,False
25.541950113378686,5.4824,Less Than Zero.wav,0.3090435862541199,1.1569262097525224,0.21557235141802975,0.030801865886407046,0.5559076990893254,1554.63,2.9250109586423436,143.5546875,False,False,False,False,False,A,LOW,0.0,False
25.63482993197279,4.0611,Less Than Zero.wav,0.5297549962997437,2.012720906228748,0.21756221594457117,0.036052493270474044,0.5947449388187582,1794.1,3.89845746998362,143.5546875,False,True,False,False,False,A,LOW,0.0,False
25.727709750566895,4.3256,Less Than Zero.wav,0.14249756932258606,1.3421737253351387,0.17360125344863586,0.028255328969932575,0.6258054980882607,2011.91,1.9965441292774664,143.5546875,False,False,False,False,False,A,LOW,0.0,False
25.820589569160997,3.4693,Less Than Zero.wav,0.1714448630809784,0.2277078930807374,0.20253890743259126,0.027633778686680613,0.6624423823321773,2303.05,4.532605136275573,143.5546875,False,False,False,False,False,A,LOW,0.0,False
25.913469387755104,5.4249,Less Than Zero.wav,0.2847525179386139,0.9396906994665464,0.21400326419164176,0.03252584505804312,0.6094081554427327,1893.82,3.95309112438098,143.5546875,False,False,False,False,True,B,LOW,0.0,False
26.006349206349206,5.2422,Less Than Zero.wav,0.33973273634910583,1.0502124122736036,0.22355950603638108,0.029959399870745747,0.5694365161875148,1634.19,4.773827493251991,143.5546875,True,True,False,True,False,B,LOW,0.0,False
26.09922902494331,3.4917,Less Than Zero.wav,0.30067965388298035,1.333597041585976,0.23512321401469818,0.08390252756510175,0.760906046569848,3311.67,4.413377560273416,143.5546875,False,False,False,False,False,B,LOW,0.0,False
26.192108843537415,4.2472,Less Than Zero.wav,0.2583557069301605,1.04678242194093,0.19746384175640266,0.04305750774091365,0.6819419498503432,2474.81,2.688972803087633,143.5546875,False,False,False,False,False,B,LOW,0.0,False
26.284988662131518,4.4847,Less Than Zero.wav,0.3472532033920288,1.2145247221291553,0.23932977365713873,0.04369011466744194,0.6690473011439424,2359.85,3.2945811539922185,143.5546875,False,False,False,False,False,B,LOW,0.0,False
26.377868480725624,5.609,Less Than Zero.wav,0.3431640863418579,1.298537971740137,0.2162483421913701,0.03327907054748239,0.5755040967587579,1671.18,2.58201765158374,143.5546875,False,False,False,False,False,B,LOW,0.0,False
26.470748299319727,14.5366,Less Than Zero.wav,0.5295385718345642,2.0080460654645735,0.1954014702313286,0.035679266516296416,0.5898093957579229,1761.73,5.818160653383571,143.5546875,False,True,False,False,False,B,MID,0.24575317243262967,False
26.563628117913833,3.0875,Less Than Zero.wav,0.1967449188232422,1.459129284772979,0.19039537041296384,0.03391029479574966,0.6092040841206008,1892.39,2.4698926735938795,143.5546875,False,False,False,False,False,B,MID,0.24165054511580006,False
26.656507936507936,2.3537,Less Than Zero.wav,0.32669177651405334,1.0499614436204725,0.20874668347322506,0.03951775664191506,0.6492863757112046,2193.94,2.8526833781741927,143.5546875,False,False,False,False,False,B,MID,0.24383517237830954,False
26.749387755102042,2.6681,Less Than Zero.wav,0.3764573633670807,1.4921385407657093,0.23088644505512,0.038813932204686485,0.6436263443494281,2148.61,2.871686544128659,143.5546875,False,False,False,False,False,B,MID,0.2475489694953655,False
26.842267573696144,2.8398,Less Than Zero.wav,0.36463069915771484,1.438898797488418,0.20174767681967407,0.03135755107634911,0.6002438422272339,1830.87,4.463428762755444,143.5546875,True,True,False,True,False,B,MID,1.0,False
26.93514739229025,3.5286,Less Than Zero.wav,0.3426741361618042,1.4508945884400988,0.2239229564568905,0.0809140292266772,0.7689747260383223,3411.72,5.584778487927806,143.5546875,False,False,False,False,False,B,MID,0.65,False
27.028027210884353,5.154,Less Than Zero.wav,0.3595041334629059,1.4287597311272573,0.18051571054488805,0.041069643927220185,0.7046398372637412,2690.95,2.799225462697838,143.5546875,False,False,False,False,False,B,MID,0.42250000000000004,False
27.12090702947846,4.7618,Less Than Zero.wav,0.5096484422683716,2.2723311035359894,0.16204799106030604,0.03840782552005286,0.6145256598185487,1929.91,5.819557525377033,143.5546875,True,True,True,False,False,B,MID,1.0,True
27.213786848072562,5.2366,Less Than Zero.wav,0.20441167056560516,0.9016926320273919,0.1839833592534163,0.03541557559931153,0.6143213961744476,1928.46,2.524641748376948,143.5546875,False,False,False,False,False,B,MID,0.65,False
27.30666666666667,4.5132,Less Than Zero.wav,0.5115862488746643,1.7109473764658278,0.1757312281360374,0.042698975662799045,0.6320147363690839,2058.52,5.230054953341073,143.5546875,False,True,False,False,False,B,MID,0.42250000000000004,False
27.39954648526077,4.4636,Less Than Zero.wav,0.14898398518562317,1.504795316118549,0.19843590114276613,0.040573847415760485,0.6330188458360542,2066.16,2.8515547534925054,143.5546875,False,False,False,False,False,B,MID,0.27462500000000006,False
27.492426303854874,5.3331,Less Than Zero.wav,0.26293709874153137,0.42282180828691723,0.17461149619180566,0.038443434474304004,0.6783064401072292,2441.84,7.339947931328862,143.5546875,False,True,False,False,False,B,MID,0.25359867447706774,False
27.58530612244898,5.7984,Less Than Zero.wav,0.2920371890068054,1.264406548488337,0.22217579622264552,0.04430625514875317,0.6463352122459861,2170.19,2.131002828991092,143.5546875,False,False,False,False,False,B,MID,0.2538962709618495,False
27.678185941043083,5.2195,Less Than Zero.wav,0.40068987011909485,1.3126674415874626,0.19276201008788574,0.03726524751841512,0.6045220577216984,1859.99,4.981867410316714,143.5546875,True,True,False,True,False,B,MID,1.0,False
27.77106575963719,4.5835,Less Than Zero.wav,0.3620811700820923,1.5732264973859669,0.2450704673787762,0.08074449636571719,0.7557248536867396,3248.98,7.5964116204480785,143.5546875,False,True,False,False,False,B,MID,0.65,False
27.86394557823129,4.2527,Less Than Zero.wav,0.2817628085613251,1.4316946669795632,0.1837597466371943,0.04492202377632402,0.6931710593245352,2579.48,2.6558587516321825,143.5546875,False,False,False,False,False,B,MID,0.42250000000000004,False
27.956825396825398,6.5915,Less Than Zero.wav,0.3639429807662964,1.2055775262886443,0.243161514255503,0.04117077603385658,0.6415971011038362,2132.59,4.819995958120255,143.5546875,False,False,False,False,False,B,MID,0.27462500000000006,False
28.0497052154195,4.8905,Less Than Zero.wav,0.3393634855747223,1.2207069036351734,0.23145909636622883,0.04280595883546816,0.6076416186388061,1881.52,3.0270153796240216,143.5546875,False,False,False,False,False,B,MID,0.26404030311611526,False
28.142585034013607,6.555,Less Than Zero.wav,0.5186977386474609,1.8664641578575982,0.18464388293843406,0.04676329334385769,0.6019649080820839,1842.53,4.4892851996955905,143.5546875,False,False,False,False,False,B,MID,0.2705766660816535,False
28.23546485260771,4.417,Less Than Zero.wav,0.16635003685951233,1.6122881988470215,0.14042918590067507,0.035993751600807276,0.6191041634067334,1962.78,3.0259935455611195,143.5546875,False,False,False,False,False,B,MID,0.2626818474869163,False
28.328344671201815,4.3621,Less Than Zero.wav,0.3058350086212158,0.9400704769459112,0.1829548899388806,0.03430441099973177,0.652043631870291,2216.37,2.9291792398277985,143.5546875,False,False,False,False,False,B,MID,0.26305648554102024,False
28.421224489795918,5.059,Less Than Zero.wav,0.39405059814453125,1.56653938374901,0.19929596503376892,0.0395379454223254,0.6366271756328964,2093.85,2.766777146223416,143.5546875,False,False,False,False,False,B,MID,0.26634214365493497,False
28.514104308390024,14.1912,Less Than Zero.wav,0.33850550651550293,1.382495515894862,0.20385664257379002,0.03507187119453905,0.5862673224428264,1738.86,4.0565471377610836,143.5546875,True,True,False,True,False,B,MID,1.0,False
28.606984126984127,5.1266,Less Than Zero.wav,0.34661492705345154,1.3790261809022657,0.23976391586204296,0.07843047489653707,0.7572860551188964,3267.74,6.4056368684141205,143.5546875,False,True,False,False,False,B,MID,0.65,False
28.69986394557823,5.0927,Less Than Zero.wav,0.3873837888240814,1.521728428183742,0.15285842475080816,0.04910387744708636,0.7286698430679475,2940.38,3.501219350267427,143.5546875,False,False,False,False,False,B,MID,0.42250000000000004,False
28.792743764172336,5.409,Less Than Zero.wav,0.3945907950401306,1.6469483235558429,0.21470673093465312,0.04260085919238744,0.6640364389931168,2316.63,3.8529849139332137,143.5546875,False,False,False,False,False,B,MID,0.27489325124926733,False
28.88562358276644,5.6396,Less Than Zero.wav,0.36704739928245544,1.5524104392224745,0.19033275366674413,0.04794327344962954,0.6312886285499809,2053.02,2.3549318611762953,143.5546875,False,False,False,False,False,B,MID,0.2767601013000081,False
28.978503401360545,4.1283,Less Than Zero.wav,0.5421544909477234,1.9715150366271754,0.17578574107414696,0.04465146516235736,0.6435011894071812,2147.62,5.690778414935687,143.5546875,True,True,True,False,False,B,MID,1.0,True
29.071383219954647,3.673,Less Than Zero.wav,0.1550305336713791,1.6695011903198822,0.13273602101772458,0.041951759774862624,0.6733131354701035,2397.28,2.7125634334540796,143.5546875,False,False,False,False,False,B,MID,0.65,False
29.164263038548754,4.2882,Less Than Zero.wav,0.27292776107788086,0.5428821000997973,0.17761988319289398,0.04338019201321621,0.7048262074407518,2692.8,5.646356302518525,143.5546875,False,True,False,False,False,B,MID,0.42250000000000004,False
29.257142857142856,4.8801,Less Than Zero.wav,0.2660394310951233,1.205057438130036,0.20195884213796253,0.053189590173474265,0.6739787866154984,2403.17,2.3412850430096146,143.5546875,False,False,False,False,False,B,MID,0.27462500000000006,False
29.350022675736962,5.2611,Less Than Zero.wav,0.31980323791503906,0.9295467431926211,0.19132664929017887,0.04637595813376527,0.700331596368823,2648.52,2.3612855760058618,143.5546875,False,False,False,False,False,B,MID,0.2698112954882152,False
29.442902494331065,3.5469,Less Than Zero.wav,0.3870474696159363,1.376695338405188,0.334470110172925,0.08574995824720286,0.7376095184162014,3038.96,6.898672861831895,143.5546875,False,True,False,False,False,B,MID,0.2723187578101598,False
29.53578231292517,3.3177,Less Than Zero.wav,0.3425725996494293,1.1261991162486054,0.35450377351930557,0.05614488935148135,0.7115543981870965,2760.47,2.13215674485316,143.5546875,False,False,False,False,False,B,MID,0.273305803955805,False
29.628662131519274,6.0508,Less Than Zero.wav,0.3207787871360779,0.9629623188079044,0.34507079454883854,0.05037454948832186,0.6646534639990171,2321.91,3.468957193289883,143.5546875,False,False,False,False,False,B,MID,0.2734976873078335,False
29.72154195011338,4.6655,Less Than Zero.wav,0.33133000135421753,0.994410312453686,0.3529727771362169,0.053816219476065415,0.6608087050059361,2289.21,2.495131952451111,143.5546875,False,False,False,False,False,B,MID,0.2740469131411729,False
29.814421768707483,4.257,Less Than Zero.wav,0.28054240345954895,0.7314539728753341,0.373604540688267,0.051883045513707954,0.6666892121200618,2339.41,2.654993584516123,143.5546875,False,False,False,False,False,B,MID,0.2726807639595661,False
29.90730158730159,4.5279,Less Than Zero.wav,0.26500776410102844,0.1932309620321333,0.38092043574963974,0.04493151416614902,0.668353838567699,2353.82,2.3625115284814626,143.5546875,False,False,False,False,False,B,MID,0.2707313308062488,False
30.00018140589569,4.97,Less Than Zero.wav,0.24204182624816895,0.14663247151252654,0.37020386498617824,0.03200742852817845,0.6526587169908433,2221.41,2.7173485575228473,143.5546875,False,False,False,False,False,B,MID,0.26782723087633553,False
30.093061224489794,6.3627,Less Than Zero.wav,0.22949790954589844,0.10062327853817805,0.35160547425804617,0.027726445970106598,0.63959697139811,2116.91,3.943797189444553,143.5546875,False,False,False,False,False,B,MID,0.2644369118566414,False
30.1859410430839,4.5511,Less Than Zero.wav,0.21427343785762787,0.2983535362704688,0.32181295911340463,0.020251804323291767,0.6557508830395684,2246.89,3.8074786677672923,143.5546875,False,False,False,False,False,B,MID,0.2603787778660809,False
30.278820861678003,5.5606,Less Than Zero.wav,0.0986870750784874,0.44164113548577066,0.1445911652972795,0.018113449621595057,0.6622156847963722,2301.12,3.2989228823271564,143.5546875,False,False,False,False,False,B,MID,0.24735983897277683,False
30.37170068027211,4.5937,Less Than Zero.wav,0.08525388687849045,0.11481713625483175,0.11454442066478483,0.011994781421084176,0.6035149573970555,1853.09,2.475612522662884,143.5546875,False,False,False,False,False,B,MID,0.234991847024138,False
30.464580498866212,4.8246,Less Than Zero.wav,0.0854325070977211,0.13094563951281676,0.11263799835378671,0.011196510924253594,0.6301157638928659,2044.15,4.039027328947862,143.5546875,False,False,False,False,False,B,MID,0.22380717679279638,False
30.55746031746032,15.8463,Less Than Zero.wav,0.06517787277698517,0.16743213818200414,0.10221372911867303,0.009434920430419248,0.5670638408966141,1619.95,2.7590578977914517,143.5546875,False,False,False,False,False,B,MID,0.21261681795315657,False
30.65034013605442,5.569,Less Than Zero.wav,0.0625561848282814,0.1202623341621473,0.08206927859282757,0.006303315678167359,0.5260688153168273,1392.59,1.8708462531593872,143.5546875,False,False,False,False,False,B,MID,0.20198597705549873,False
30.743219954648527,6.0872,Less Than Zero.wav,0.0751287117600441,0.18359469229260028,0.08349526113771277,0.006060587561630104,0.5188019318154299,1355.76,2.604439614308556,143.5546875,False,False,False,False,False,B,MID,0.1957077639522904,False
30.83609977324263,6.0132,Less Than Zero.wav,0.05689037963747978,0.12127773381269646,0.08823968452607937,0.005886732882061009,0.5927022099646099,1780.63,3.129584721165363,143.5546875,False,False,False,False,False,B,MID,0.18592237575467588,False
30.928979591836736,2.3777,Less Than Zero.wav,0.08016378432512283,0.23549195134144865,0.08423684866052406,0.004657470926889908,0.540692462879946,1469.78,3.502213435327476,143.5546875,False,False,False,False,False,B,MID,0.1816546682262242,False
31.02185941043084,3.6499,Less Than Zero.wav,0.06122129037976265,0.19082298740085332,0.06436274812849786,0.0041718497700548775,0.5307422408318339,1416.81,1.91009390193264,143.5546875,True,True,False,True,False,B,MID,1.0,False
31.114739229024945,5.376,Less Than Zero.wav,0.0863606408238411,0.17674906770936988,0.10687026837200621,0.01811795093332799,0.7167270760541294,2813.65,4.967832454086965,143.5546875,False,True,False,False,False,B,MID,0.65,False
31.207619047619048,2.3877,Less Than Zero.wav,0.07258045673370361,0.09871507205079934,0.10402960649206928,0.00882449105593783,0.5710953782722102,1644.22,1.8900765495954484,143.5546875,False,False,False,False,False,B,MID,0.42250000000000004,False
31.30049886621315,4.1297,Less Than Zero.wav,0.06861387938261032,0.07210684750730893,0.10410258409401484,0.007891184463773954,0.5884577640336555,1752.97,2.8592869182470415,143.5546875,False,False,False,False,False,B,MID,0.27462500000000006,False
31.393378684807256,3.6401,Less Than Zero.wav,0.05392167717218399,0.06104536540070145,0.08451045739342203,0.0073384195839279265,0.6061225235033898,1871.0,3.0196779655848647,143.5546875,False,False,False,False,False,B,MID,0.17850625000000006,False
31.48625850340136,4.7183,Less Than Zero.wav,0.04624444618821144,0.05800117893681357,0.06748652291894736,0.0077509047513486876,0.6606093005325351,2287.52,3.5026768627522795,143.5546875,False,False,False,False,False,B,MID,0.1468309725999091,False
31.579138321995465,5.2934,Less Than Zero.wav,0.046317365020513535,0.16030210994772853,0.04897454547539424,0.006907109450105907,0.6366393985470196,2093.94,2.494578449686425,143.5546875,False,False,False,False,False,B,LOW,0.0,False
31.672018140589568,5.4113,Less Than Zero.wav,0.14708659052848816,0.11557919170521737,0.16274328545470612,0.01592069543573109,0.6217638777861114,1982.13,8.138734500924294,143.5546875,False,False,False,False,False,B,LOW,0.0,False
31.764897959183674,6.8121,Less Than Zero.wav,0.1025564968585968,0.1219921504754634,0.18917148996799532,0.021249482459627815,0.6701270402453114,2369.27,2.7630211105012523,143.5546875,False,False,False,False,False,B,LOW,0.0,False
31.857777777777777,4.0805,Less Than Zero.wav,0.0909876897931099,0.1138829854517902,0.11679159694392818,0.01080609304631551,0.6269840863173199,2020.67,1.8557348926543709,143.5546875,False,False,False,False,False,B,LOW,0.0,False
31.950657596371883,3.1419,Less Than Zero.wav,0.22849784791469574,0.08037561072041108,0.2614666867629447,0.015892861700040155,0.6439995936626463,2151.57,6.1014314879749465,143.5546875,False,False,False,False,False,B,LOW,0.0,False
32.04353741496599,5.3818,Less Than Zero.wav,0.22165048122406006,0.04777134906675182,0.3494379315031232,0.012780435667820193,0.5855430568076744,1734.22,3.5385568881794156,143.5546875,False,False,False,False,False,B,LOW,0.0,False
32.13641723356009,4.6372,Less Than Zero.wav,0.21833696961402893,0.12701866356595273,0.36547897425199566,0.013342290777776227,0.633359611101351,2068.76,4.493016444440647,143.5546875,True,True,False,True,False,B,LOW,0.0,False
32.229297052154195,5.6832,Less Than Zero.wav,0.0791424810886383,0.17949820794795115,0.12261791157783818,0.04963243524715979,0.8625471632046534,4818.17,3.2582568746112592,143.5546875,False,False,False,False,False,B,LOW,0.0,False
32.3221768707483,5.3727,Less Than Zero.wav,0.2338801920413971,0.13612922419546464,0.20263415905652424,0.01891585434289313,0.7080905425865508,2725.42,7.477193595732643,143.5546875,False,False,False,False,False,B,LOW,0.0,False
32.41505668934241,5.369,Less Than Zero.wav,0.2743511199951172,0.16948597848241823,0.43517953447906177,0.0261795287216888,0.6137689936427996,1924.53,3.0556538038688768,143.5546875,False,False,False,False,False,B,LOW,0.0,False
32.507936507936506,4.6596,Less Than Zero.wav,0.2125343233346939,0.11504610522729462,0.34146242163030444,0.013893326157365504,0.5677203932271405,1623.87,4.716310508972566,143.5546875,False,False,False,False,False,B,LOW,0.0,False
32.60081632653061,15.3915,Less Than Zero.wav,0.15195883810520172,0.1239192111854694,0.2801038435483046,0.018795097481922773,0.6686034831560177,2355.99,2.9449662660458915,143.5546875,False,True,False,False,False,B,LOW,0.0,False
32.69369614512472,6.3008,Less Than Zero.wav,0.08419890701770782,0.13606252158124119,0.08038575980467916,0.05306867788561632,0.8810577459403132,5158.67,2.3874229127636046,143.5546875,False,False,False,False,False,B,LOW,0.0,False
32.78657596371882,6.0455,Less Than Zero.wav,0.1793505847454071,0.24851266814874665,0.21111872764377063,0.018317698395713247,0.6974356908771034,2620.38,5.7873660490401795,143.5546875,False,False,False,False,False,B,LOW,0.0,False
32.879455782312924,6.844,Less Than Zero.wav,0.14054769277572632,0.37191973743263307,0.19789935656416854,0.028195962091382382,0.7352739537593855,3012.89,2.187088246447779,143.5546875,False,False,False,False,False,B,LOW,0.0,False
32.97233560090703,2.3945,Less Than Zero.wav,0.21241125464439392,0.19278869060080486,0.24644194148002085,0.043913005442959625,0.7671249645699934,3388.52,4.782483811255912,143.5546875,False,False,False,False,False,B,LOW,0.0,False
33.065215419501136,3.2809,Less Than Zero.wav,0.16719508171081543,0.2554241178821683,0.30158534140291354,0.015367431710662563,0.5566187927267332,1558.71,3.8196206924209224,143.5546875,False,False,False,False,False,B,LOW,0.0,False
33.158095238095235,4.4772,Less Than Zero.wav,0.19114001095294952,0.12710537017837878,0.16447448613122642,0.008563392525765037,0.6212209351398245,1978.17,7.198822256205519,143.5546875,False,False,False,False,False,B,LOW,0.0,False
33.25097505668934,4.1949,Less Than Zero.wav,0.18505017459392548,0.18991862058362782,0.3428583984903515,0.01723943012609026,0.5846296108352923,1728.39,2.0641462683034693,143.5546875,False,False,False,False,False,B,LOW,0.0,False
33.34385487528345,4.9387,Less Than Zero.wav,0.17055048048496246,0.14163564779843058,0.2202355428888471,0.00814779333891588,0.5468980590738252,1503.81,4.102429965173005,143.5546875,False,False,False,False,False,B,LOW,0.0,False
33.436734693877554,4.6691,Less Than Zero.wav,0.1582568734884262,0.1363800621689669,0.22431944608182522,0.006327241351011529,0.5043131581329949,1285.2,2.364883956827224,143.5546875,False,False,False,False,False,B,LOW,0.0,False
33.52961451247165,5.3542,Less Than Zero.wav,0.09722724556922913,0.11631916073717385,0.21673622520395605,0.005096943224266165,0.5225805261482646,1374.79,1.9512819051248504,143.5546875,False,False,False,False,False,B,LOW,0.0,False
33.62249433106576,5.23,Less Than Zero.wav,0.08336881548166275,0.15389467707184612,0.12019163082570733,0.008111236170508754,0.6288807265841398,2034.86,3.5751453954492156,143.5546875,False,False,False,False,False,B,LOW,0.0,False
33.715374149659866,5.613,Less Than Zero.wav,0.048614781349897385,0.12652828541437894,0.06793500662162108,0.006789363288762044,0.615790206007594,1938.93,2.7021076947720393,143.5546875,False,False,False,False,False,B,LOW,0.0,False
33.80825396825397,4.564,Less Than Zero.wav,0.05685647949576378,0.09496842746763427,0.06496814775867085,0.0065229030632597525,0.6409747774722262,2127.7,3.143676279791961,143.5546875,False,False,False,False,False,B,LOW,0.0,False
33.90113378684807,6.7162,Less Than Zero.wav,0.06677413731813431,0.23872168698150456,0.06620458483704975,0.0066842850500890135,0.5751911682075979,1669.25,2.6389367031032145,143.5546875,False,False,False,False,False,B,LOW,0.0,False
33.99401360544218,4.0852,Less Than Zero.wav,0.053483545780181885,0.19118787070176324,0.046233473278394464,0.0045980060264030785,0.5040391283258192,1283.9,3.8228619892776554,143.5546875,False,False,False,False,False,B,LOW,0.0,False
34.08689342403628,4.5153,Less Than Zero.wav,0.05016558617353439,0.15995473933852744,0.06273284390748504,0.004171933721229866,0.4870840071064786,1206.06,2.312752279504512,143.5546875,False,False,False,False,False,B,LOW,0.0,False
34.17977324263038,5.9728,Less Than Zero.wav,0.05165298655629158,0.14155896020518188,0.0489175442876756,0.0033386824100662743,0.5337372833868061,1432.55,2.6350708727326495,143.5546875,False,False,False,False,False,B,LOW,0.0,False
34.27265306122449,6.7394,Less Than Zero.wav,0.08509955555200577,0.29760531599987883,0.05685658704323777,0.005551283935531413,0.5823626375290634,1714.0,2.6338374810311036,143.5546875,False,False,False,False,False,B,LOW,0.0,False
34.365532879818595,5.4535,Less Than Zero.wav,0.05417837202548981,0.2563355422105284,0.05229058593195266,0.002698805076512255,0.46113473907373553,1095.96,2.480596039436311,143.5546875,False,False,False,False,False,B,LOW,0.0,False
34.4584126984127,3.3183,Less Than Zero.wav,0.08664621412754059,0.22558320983759714,0.08241404551763684,0.012550757998172714,0.6834311205647198,2488.44,6.39584708126,143.5546875,True,True,False,True,False,B,LOW,0.0,False
34.5512925170068,3.889,Less Than Zero.wav,0.06371548771858215,0.2036604988731624,0.08512343030599868,0.009100593791968226,0.5815589177197135,1708.92,1.9461734762681469,143.5546875,False,False,False,False,False,B,LOW,0.0,False
34.644172335600906,11.6158,Less Than Zero.wav,0.056394077837467194,0.16395637190233167,0.0668927392233363,0.005762070069226555,0.5178646091891929,1351.08,2.5238305705291753,143.5546875,False,False,False,False,False,B,LOW,0.0,False
34.73705215419501,6.2243,Less Than Zero.wav,0.05046631768345833,0.16219694225651216,0.05802964495847477,0.005240461926502951,0.5258534941084256,1391.49,2.261655548726015,143.5546875,False,False,False,False,False,B,LOW,0.0,False
34.82993197278912,4.3461,Less Than Zero.wav,0.05400460585951805,0.15121530231246907,0.04999376173111331,0.004247669095360952,0.5701786032155466,1638.67,2.7413196837571436,143.5546875,False,False,False,False,False,B,LOW,0.0,False
34.92281179138322,4.7216,Less Than Zero.wav,0.05949447676539421,0.1674092251630393,0.07372674051397149,0.00522568073857648,0.6038639160787527,1855.48,3.742431085200093,143.5546875,False,False,False,False,False,B,LOW,0.0,False
35.015691609977324,3.1314,Less Than Zero.wav,0.05160855874419212,0.1278023844234455,0.06728474261945061,0.0034177962114397015,0.534112065983784,1434.53,2.773514865557386,143.5546875,False,False,False,False,False,B,LOW,0.0,False
35.10857142857143,3.55,Less Than Zero.wav,0.06497339904308319,0.18321273907971977,0.058079000560271925,0.009107808720370479,0.6970846800418663,2616.99,3.5844449116244617,143.5546875,False,False,False,False,False,B,LOW,0.0,False
35.20145124716553,3.9945,Less Than Zero.wav,0.04935436695814133,0.19020303923263118,0.061679992786893935,0.005972023187662105,0.5734472489155681,1658.54,2.2538783312719572,143.5546875,False,False,False,False,False,B,LOW,0.0,False
35.294331065759636,4.7049,Less Than Zero.wav,0.04860498011112213,0.15371243233544293,0.05080544104638827,0.004636003979389302,0.6122451889281256,1913.74,2.081729922002579,143.5546875,False,False,False,False,False,B,LOW,0.0,False
35.38721088435374,5.5786,Less Than Zero.wav,0.04486282169818878,0.16782975254399982,0.038160992332833515,0.004957906282786211,0.6769236357415332,2429.42,2.32126991100454,143.5546875,False,False,False,False,False,B,LOW,0.0,False
35.48009070294785,4.0916,Less Than Zero.wav,0.057368889451026917,0.17615252110301205,0.040575978571054695,0.005067927436537617,0.6555549216216258,2245.27,3.948210020867582,143.5546875,False,False,False,False,False,B,LOW,0.0,False
35.57297052154195,4.2123,Less Than Zero.wav,0.055173683911561966,0.18201431643366023,0.07014925957796556,0.005885619144211101,0.6062642523982895,1871.98,2.3003596561511404,143.5546875,False,False,False,False,False,B,LOW,0.0,False
35.66585034013605,5.1797,Less Than Zero.wav,0.0706905722618103,0.1348479012592545,0.06240901873178935,0.0076716935770898866,0.6375684484584719,2101.13,6.87672910399055,143.5546875,True,True,False,True,False,B,LOW,0.0,False
35.75873015873016,6.4266,Less Than Zero.wav,0.09437603503465652,0.2380798126214785,0.11440455561004904,0.015296965226700862,0.6568093270798241,2255.68,3.6833782452579156,143.5546875,False,False,False,False,False,B,LOW,0.0,False
35.851609977324266,4.666,Less Than Zero.wav,0.08520182967185974,0.16538555832142862,0.11850101464569054,0.010253727103980969,0.5341186665652188,1434.56,1.9615361444863444,143.5546875,False,False,False,False,False,B,LOW,0.0,False
35.944489795918365,4.245,Less Than Zero.wav,0.07518927752971649,0.12209929913574094,0.10937478985863963,0.007856714492820445,0.5121555278194967,1322.92,1.7790506319125317,143.5546875,False,False,False,False,False,B,LOW,0.0,False
36.03736961451247,4.082,Less Than Zero.wav,0.06491047888994217,0.09453816142797,0.09878296197850284,0.005618837075889648,0.5027280713855693,1277.7,1.769831282083802,143.5546875,False,False,False,False,False,B,LOW,0.0,False
36.13024943310658,4.5793,Less Than Zero.wav,0.07023586332798004,0.13101107140145066,0.08998536089804708,0.010795697457054042,0.6612344025983874,2292.81,4.2782653368191985,143.5546875,False,True,False,False,False,B,LOW,0.0,False
36.22312925170068,5.3787,Less Than Zero.wav,0.046668797731399536,0.14515835369438965,0.06610340591853749,0.008063423368007387,0.6347054544078189,2079.06,1.3541656393198225,143.5546875,False,False,False,False,False,B,LOW,0.0,False
36.31600907029478,5.0422,Less Than Zero.wav,0.06048283353447914,0.11860511351393924,0.0537203343014909,0.005584220195773524,0.670974636230276,2376.68,4.745043604327572,143.5546875,False,False,False,False,False,B,LOW,0.0,False
36.40888888888889,4.7358,Less Than Zero.wav,0.04662525653839111,0.21757761845152113,0.056596684280085845,0.005853539890003414,0.6346788671868007,2078.85,3.936390662767736,143.5546875,False,False,False,False,False,B,LOW,0.0,False
36.501768707482995,4.8463,Less Than Zero.wav,0.056579165160655975,0.0931181707846585,0.04832326714317977,0.005633868777026467,0.6393812665756605,2115.23,3.79839512748664,143.5546875,True,True,False,True,False,B,LOW,0.0,False
36.594648526077094,4.3617,Less Than Zero.wav,0.09743200242519379,0.27213066163691707,0.09708940567676073,0.0172037721471499,0.6991090877160411,2636.6,6.077950231788643,143.5546875,False,False,False,False,False,B,LOW,0.0,False
36.6875283446712,15.6057,Less Than Zero.wav,0.06828785687685013,0.2328136379634963,0.09205452276521313,0.008290381168422805,0.5272441695991866,1398.64,2.075191167796442,143.5546875,False,False,False,False,False,B,LOW,0.0,False
36.78040816326531,5.4762,Less Than Zero.wav,0.051596589386463165,0.10943127197718625,0.07661459610691367,0.005910186249684363,0.5209101956329949,1366.34,2.1499889366296583,143.5546875,False,False,False,False,False,B,LOW,0.0,False
36.87328798185941,4.3268,Less Than Zero.wav,0.039515137672424316,0.07804689222894373,0.058843698333416995,0.004474117325222216,0.549398362087701,1517.75,2.5033714958241022,143.5546875,False,False,False,False,False,B,LOW,0.0,False
36.96616780045351,2.5231,Less Than Zero.wav,0.06722869724035263,0.1413895416253033,0.0595680422405576,0.009579923956072933,0.7542998256415356,3231.94,4.413993896909421,143.5546875,False,True,False,False,False,B,LOW,0.0,False
37.05904761904762,2.229,Less Than Zero.wav,0.04850245267152786,0.24867651271805816,0.048331703731511924,0.008055181612430497,0.6412529478164238,2129.88,1.974865982413185,143.5546875,False,False,False,False,False,B,LOW,0.0,False
37.151927437641724,2.3707,Less Than Zero.wav,0.04129587858915329,0.07729714086488891,0.041887662348141015,0.005710259645333403,0.6622180200802198,2301.14,4.346065459688246,143.5546875,False,False,False,False,False,B,LOW,0.0,False
37.24480725623583,2.4298,Less Than Zero.wav,0.06474918872117996,0.2131513747074419,0.06173165683114329,0.00794427245993356,0.6376902139986826,2102.07,3.660051216571842,143.5546875,False,False,False,False,False,B,LOW,0.0,False
37.33768707482993,3.0345,Less Than Zero.wav,0.034306012094020844,0.13199263802246097,0.04308320763353098,0.004743744362100739,0.5512893649283502,1528.37,2.189438109085227,143.5546875,False,False,False,False,False,B,LOW,0.0,False
37.430566893424036,5.2245,Less Than Zero.wav,0.03905530646443367,0.13315570945042796,0.03840069773892945,0.0031604792302332985,0.5646354968573619,1605.5,3.1654855434773683,143.5546875,False,False,False,False,False,B,LOW,0.0,False
37.52344671201814,4.5941,Less Than Zero.wav,0.032443735748529434,0.09138800983685422,0.039361736368093696,0.0025091711879525304,0.5707637822216214,1642.21,3.1661108209088034,143.5546875,False,False,False,False,False,B,LOW,0.0,False
37.61632653061225,5.4784,Less Than Zero.wav,0.05866653099656105,0.17164913098245918,0.046288467995844136,0.004894874319231522,0.6731353227797177,2395.7,4.043203272650601,143.5546875,False,False,False,False,False,B,LOW,0.0,False
37.70920634920635,5.1538,Less Than Zero.wav,0.04264170303940773,0.1961991768206153,0.04313857403543776,0.002936881670332486,0.5163659705619715,1343.63,2.0240621186594456,143.5546875,False,False,False,False,False,B,LOW,0.0,False
37.802086167800454,7.024,Less Than Zero.wav,0.1048469990491867,0.20674411322181163,0.09394831599195222,0.016158704248532132,0.7353833787388645,3014.1,7.515049770260829,143.5546875,True,True,False,True,False,B,LOW,0.0,False
37.89496598639456,4.9213,Less Than Zero.wav,0.08259071409702301,0.29966929809091075,0.10458884420828798,0.00982072836572111,0.5677217584685239,1623.88,1.359954526804288,143.5546875,False,False,False,False,False,B,LOW,0.0,False
37.98784580498866,3.5907,Less Than Zero.wav,0.06849008798599243,0.14598623258731086,0.09531132087006246,0.006942213907526923,0.4883340652388478,1211.63,2.40694381452382,143.5546875,False,False,False,False,False,B,LOW,0.0,False
38.080725623582765,4.9842,Less Than Zero.wav,0.06408562511205673,0.1357917687996058,0.08804314619413499,0.004519922472692898,0.47083760633346367,1135.9,2.238021578179074,143.5546875,False,False,False,False,False,B,LOW,0.0,False
38.17360544217687,2.9295,Less Than Zero.wav,0.058305345475673676,0.14107217401272246,0.07125013674740904,0.004673340553366165,0.5825070210334257,1714.91,4.878433292273034,143.5546875,False,True,False,False,False,B,LOW,0.0,False
38.26648526077098,6.6978,Less Than Zero.wav,0.05293978378176689,0.17026488957859112,0.0649622812398698,0.009008431324121116,0.6837921311142923,2491.76,3.8842682361681016,143.5546875,False,False,False,False,False,B,LOW,0.0,False
38.35936507936508,4.7699,Less Than Zero.wav,0.07286372780799866,0.13146221403779795,0.04877122468291873,0.004666425864063351,0.5958717803302533,1801.57,6.553173584377362,143.5546875,False,False,False,False,False,B,LOW,0.0,False
38.45224489795918,4.492,Less Than Zero.wav,0.08682393282651901,0.20673373869281045,0.11447747035165683,0.0138151014233144,0.7035969183360737,2680.62,5.549787134520581,143.5546875,True,True,False,True,False,B,LOW,0.0,False
38.54512471655329,3.5195,Less Than Zero.wav,0.10798531770706177,0.295714566755667,0.06627559959043117,0.05241202831774242,0.7886783710970408,3668.94,2.8867072530860853,143.5546875,False,True,False,False,False,B,LOW,0.0,False
38.638004535147395,5.1302,Less Than Zero.wav,0.28058940172195435,0.10619612634369754,0.36598086056246604,0.03758106815541958,0.7072170021514459,2716.65,6.765319988453784,143.5546875,False,False,False,False,False,B,LOW,0.0,False
38.730884353741494,15.3382,Less Than Zero.wav,0.15138281881809235,0.08752997053517723,0.29490324964505865,0.0284470015599644,0.6614489210889285,2294.62,4.114878617191345,143.5546875,False,False,False,False,False,B,LOW,0.0,False
38.8237641723356,4.6638,Less Than Zero.wav,0.16431835293769836,0.09675359430845913,0.1606827932790359,0.04980686143245378,0.7927065088138251,3723.86,8.049561607543254,143.5546875,False,False,False,False,False,B,LOW,0.0,False
38.91664399092971,4.9647,Less Than Zero.wav,0.05335159972310066,0.1552252861301952,0.1643101346247067,0.011553921731524752,0.6036752828024973,1854.19,2.493327887483045,143.5546875,False,False,False,False,False,B,LOW,0.0,False
39.00952380952381,4.5016,Less Than Zero.wav,0.22928902506828308,0.16098842534572824,0.257778835708919,0.0188043379812412,0.6419470694940607,2135.34,8.069133764133973,143.5546875,False,False,False,False,False,B,LOW,0.0,False
39.10240362811791,4.1963,Less Than Zero.wav,0.1309436857700348,0.21104104070543886,0.261294381953155,0.04102850913970592,0.7875208987163299,3653.3,2.5052396143319435,143.5546875,False,False,False,False,False,B,LOW,0.0,False
39.19528344671202,3.6566,Less Than Zero.wav,0.1277661770582199,0.1418457223256177,0.08053197129206745,0.038416832655795444,0.8506207604998545,4610.79,4.531715757553803,143.5546875,False,False,False,False,False,B,LOW,0.0,False
39.288163265306125,3.8177,Less Than Zero.wav,0.19858182966709137,0.07142794309897596,0.31184557826255915,0.01252993899358076,0.584263866813741,1726.06,5.256380598987847,143.5546875,False,False,False,False,False,B,LOW,0.0,False
39.381043083900224,4.6705,Less Than Zero.wav,0.1824149489402771,0.06147470422769771,0.23882163433292683,0.006788664508428801,0.5367559626964173,1448.59,4.190534467157848,143.5546875,False,False,False,False,False,B,LOW,0.0,False
39.47392290249433,3.737,Less Than Zero.wav,0.24015122652053833,0.1375850485357742,0.34519264630413327,0.032794893326423234,0.669209050236955,2361.26,3.8939175091005214,143.5546875,False,False,False,False,False,B,LOW,0.0,False
39.566802721088436,5.9846,Less Than Zero.wav,0.22620415687561035,0.13490206285803577,0.3291054413710868,0.03845629224834298,0.6752760441369282,2414.7,2.848983542780831,143.5546875,False,False,False,False,False,B,LOW,0.0,False
39.65968253968254,2.8565,Less Than Zero.wav,0.17998069524765015,0.09090645635833206,0.2983332084028886,0.02109040006864175,0.6201807199592066,1970.59,4.9000780653884455,143.5546875,False,False,False,False,False,B,LOW,0.0,False
39.75256235827664,4.8621,Less Than Zero.wav,0.09838735312223434,0.17530083087258522,0.17625064661650752,0.010905051180193363,0.5674012437166629,1621.96,2.573353724745192,143.5546875,False,False,False,False,False,B,LOW,0.0,False
39.84544217687075,5.0641,Less Than Zero.wav,0.2401273399591446,0.13068516043691164,0.2973589865072289,0.009661320186027486,0.5024047257332611,1276.18,4.64765532663443,143.5546875,False,False,False,False,False,B,LOW,0.0,False
39.938321995464854,3.0166,Less Than Zero.wav,0.18760022521018982,0.22229926929195104,0.3309209956509223,0.01749177060838076,0.6168946336544905,1946.85,3.1271757661822046,143.5546875,False,False,False,False,False,B,LOW,0.0,False
40.03120181405896,2.8857,Less Than Zero.wav,0.2598247826099396,0.17492003183307678,0.3205212920306859,0.011185245261944391,0.5296895526617804,1411.32,4.8106980358014715,143.5546875,False,False,False,False,False,B,LOW,0.0,False
40.12408163265306,2.6323,Less Than Zero.wav,0.24590446054935455,0.12097794351992074,0.3891287116145457,0.009828279770520596,0.5149255848478191,1336.51,1.9062547985453553,143.5546875,False,False,False,False,False,B,LOW,0.0,False
40.216961451247165,3.7165,Less Than Zero.wav,0.24079184234142303,0.10477411661594417,0.345638158379437,0.015589567888591836,0.5257591593260563,1391.0,2.9458492806052905,143.5546875,False,False,False,False,False,B,LOW,0.0,False
40.30984126984127,3.8944,Less Than Zero.wav,0.2933577001094818,0.0859812825154692,0.4118268958800981,0.01990921152501579,0.5966489805270954,1806.75,2.6627661800192914,143.5546875,False,False,False,False,False,B,LOW,0.0,False
40.40272108843537,2.5611,Less Than Zero.wav,0.26719993352890015,0.08330102955920286,0.4406130020077522,0.01994589264355202,0.5941979754668661,1790.49,2.852129372595449,143.5546875,False,False,False,False,False,B,LOW,0.0,False
40.49560090702948,2.4816,Less Than Zero.wav,0.20832592248916626,0.053726635525916305,0.28794914266786464,0.017129693933755352,0.5653282097618895,1609.61,4.150578350641397,143.5546875,False,False,False,False,False,B,LOW,0.0,False
40.58848072562358,4.4283,Less Than Zero.wav,0.2488251030445099,0.1187251347346296,0.37654433757960026,0.018405165930289877,0.5810598695181414,1705.78,4.254522833762742,143.5546875,False,False,False,False,False,B,LOW,0.0,False
40.68136054421769,5.3373,Less Than Zero.wav,0.2354704737663269,0.09913502015510949,0.37805693971885584,0.017972443256654123,0.5497534307310221,1519.74,3.536954648490119,143.5546875,False,False,False,False,False,B,LOW,0.0,False
40.77424036281179,13.2608,Less Than Zero.wav,0.209171861410141,0.0930352941702701,0.32416645984112036,0.01488316643756671,0.5475242649391316,1507.29,2.8793992139039855,143.5546875,False,False,False,False,False,B,LOW,0.0,False
40.867120181405895,7.0425,Less Than Zero.wav,0.13180546462535858,0.11660959303984925,0.23367076542210108,0.007314239470756484,0.5044611204424643,1285.9,2.3136156115056243,143.5546875,False,False,False,False,False,B,LOW,0.0,False
40.96,3.6609,Less Than Zero.wav,0.11633919179439545,0.11474055396712024,0.17072224735951397,0.005689155684552782,0.561822873304586,1588.93,2.713674871133879,143.5546875,False,False,False,False,False,B,LOW,0.0,False
41.05287981859411,4.1429,Less Than Zero.wav,0.10460367798805237,0.157412400424708,0.16013938968453834,0.00406087100108969,0.47320419037541295,1145.86,2.194318187076776,143.5546875,False,False,False,False,False,B,LOW,0.0,False
41.145759637188206,5.1453,Less Than Zero.wav,0.09588318318128586,0.15241375591381132,0.12585965374425706,0.00980215588374084,0.6410073543882621,2127.95,4.68992256873774,143.5546875,False,False,False,False,False,B,LOW,0.0,False
41.23863945578231,4.5054,Less Than Zero.wav,0.09247415512800217,0.22769091879940145,0.13523366489661698,0.009771014261606812,0.5917530561276565,1774.41,2.7056868193889176,143.5546875,False,False,False,False,False,B,LOW,0.0,False
41.33151927437642,3.7171,Less Than Zero.wav,0.06173372641205788,0.09082413668412205,0.10043768180615015,0.004365009261904259,0.4866600601838741,1204.17,2.455977190669237,143.5546875,False,False,False,False,False,B,LOW,0.0,False
41.424399092970525,3.6819,Less Than Zero.wav,0.04876994714140892,0.04575075578120363,0.0865768175462668,0.002732324885257156,0.46112924247151926,1095.94,2.4029573038943717,143.5546875,False,False,False,False,False,B,LOW,0.0,False
41.517278911564624,4.1079,Less Than Zero.wav,0.0455484464764595,0.015662790018324588,0.060184372544820224,0.0021354706976458426,0.4523827877348101,1061.14,2.970124166421757,143.5546875,False,False,False,False,False,B,LOW,0.0,False
41.61015873015873,6.7636,Less Than Zero.wav,0.03671949356794357,0.0038731969192308886,0.06320404511152167,0.00194538911287146,0.43587812819899946,998.47,2.3032651873491994,143.5546875,False,False,False,False,False,B,LOW,0.0,False
41.703038548752836,4.5454,Less Than Zero.wav,0.03372751921415329,0.002390516026918173,0.051828241493132414,0.000947266836972055,0.4274362744782356,967.85,2.8196415202859124,143.5546875,False,False,False,False,False,B,LOW,0.0,False
41.795918367346935,3.9203,Less Than Zero.wav,0.031071556732058525,0.0018415812804735644,0.04804424820098859,0.0005786747693299562,0.40786047990982416,900.42,2.2602940860138414,143.5546875,False,False,False,False,False,B,LOW,0.0,False
41.88879818594104,5.208,Less Than Zero.wav,0.023365266621112823,0.0017020327676905299,0.04131559544313079,0.000573983378470654,0.39649827984940006,863.46,2.1449100311661677,143.5546875,False,False,False,False,False,B,LOW,0.0,False
41.98167800453515,3.1781,Less Than Zero.wav,0.020668527111411095,0.0014359543308528479,0.03288810477239772,0.0006852663327612698,0.40879501298291904,903.53,2.8160142740888134,143.5546875,False,False,False,False,False,B,LOW,0.0,False
42.074557823129254,5.39,Less Than Zero.wav,0.011721344664692879,0.0014484389896060029,0.02183411986926131,0.0005595571923576959,0.4028238663580072,883.85,2.5655839303524304,143.5546875,False,False,False,False,False,B,LOW,0.0,False
42.16743764172335,2.9658,Less Than Zero.wav,0.012178372591733932,0.001747882549175983,0.018280166458920662,0.0004020891746239531,0.3953630057070026,859.86,2.7513054042502154,143.5546875,False,False,False,False,False,B,LOW,0.0,False
42.26031746031746,8.7171,Less Than Zero.wav,0.014140983112156391,0.0013268345570529468,0.020907019567755834,0.0003947059170954656,0.3932464734788501,853.17,3.15808918269471,143.5546875,False,False,False,False,False,B,LOW,0.0,False
42.353197278911566,4.818,Less Than Zero.wav,0.014563767239451408,0.0014877827390263048,0.020915548835860505,0.00037991977200089555,0.3885089934222627,838.39,2.477087735353018,143.5546875,False,False,False,False,False,B,LOW,0.0,False
42.44607709750567,4.1157,Less Than Zero.wav,0.010868184268474579,0.001839827256593407,0.019106698973801982,0.00035969530940757724,0.3949266440921664,858.47,2.8849649025093167,143.5546875,False,False,False,False,False,B,LOW,0.0,False
42.53895691609977,4.074,Less Than Zero.wav,0.006334874778985977,0.0015928052500599754,0.012275442027490754,0.00015180827109566886,0.38084948134901425,815.03,3.2789051768361515,143.5546875,False,False,False,False,False,B,LOW,0.0,False
42.63183673469388,3.876,Less Than Zero.wav,0.006105180364102125,0.0017067878773092723,0.008739048667938667,8.865081015284104e-05,0.3684397120310286,778.56,2.124230529771119,143.5546875,False,False,False,False,False,B,LOW,0.0,False
42.72471655328798,4.0068,Less Than Zero.wav,0.004239914007484913,0.00180814962920716,0.0076399417681867025,8.032510267109689e-05,0.367374880271426,775.51,2.3392655338480512,143.5546875,False,False,False,False,False,B,LOW,0.0,False
42.81759637188209,14.141,Less Than Zero.wav,0.0036752563901245594,0.0018410962865056764,0.0053944102558575804,0.00011785345749215242,0.38756120283299006,835.46,2.563338716493426,143.5546875,False,False,False,False,False,B,LOW,0.0,False
42.91047619047619,4.6398,Less Than Zero.wav,0.003174357581883669,0.001771777750136105,0.005427082730150846,0.00011641864083452106,0.39304952488667183,852.55,2.4341462012940265,143.5546875,False,False,False,False,False,B,LOW,0.0,False
43.003356009070295,4.2384,Less Than Zero.wav,0.004299570806324482,0.0017782717878869429,0.006129303066043491,8.435826663129385e-05,0.3740825801790387,794.94,3.2763287851273795,143.5546875,False,False,False,False,False,B,LOW,0.0,False
43.0962358276644,2.7317,Less Than Zero.wav,0.004725248087197542,0.0017598329462672822,0.006396913255235516,6.760584575599856e-05,0.37528546569147736,798.47,2.4668295332429078,143.5546875,False,False,False,False,False,B,LOW,0.0,False
43.1891156462585,3.6317,Less Than Zero.wav,0.0033688631374388933,0.0017170459921687553,0.005979806628809469,6.629373451001761e-05,0.36548439931408855,770.12,3.148236853982154,143.5546875,False,False,False,False,False,B,LOW,0.0,False
43.281995464852606,5.1937,Less Than Zero.wav,0.002812672406435013,0.0017080270780782736,0.0047134448862462455,6.31798418770943e-05,0.3747372969068966,796.86,2.6312296239146358,143.5546875,False,False,False,False,False,B,LOW,0.0,False
43.37487528344671,2.9037,Less Than Zero.wav,0.002198244910687208,0.0016663528169109975,0.003536365103964724,2.7784674782348904e-05,0.3672645043348371,775.19,2.5160292195905574,143.5546875,False,False,False,False,False,B,LOW,0.0,False
43.46775510204082,3.2493,Less Than Zero.wav,0.0017791406717151403,0.001611100577862932,0.0028950618238864968,1.5924881978779536e-05,0.369739266552518,782.3,2.6270528184327273,143.5546875,False,False,False,False,False,B,LOW,0.0,False
43.56063492063492,6.3566,Less Than Zero.wav,0.001482092309743166,0.0016580849905580171,0.0024181683319770037,1.7482754210786455e-05,0.3649116107137492,768.49,2.2756391630530404,143.5546875,False,False,False,False,False,B,LOW,0.0,False
43.653514739229024,3.3336,Less Than Zero.wav,0.0016266386955976486,0.001697582564675803,0.0019408970382776157,2.5298361081238606e-05,0.38261161745851074,820.35,2.828231481512561,143.5546875,False,False,False,False,False,B,LOW,0.0,False
43.74639455782313,3.352,Less Than Zero.wav,0.0016595309134572744,0.0017075873412443928,0.0028900293320671686,2.8061283448140638e-05,0.36503377122587716,768.84,3.38373133488911,143.5546875,False,False,False,False,False,B,LOW,0.0,False
43.83927437641724,3.936,Less Than Zero.wav,0.0012228417908772826,0.001648090717220472,0.0015844328120336178,2.110649303076666e-05,0.390374902660714,844.18,2.6682454874343553,143.5546875,False,False,False,False,False,B,LOW,0.0,False
43.932154195011336,4.998,Less Than Zero.wav,0.00138662732206285,0.0016983466934610686,0.0022386887029173857,1.5378100033118884e-05,0.3700819094009504,783.29,2.34583261838013,143.5546875,False,False,False,False,False,B,LOW,0.0,False
44.02503401360544,3.1917,Less Than Zero.wav,0.000905267137568444,0.0016623531402194648,0.0015147589101761106,1.5688497117241417e-05,0.39343318886741935,853.76,3.075245439847482,143.5546875,False,False,False,False,False,B,LOW,0.0,False
44.11791383219955,2.4195,Less Than Zero.wav,0.0009111203253269196,0.0016503484417506723,0.0012014497020956076,1.5005008929610792e-05,0.3980129828116808,868.3,2.6152635506946442,143.5546875,False,False,False,False,False,B,LOW,0.0,False
44.210793650793654,4.3261,Less Than Zero.wav,0.0009645492536947131,0.001651928502723967,0.001293517413257069,1.0534141883378803e-05,0.37583980418679963,800.11,3.390145670724654,143.5546875,False,False,False,False,False,B,LOW,0.0,False
44.30367346938775,4.1815,Less Than Zero.wav,0.0009010324138216674,0.0016495423941418552,0.0014781493906857585,9.844178639916439e-06,0.3832546358642253,822.29,2.263395821159037,143.5546875,False,False,False,False,False,B,LOW,0.0,False
44.39655328798186,4.8235,Less Than Zero.wav,0.000680855824612081,0.0016226386949531168,0.0009363750493386892,9.48536419044141e-06,0.39600788424212724,861.9,3.3772486233953773,143.5546875,False,False,False,False,False,B,LOW,0.0,False
44.489433106575966,5.4035,Less Than Zero.wav,0.0007401540060527623,0.001661463416444246,0.0010901168933440562,1.0107708341248988e-05,0.40323185032670367,885.18,2.9521002301102937,143.5546875,False,False,False,False,False,B,LOW,0.0,False
44.582312925170065,2.9143,Less Than Zero.wav,0.0004762172175105661,0.0016359700341850377,0.0007410662357953791,7.51632219491819e-06,0.41061170648067813,909.61,2.6470657530430435,143.5546875,False,False,False,False,False,B,LOW,0.0,False
44.67519274376417,6.0893,Less Than Zero.wav,0.00047607612214051187,0.0016302196584126916,0.000548217492975883,4.992323805556791e-06,0.4029378801312249,884.22,2.769420213312313,143.5546875,False,False,False,False,False,B,LOW,0.0,False
44.76807256235828,2.4717,Less Than Zero.wav,0.0004234971711412072,0.0016467656352445422,0.0005321220929499673,5.053570504679933e-06,0.4107563317804797,910.09,2.8632982351787,143.5546875,False,False,False,False,False,B,LOW,0.0,False
44.860952380952384,10.6354,Less Than Zero.wav,0.0003208837879355997,0.0016349498813751123,0.0002951387469196379,5.4799208311738574e-06,0.43677576206614005,1001.78,2.3351556220172487,143.5546875,False,False,False,False,False,B,LOW,0.0,False
