timestamp,processing_time_ms,track_id,rms,rms_bass,rms_mid,rms_high,spectral_centroid,spectral_centroid_hz,onset_strength,bpm,is_beat,is_raw_beat,is_beat_bass,is_beat_high,is_section_boundary,current_section,energy_state,dimmer,strobe_bass
4.085430582985282,28.5336,All_of_the_Lights,0.12360703200101852,0.09136575303314515,0.08768233174664833,0.010991005163713595,0.44138524178600763,1018.96,55.81959026679832,120.0,False,False,False,False,False,A,MID,0.014594801056814464,False
4.179306499951053,0.8902,All_of_the_Lights,0.17933468520641327,0.23758870878952615,0.23779681906828606,0.03894488559357969,0.7258428521508637,2909.87,3.2882631864621494,120.0,False,False,False,False,False,A,MID,0.028459862060788203,False
4.273020207998343,0.8673,All_of_the_Lights,0.18141770362854004,0.25391520936634926,0.24965181571290387,0.038900820336904764,0.6776982765324409,2436.37,2.2448087874680995,120.0,False,False,False,False,False,A,MID,0.041631670014563256,False
4.366345249989536,2.0328,All_of_the_Lights,0.20231449604034424,0.26522811972932536,0.2530377837089485,0.030401300179535816,0.745355249518368,3127.04,2.8891238630545137,120.0,False,False,False,False,False,A,MID,0.05414488757064956,False
4.4591043329564855,2.7134,All_of_the_Lights,0.26036083698272705,0.2706860686739356,0.34830477931410736,0.04528091915592263,0.7413398053729818,3081.06,6.102200702022803,120.0,False,False,False,False,False,A,MID,0.06603244424893154,False
4.551894666976295,3.4425,All_of_the_Lights,0.23189730942249298,0.2468892587792406,0.3489236266740626,0.047720855017457514,0.6528470754786768,2222.95,1.8671984828529886,120.0,False,False,False,False,False,A,MID,0.07732562309329942,False
4.645681832975242,3.1563,All_of_the_Lights,0.2532844543457031,0.1746836132789403,0.3533731095160329,0.05630946425699879,0.6772471707613664,2432.32,3.1062101543133656,120.0,False,False,False,False,False,A,MID,0.08805414299544892,False
4.739749041968025,1.0517,All_of_the_Lights,0.19800522923469543,0.17841941555443086,0.3030328367209508,0.03196952493586748,0.6320166472454135,2058.54,3.268875244131629,120.0,False,False,False,False,False,A,MID,0.09824623690249093,False
4.8298610000056215,0.891,All_of_the_Lights,0.24915947020053864,0.23449957105327673,0.3040940247056569,0.037299880705032325,0.7057144059213752,2701.64,4.422347130201293,120.0,False,False,False,False,False,A,MID,0.10792872611418085,False
4.922695582965389,1.1568,All_of_the_Lights,0.24090304970741272,0.27534478559305,0.3522304681958344,0.06949248492505224,0.664666956247366,2322.02,2.9149124569529206,120.0,False,False,False,False,False,A,MID,0.12118456203042063,False
5.017829582968261,1.6645,All_of_the_Lights,0.21698011457920074,0.2700375427490374,0.27319977853278143,0.07025617516673444,0.6698273699246862,2366.65,2.392012570113193,120.0,False,False,False,False,False,A,MID,0.13194060056892648,False
5.108636541990563,0.7812,All_of_the_Lights,0.21497848629951477,0.28427290150744583,0.2999135514373999,0.05502464171011254,0.6475787787898064,2180.17,2.5780286276391338,120.0,False,False,False,False,False,A,MID,0.1419940198988047,False
5.200295041955542,0.8036,All_of_the_Lights,0.21045690774917603,0.2517988210361652,0.28532315035582273,0.04541425755114673,0.6561523802738903,2250.22,3.200921250146172,120.0,False,False,False,False,False,A,MID,0.15116505382060647,False
5.293245082953945,0.862,All_of_the_Lights,0.2302776724100113,0.2593130210671361,0.2519014749831048,0.07716834990616908,0.6941188873949532,2588.51,3.778797626793916,120.0,False,False,False,False,False,A,MID,0.16147114351122038,False
5.386377332964912,0.982,All_of_the_Lights,0.20866048336029053,0.2500062678961043,0.30549416564384957,0.06377354570494272,0.702491368174259,2669.71,2.408387658212978,120.0,False,False,False,False,False,A,MID,0.16951447264326583,False
5.482879291987047,1.3171,All_of_the_Lights,0.2650534212589264,0.3018249789936684,0.3166651408360419,0.054125176432336934,0.8046311597689971,3891.32,3.0908995866055737,120.0,False,False,False,False,False,A,MID,0.18103874901110253,False
5.57259170798352,1.86,All_of_the_Lights,0.2593781054019928,0.2921803401293349,0.3876348073090748,0.043557721586735,0.6625143434472515,2303.66,2.4750754853553247,120.0,False,False,False,False,False,A,MID,0.19161797687119655,False
5.663897624996025,2.0356,All_of_the_Lights,0.2551129162311554,0.2677980550830487,0.3436034717249616,0.033042410420365875,0.6624238540354522,2302.89,4.291936999236366,120.0,False,False,False,False,False,A,MID,0.20138548176946125,False
5.75799587497022,0.8622,All_of_the_Lights,0.26891911029815674,0.3149573546888956,0.37407315694656956,0.080698521627483,0.6528231752873637,2222.76,3.053401956772934,120.0,False,False,False,False,False,A,MID,0.2113162076809882,False
5.85283658298431,2.2365,All_of_the_Lights,0.23641400039196014,0.2809721539222133,0.3019581292764438,0.07082609392334435,0.6761466258231118,2422.46,3.0394373012782863,120.0,False,False,False,False,False,A,MID,0.21857605437009156,False
5.944657957996242,0.8153,All_of_the_Lights,0.21757616102695465,0.232616856833604,0.3385287085875059,0.045022670296440644,0.6671000623702025,2342.96,2.8742019118398967,120.0,False,False,False,False,False,A,MID,0.22405228189412935,False
6.039394499966875,4.587,All_of_the_Lights,0.1432567685842514,0.25296732139085365,0.22163145386629363,0.015678069030386946,0.5528032364943235,1536.93,2.187681682552984,92.28515625,False,False,False,False,False,A,MID,0.22090447230068744,False
6.130704207986128,0.8908,All_of_the_Lights,0.2947773337364197,0.31055154629478415,0.33089628950639804,0.05020249506225544,0.6330638971909559,2066.5,4.891266618093705,92.28515625,False,False,False,False,False,A,MID,0.22985924868565308,False
6.223764333000872,1.1139,All_of_the_Lights,0.21454206109046936,0.2832607525460677,0.3413238068071093,0.07682024191561544,0.6890288930533258,2540.36,1.971338206380349,92.28515625,False,False,False,False,False,A,MID,0.23336892421542493,False
6.316337583004497,1.9434,All_of_the_Lights,0.23129571974277496,0.23710042547818816,0.250299650048966,0.09057942599767763,0.6976387063290753,2622.34,3.8588751303812554,92.28515625,False,False,False,False,False,A,MID,0.23790174338567888,False
6.409912541974336,0.8398,All_of_the_Lights,0.15020214021205902,0.3200556295095593,0.2159305013523601,0.06354604880166,0.6583594088337336,2268.62,2.5914526192263834,92.28515625,False,False,False,False,False,A,MID,0.23458636259691673,False
6.502353041956667,0.7103,All_of_the_Lights,0.16468413174152374,0.32592250945525136,0.14648847535819826,0.012650854984679107,0.5422309300884677,1478.14,5.743197270852267,92.28515625,False,False,False,False,False,A,MID,0.23331121795729412,False
6.596822541963775,1.0312,All_of_the_Lights,0.3096597194671631,0.28698588365721583,0.35933822616249456,0.06993664402398925,0.6761862560929878,2422.82,4.359081894499079,92.28515625,False,False,False,False,False,A,MID,0.24164565705942942,False
6.688820666982792,1.603,All_of_the_Lights,0.3410286009311676,0.2940636493808144,0.4906270229109303,0.07416962840002722,0.6709156172436255,2376.17,2.787926742531489,92.28515625,False,False,False,False,False,A,MID,0.24956337420645794,False
6.780450707999989,2.1445,All_of_the_Lights,0.26599058508872986,0.35207191971914664,0.4080131108128935,0.07582593442558506,0.660658485884963,2287.94,2.5071108972995706,92.28515625,False,False,False,False,False,A,MID,0.2535844890762613,False
6.8714535419712774,2.2048,All_of_the_Lights,0.2320830374956131,0.335474845093927,0.288976275839781,0.057773373686740036,0.6555064488234159,2244.87,2.993926684054791,92.28515625,False,False,False,False,False,A,MID,0.2554857300067364,False
6.966734499961603,3.3065,All_of_the_Lights,0.2593895196914673,0.2936838357030988,0.3518776925218642,0.04764922054489582,0.6227453507182933,1989.32,4.069401619814656,92.28515625,False,False,False,False,False,A,MID,0.25885852913379204,False
7.062316707975697,3.7141,All_of_the_Lights,0.25523194670677185,0.25380075427252363,0.36110117513287915,0.04363412708174075,0.6569765533145759,2257.07,1.9772441434154724,92.28515625,False,False,False,False,False,A,MID,0.2618360480415078,False
7.152414832962677,4.0792,All_of_the_Lights,0.20931725203990936,0.258194964034483,0.33863686963903034,0.039211889796939625,0.6480836608673165,2184.23,2.3634014702632062,92.28515625,False,False,False,False,False,A,MID,0.2618442336389056,False
7.246698332950473,1.7632,All_of_the_Lights,0.13919299840927124,0.23312008523821862,0.20736247723136464,0.031068400113745613,0.6587215783397888,2271.65,2.2345910564725218,92.28515625,False,False,False,False,False,A,MID,0.2547883302099572,False
7.34045762498863,4.4674,All_of_the_Lights,0.1539214551448822,0.19718427373189854,0.1942690098926564,0.023649054099301122,0.6350841601494583,2081.96,5.385700065787354,92.28515625,False,False,False,False,False,A,MID,0.2502165552496404,False
7.429839374963194,4.8053,All_of_the_Lights,0.18030287325382233,0.23424710894784814,0.23718076206585698,0.05114943146680418,0.7533579994169088,3220.73,4.441119421072298,92.28515625,False,False,False,False,False,A,MID,0.24856219258248832,False
7.5268090419704095,1.6105,All_of_the_Lights,0.15444394946098328,0.1970948519390191,0.2059625009547774,0.035668818223318716,0.6944222311994868,2591.41,2.3753926734267283,92.28515625,False,False,False,False,False,A,MID,0.2443654154894999,False
7.61438762495527,2.8082,All_of_the_Lights,0.24386635422706604,0.3157995868001594,0.30314897805270413,0.04882298440488586,0.6658782820673504,2332.42,4.851717750238097,92.28515625,False,False,False,False,False,A,MID,0.24742731643824717,False
7.707958916958887,3.578,All_of_the_Lights,0.17686598002910614,0.2728670942694805,0.2789334563670957,0.03822693386081609,0.6578512688777026,2264.37,2.1992992603579054,92.28515625,False,False,False,False,False,A,MID,0.24560816517707407,False
7.803844332986046,3.5413,All_of_the_Lights,0.23652015626430511,0.2530595910127235,0.27523678281072766,0.0460911651701818,0.6802746856818063,2459.64,5.4849918102958535,92.28515625,False,False,False,False,False,A,MID,0.2481763518141911,False
7.8964348749723285,2.7125,All_of_the_Lights,0.2841440737247467,0.32236273630470136,0.37950101478054965,0.04161146412828069,0.6550666915687317,2241.23,2.3392369560648545,92.28515625,False,False,False,False,False,A,MID,0.2531917772014433,False
7.991070707968902,3.4888,All_of_the_Lights,0.2832888662815094,0.37673458111592173,0.4045447420897973,0.030541359067775938,0.5880757221440222,1750.5,3.808195400964102,92.28515625,False,False,False,False,False,A,MID,0.25791417810996486,False
8.080740374978632,10.7952,All_of_the_Lights,0.2990866005420685,0.3977848405276786,0.41616679910276055,0.053108537120425486,0.625970791755245,2013.13,3.1242928327186634,117.919921875,False,False,False,False,False,A,MID,0.26316203701872815,False
8.175998874998186,4.573,All_of_the_Lights,0.23542176187038422,0.3381141569663715,0.34405242126457,0.04502269004036423,0.6625967899557578,2304.36,3.7069973353900476,117.919921875,False,False,False,False,False,A,MID,0.264786698673438,False
8.265262832981534,4.502,All_of_the_Lights,0.2500118613243103,0.27657452919197345,0.3596567754833368,0.06265278718050447,0.6723131373745124,2388.45,3.5583046379118444,117.919921875,False,False,False,False,False,A,MID,0.26717764642397224,False
8.36101808300009,3.0055,All_of_the_Lights,0.25023919343948364,0.3047910749117711,0.3319773785855876,0.05212982545874984,0.6723531199836872,2388.8,2.2894819358814664,117.919921875,False,False,False,False,False,A,MID,0.2694618178899944,False
8.45173099997919,4.17,All_of_the_Lights,0.22672240436077118,0.29953638645949976,0.3348948927683398,0.050616392647775364,0.6672107385855861,2343.91,2.5090938980196493,117.919921875,False,False,False,False,False,A,MID,0.27023714731206955,False
8.544233207998332,2.5914,All_of_the_Lights,0.18868422508239746,0.25558839616748397,0.22546620722069385,0.07508918712275954,0.7026110273955221,2670.88,2.487539821324745,117.919921875,False,False,False,False,False,A,MID,0.2682838979485262,False
8.635720666963607,2.7273,All_of_the_Lights,0.22395195066928864,0.22258970657653765,0.2103558239337491,0.10142864812793292,0.6868470158728122,2520.0,3.9300026393305454,117.919921875,False,False,False,False,False,A,MID,0.26894282143866577,False
8.734271875000559,4.4308,All_of_the_Lights,0.19010384380817413,0.2505772910759297,0.2366091182845947,0.08584345901602773,0.686413239545929,2515.97,2.342833398740689,117.919921875,False,False,False,False,False,A,MID,0.2671682249207886,False
8.823722124972846,3.8747,All_of_the_Lights,0.18157516419887543,0.18623314990917525,0.21621389447062242,0.03497135581160938,0.6604183528019063,2285.91,4.974494097060918,117.919921875,False,False,False,False,False,A,MID,0.2647763478529066,False
8.914909916988108,3.5867,All_of_the_Lights,0.190957710146904,0.19160271671113707,0.3104866515009343,0.03382598770862798,0.6279244463955331,2027.69,2.9649473336718386,117.919921875,False,False,False,False,False,A,MID,0.26327796697785133,False
9.010047457995825,2.6805,All_of_the_Lights,0.13296888768672943,0.25340893131381814,0.14216512929460492,0.03333189931184335,0.7006401516292886,2651.54,2.143032871472214,117.919921875,False,False,False,False,False,A,MID,0.2549019994512849,False
9.102954250003677,3.7487,All_of_the_Lights,0.20617957413196564,0.3093929543094569,0.25046135484077187,0.05511489271658168,0.7337066140034421,2995.52,5.42289900536245,117.919921875,False,False,False,False,False,A,MID,0.2550366854324407,False
9.197261124965735,2.1584,All_of_the_Lights,0.15749597549438477,0.3020958835171121,0.23454004115747332,0.04157658583017187,0.7144861749076974,2790.49,3.085995293187919,117.919921875,False,False,False,False,False,A,MID,0.2508769770986147,False
9.288680957979523,3.883,All_of_the_Lights,0.22685259580612183,0.32782892849226547,0.24944333111998235,0.047159670920463866,0.729667753461402,2951.22,3.868242664108431,117.919921875,False,False,False,False,False,A,MID,0.2525897229171998,False
9.380512167001143,3.1482,All_of_the_Lights,0.17200273275375366,0.31990987757863004,0.2660744040059379,0.05930652781778298,0.849318806829142,4588.7,2.651785966083608,117.919921875,False,False,False,False,False,A,MID,0.2500630186431136,False
9.477134332992136,3.1465,All_of_the_Lights,0.18123386800289154,0.30298515393680553,0.16163663532154654,0.05952755631963487,0.8558257026637641,4700.18,4.061264431342776,117.919921875,False,False,False,False,False,A,MID,0.2484970059206079,False
9.567207624961156,2.7284,All_of_the_Lights,0.19362066686153412,0.255963011580941,0.22580943418420596,0.07612738480379003,0.7245038397974302,2895.53,1.924865027137151,117.919921875,False,False,False,False,False,A,MID,0.248021362677759,False
9.661615249991883,3.986,All_of_the_Lights,0.24056805670261383,0.23238734501912944,0.269586866285492,0.07290532778160587,0.6990140137253245,2635.68,4.1670119402126184,117.919921875,False,False,False,False,False,A,MID,0.25070852895199597,False
9.75416499999119,1.8774,All_of_the_Lights,0.223188579082489,0.25621210387571725,0.31940877144726443,0.06776322736211661,0.6865107130626475,2516.87,2.389591764197958,117.919921875,False,False,False,False,False,A,MID,0.25219745547596617,False
9.845809249964077,3.1452,All_of_the_Lights,0.1788792759180069,0.27370675910642606,0.2350547347019196,0.04194357117074182,0.7469929338605907,3145.99,2.341257719114689,117.919921875,False,False,False,False,False,A,MID,0.2503192794372553,False
9.940132957999595,1.7671,All_of_the_Lights,0.20288196206092834,0.2569208869809714,0.29051818179723415,0.049239469443833984,0.7090156044356274,2734.74,2.968960878376029,117.919921875,False,False,False,False,False,A,MID,0.25044669827821114,False
10.034025417000521,2.2087,All_of_the_Lights,0.1910625845193863,0.30138377297864105,0.23510049403793812,0.04562871433989289,0.6840191035439984,2493.85,2.718344989454911,117.919921875,False,False,False,False,True,B,MID,0.24967310612505805,False
10.12688066699775,9.435,All_of_the_Lights,0.24753700196743011,0.24937286992777638,0.33570655793442183,0.06165464769873877,0.6989850209504287,2635.4,3.1820548575153644,143.5546875,False,False,False,False,False,B,LOW,0.0,False
10.216825541981962,4.6117,All_of_the_Lights,0.18894457817077637,0.3108200378996249,0.24222681299219176,0.06586613030590434,0.7154970967704293,2800.91,2.457057441575764,143.5546875,False,False,False,False,False,B,LOW,0.0,False
10.31253904197365,1.3012,All_of_the_Lights,0.21214476227760315,0.2814011902457702,0.2159540854231988,0.07393348371203769,0.7086239550905757,2730.79,4.425997808927716,143.5546875,False,False,False,False,False,B,LOW,0.0,False
10.405482208007015,2.0689,All_of_the_Lights,0.19826708734035492,0.32737509695782874,0.2631631990949766,0.06703225084532803,0.6605739735835164,2287.23,2.7688994494593655,143.5546875,False,False,False,False,False,B,LOW,0.0,False
10.496719332993962,1.8017,All_of_the_Lights,0.24174603819847107,0.3554049960863205,0.30161593772956924,0.031619557780801305,0.6059016225119003,1869.48,4.224051987363926,143.5546875,False,False,False,False,False,B,LOW,0.0,False
10.586935458006337,1.9073,All_of_the_Lights,0.23264701664447784,0.3744764965368274,0.341813866623771,0.04354657234348026,0.6464669343132977,2171.24,1.9790270060219879,143.5546875,False,False,False,False,False,B,LOW,0.0,False
10.679111499979626,2.6039,All_of_the_Lights,0.17903725802898407,0.36437938701593936,0.23670957889519395,0.036500052589857786,0.7006220064583486,2651.36,2.9444870761885253,143.5546875,False,False,False,False,False,B,LOW,0.0,False
10.77711049997015,3.6325,All_of_the_Lights,0.2561935782432556,0.3662851602960925,0.29746236551616956,0.06829857025805855,0.7933112507674587,3732.18,3.9568575850188874,143.5546875,False,False,False,False,False,B,LOW,0.0,False
10.867854499956593,2.0723,All_of_the_Lights,0.20050016045570374,0.3510713356613074,0.31478076469188515,0.04650580663096922,0.7023241811806782,2668.06,2.480518706469958,143.5546875,False,False,False,False,False,B,LOW,0.0,False
10.962434916989878,4.476,All_of_the_Lights,0.22290663421154022,0.3258422207781685,0.2601210439886338,0.04896028347164177,0.7105773869003503,2750.54,3.1719759696320944,143.5546875,False,False,False,False,False,B,LOW,0.0,False
11.05139691696968,4.3859,All_of_the_Lights,0.1996152400970459,0.2989154753908982,0.26386295201996396,0.062291947007246586,0.8241985362395886,4182.59,2.2941959315286846,143.5546875,False,False,False,False,False,B,LOW,0.0,False
11.147945666976739,3.6322,All_of_the_Lights,0.2228388488292694,0.2919995736720284,0.2226971825309924,0.08474172763154726,0.9008193108719705,5548.77,4.113873465648867,143.5546875,False,False,False,False,False,B,LOW,0.0,False
11.237074124976061,4.7487,All_of_the_Lights,0.24730297923088074,0.27634371793342294,0.33222712357426837,0.0754902197133796,0.7220702290743073,2869.66,2.434712614216731,143.5546875,False,False,False,False,False,B,LOW,0.0,False
11.329095874971244,4.1563,All_of_the_Lights,0.41314446926116943,0.281620925969366,0.3029934591070158,0.07796620877384876,0.7353019847238236,3013.2,7.1933255491810515,143.5546875,False,False,False,False,False,B,LOW,0.0,False
11.427347916993313,2.305,All_of_the_Lights,0.592269241809845,0.459347436400236,0.8804256026137752,0.0936675378833858,0.6655853891299591,2329.9,5.725241906458486,143.5546875,False,False,False,False,False,B,LOW,0.0,False
11.517499041976407,2.3171,All_of_the_Lights,0.5900047421455383,0.39888886800716455,0.8926552038438241,0.08152486744075015,0.6693116909026131,2362.15,3.5541291072326224,143.5546875,False,False,False,False,False,B,LOW,0.0,False
11.611731874989346,1.7441,All_of_the_Lights,0.6202355623245239,0.38020550596585023,0.8615918168935545,0.09132959841158343,0.6626007913563952,2304.39,3.8608876805492724,143.5546875,False,False,False,False,False,B,LOW,0.0,False
11.702045291953254,1.9322,All_of_the_Lights,0.6186681389808655,0.4269621869385509,0.863973796164591,0.08413368653097246,0.6617264137755221,2296.97,2.542623452100569,143.5546875,False,False,False,False,False,B,LOW,0.0,False
11.793683916970622,3.5668,All_of_the_Lights,0.5979833006858826,0.39757872150319723,0.8792111675825895,0.06989482587047481,0.6432883365943857,2145.93,3.038790880649983,143.5546875,False,False,False,False,False,B,LOW,0.0,False
11.89168449997669,3.3668,All_of_the_Lights,0.6100087761878967,0.44860439772046484,0.8613937192958111,0.07746403254994251,0.6418963178433797,2134.94,3.0394572086994787,143.5546875,False,False,False,False,False,B,LOW,0.0,False
11.984936041990295,3.0488,All_of_the_Lights,0.595005989074707,0.9686585042280289,0.8735394417261454,0.062035665628047715,0.6268119379721119,2019.39,5.775698791929149,143.5546875,False,False,False,False,False,B,LOW,0.0,False
12.076035624952056,4.2144,All_of_the_Lights,0.4980374276638031,2.1082506659138343,0.43101613386442594,0.0765913204521654,0.6627185902320805,2305.39,2.61482887465008,143.5546875,False,False,False,False,False,B,LOW,0.0,False
12.169925249996595,13.6457,All_of_the_Lights,0.5286704897880554,1.55590390419875,0.5022962780155443,0.07138727854478438,0.655370536509082,2243.74,3.436040941883775,143.5546875,False,False,False,False,False,B,LOW,0.0,False
12.263312291994225,4.7184,All_of_the_Lights,0.4707985520362854,1.5915875465956524,0.5027883049992463,0.06989164329238241,0.6700051653071213,2368.2,3.9104738834032657,143.5546875,False,False,False,False,False,B,LOW,0.0,False
12.354139667004347,4.8256,All_of_the_Lights,0.6188998818397522,1.2491564723912925,0.7414271280787362,0.08510648683662518,0.6436803072362712,2149.04,6.324913694124273,143.5546875,False,False,False,False,False,B,LOW,0.0,False
12.446253917005379,4.5313,All_of_the_Lights,0.434360146522522,1.501119471063823,0.5309723329434201,0.08447228671759624,0.6909323566433211,2558.26,2.5790962252625977,143.5546875,False,False,False,False,False,B,LOW,0.0,False
12.541095624968875,3.7668,All_of_the_Lights,0.629793643951416,1.4272558926480474,0.6706382150848954,0.0840330803541988,0.6602603661579742,2284.58,5.697403356683382,143.5546875,False,False,False,False,False,B,LOW,0.0,False
12.63537016697228,5.5921,All_of_the_Lights,0.597522497177124,1.7992357118147222,0.6498678896564306,0.07816089974899211,0.6265348684544129,2017.33,4.308985629203684,143.5546875,False,False,False,False,False,B,LOW,0.0,False
12.72709025000222,4.1055,All_of_the_Lights,0.45175743103027344,2.284557949037596,0.290068992236657,0.05304203646904752,0.6003563342498838,1831.63,2.415227973648114,143.5546875,False,False,False,False,False,B,LOW,0.0,False
12.82105279195821,3.7557,All_of_the_Lights,0.40906640887260437,1.3099634035943992,0.2965499255608009,0.06711656144814941,0.7281775370075609,2935.04,6.732518122716946,143.5546875,False,False,False,False,False,B,LOW,0.0,False
12.913376249955036,4.1923,All_of_the_Lights,0.49583983421325684,1.550947185115542,0.4427352821423348,0.12129786984873564,0.7350414897759318,3010.31,3.024254827508128,143.5546875,False,False,False,False,False,B,LOW,0.0,False
13.007060542004183,4.3007,All_of_the_Lights,0.45222580432891846,1.806847806186876,0.28381753980699165,0.07969083157754905,0.7804563010086112,3559.33,2.0809384448258137,143.5546875,False,False,False,False,False,B,LOW,0.0,False
13.097709833004046,3.1079,All_of_the_Lights,0.44232824444770813,1.8628998061001905,0.26269919061051616,0.06024715678573795,0.7617325384306397,3321.78,3.2000021518030644,143.5546875,False,False,False,False,False,B,LOW,0.0,False
13.18672333296854,4.728,All_of_the_Lights,0.16626310348510742,1.1070565609095442,0.20098151676656006,0.05362103074931933,0.7914446468402132,3706.57,2.826903597257215,143.5546875,False,False,False,False,False,B,LOW,0.0,False
13.281283124990296,5.679,All_of_the_Lights,0.6178489923477173,1.986652124192646,0.3028327146361447,0.04491596228112366,0.7044192966600303,2688.76,10.201797237107025,143.5546875,False,False,False,False,False,B,LOW,0.0,False
13.378566041996237,4.58,All_of_the_Lights,0.4765687584877014,2.295610800776566,0.21773029827671203,0.04175188464861159,0.6716340291929164,2382.47,2.7913218177179524,143.5546875,False,False,False,False,False,B,LOW,0.0,False
13.469262667000294,4.2473,All_of_the_Lights,0.6126978397369385,1.9631477093068763,0.4530181344901344,0.05050788203397727,0.657304307395364,2259.8,9.499417897933501,143.5546875,False,False,False,False,False,B,LOW,0.0,False
13.563363166991621,4.4867,All_of_the_Lights,0.6087633967399597,1.5050282254619514,0.786373505058875,0.053967559057334163,0.6226733347898445,1988.8,3.0757618944319303,143.5546875,False,False,False,False,False,B,LOW,0.0,False
13.653437791974284,3.1994,All_of_the_Lights,0.6102166175842285,1.532650716710039,0.7880632409480747,0.046321897275091214,0.6057556665491359,1868.47,3.627633681256899,143.5546875,False,False,False,False,False,B,MID,0.33132431216154934,False
13.749046291981358,3.0061,All_of_the_Lights,0.6003967523574829,2.6360116693922895,0.2762484726108311,0.05567600844533858,0.6656939603120282,2330.84,4.204809283335561,143.5546875,False,False,False,False,False,B,MID,0.3342215181804998,False
13.841070666967425,4.3126,All_of_the_Lights,0.3996641933917999,1.9769169246414204,0.18286665079798106,0.04409462788092849,0.6679445390787428,2350.27,2.017048113845165,143.5546875,False,False,False,False,False,B,MID,0.3326929282319789,False
13.930436041962821,3.744,All_of_the_Lights,0.45210638642311096,1.7931362926890546,0.22448758120893583,0.04567542130902953,0.6842777938817022,2496.23,5.584721883234616,143.5546875,False,False,False,False,False,B,MID,0.3324897816818543,False
14.024348167004064,4.2604,All_of_the_Lights,0.6471322178840637,1.614500458634996,0.6745941605486329,0.04871129964437628,0.6142714044396881,1928.1,8.855080335112739,143.5546875,False,False,False,False,False,B,MID,0.33586529259776154,False
14.120031874976121,3.8727,All_of_the_Lights,0.4571635127067566,1.6980630445709581,0.5765814194005766,0.0424827766040125,0.6564505359343047,2252.7,1.9502207790037251,143.5546875,False,False,False,False,False,B,MID,0.3352896316152236,False
14.214460916991811,13.074,All_of_the_Lights,0.5887907147407532,1.709312083598969,0.46278503771225904,0.03359560848417325,0.5731764375858571,1656.89,11.207163440090017,143.5546875,False,False,False,False,False,B,MID,0.33745968089850575,False
14.307359875005204,8.3327,All_of_the_Lights,0.6107773780822754,1.7297837014082673,0.7340113685869712,0.04623712790775776,0.589153694025144,1757.48,5.2805727734392045,143.5546875,False,False,False,False,False,B,MID,0.33993103961289206,False
14.397088957950473,4.9363,All_of_the_Lights,0.5520017147064209,2.570977206941428,0.2057648514759719,0.028318566574942146,0.5323919395634553,1425.46,2.380719403750341,143.5546875,False,False,False,False,False,B,MID,0.34115842626735016,False
14.487530041951686,5.5387,All_of_the_Lights,0.5226694345474243,2.067742764303647,0.18502351300230122,0.023284779872653795,0.5813333030320519,1707.5,9.72122735783145,143.5546875,False,True,False,False,False,B,MID,0.3417331035457358,False
14.58388341695536,3.1425,All_of_the_Lights,0.5887195467948914,1.360978156939587,0.8093547808320027,0.09009715597784974,0.6780295139133633,2439.35,5.403315618608466,143.5546875,False,False,False,False,False,B,MID,0.3435796354169011,False
14.6752315829508,3.6152,All_of_the_Lights,0.44532740116119385,1.7821907727102382,0.3903396662275663,0.07234999642299225,0.6664684075584365,2337.5,3.009128826828209,143.5546875,False,False,False,False,False,B,MID,0.34234639273250855,False
14.766174957971089,2.7679,All_of_the_Lights,0.45832252502441406,1.8518095793556104,0.24189645349098388,0.040414579968523726,0.6593948715164977,2277.3,3.86273400911153,143.5546875,False,False,False,False,False,B,MID,0.34147300507681444,False
14.863936624955386,4.3947,All_of_the_Lights,0.421146959066391,1.8246712085451209,0.22149436638469094,0.04598081275312806,0.7150294967734784,2796.08,2.525404231548502,143.5546875,False,False,False,False,False,B,MID,0.3397716604236828,False
14.95537520799553,1.3911,All_of_the_Lights,0.5293273329734802,1.9055940832181906,0.29810852378106684,0.04219288953100247,0.6752953292384156,2414.87,8.120290337581926,143.5546875,False,False,False,False,False,B,MID,0.3405519739015786,False
15.044214666995686,0.8112,All_of_the_Lights,0.5037932991981506,1.9610940830476487,0.40537525685493686,0.06915458125888942,0.64500991230455,2159.61,2.6425236280199056,143.5546875,False,False,False,False,False,B,MID,0.3407634952564831,False
15.138614457973745,0.8682,All_of_the_Lights,0.5537883043289185,1.806485358592708,0.4327329539022603,0.0825850784520941,0.6543792578881098,2235.55,6.076488795880699,143.5546875,False,False,False,False,False,B,MID,0.3419845361689058,False
15.231764832977206,0.9414,All_of_the_Lights,0.6047035455703735,1.3168255665946391,0.8121508157778653,0.06855002752007341,0.680044292788209,2457.55,3.179305995383053,143.5546875,False,False,False,False,False,B,MID,0.3441174881965491,False
15.323339207971003,1.4583,All_of_the_Lights,0.6173338890075684,1.3644950738172252,0.7788148457867956,0.08340646430947041,0.7685136597201682,3405.92,3.2430486586372913,143.5546875,False,False,False,False,False,B,MID,0.3463761645302621,False
15.415702582977246,0.884,All_of_the_Lights,0.5869941115379333,2.234371935257417,0.4433469249247378,0.06819467137451592,0.6805035308069004,2461.71,3.9965022430473867,143.5546875,False,False,False,False,False,B,MID,0.34795792804518916,False
15.510295666987076,1.0302,All_of_the_Lights,0.5081572532653809,1.972238096619217,0.4691032519569867,0.060577099140110925,0.6407511641423206,2125.94,1.7754280041314856,143.5546875,False,False,False,False,False,B,MID,0.34789107307862294,False
15.603166791959666,0.8279,All_of_the_Lights,0.4699057340621948,1.5378951543208141,0.4561343682691375,0.06247667238603411,0.6727188069234316,2392.03,3.6145766972623665,143.5546875,False,False,False,False,False,B,MID,0.34700081522725645,False
15.694578833004925,0.9451,All_of_the_Lights,0.5959454774856567,1.5384104142918078,0.5948993983711662,0.06539497529845828,0.6602286820301437,2284.31,7.841003485609184,143.5546875,False,False,False,False,False,B,MID,0.3487198243829917,False
15.790021207998507,0.9248,All_of_the_Lights,0.49778681993484497,1.5543036266772616,0.6831168604577098,0.08184430089172429,0.7817959595073911,3576.96,2.742933016464475,143.5546875,False,False,False,False,False,B,MID,0.3483954636984966,False
15.88028779195156,0.9495,All_of_the_Lights,0.5648419857025146,1.7144788899979202,0.33726158636652237,0.05167158302323919,0.7196135446446487,2843.77,6.878870526686125,143.5546875,False,False,False,False,False,B,MID,0.34945137231471246,False
15.974081541993655,0.8069,All_of_the_Lights,0.6004231572151184,0.6001145657066347,0.9380521195207856,0.06282909602024876,0.6644382280717531,2320.06,4.0111177360400845,143.5546875,False,False,False,False,False,B,MID,0.3511314637680908,False
16.066460291971453,0.7934,All_of_the_Lights,0.5480512976646423,2.5118374804338974,0.30022348985052016,0.04470986976573818,0.5997656219615249,1827.64,4.030887186616625,143.5546875,False,False,False,False,False,B,MID,0.35172053402205977,False
16.160297749971505,0.9002,All_of_the_Lights,0.3160192370414734,1.3564986622730892,0.12346872612204315,0.08265120818053426,0.7889240043115799,3672.26,1.8745871439516089,143.5546875,False,False,False,False,False,B,MID,0.3466414879876975,False
16.251571832981426,4.8753,All_of_the_Lights,0.5973041653633118,0.5020574024954013,0.7849878158987239,0.13199479066369768,0.7817637369537516,3576.53,11.967684785530672,143.5546875,False,False,False,False,False,B,MID,0.34840388024471464,False
16.349214207963087,1.2859,All_of_the_Lights,0.2955896854400635,0.3889053275102643,0.5511423646751924,0.09100809571103673,0.7099133196746197,2743.81,2.9967409701151992,143.5546875,False,False,False,False,False,B,MID,0.3428356783392714,False
16.440540416981094,1.3486,All_of_the_Lights,0.3195064663887024,0.35283892678506207,0.41985927771494236,0.06980509861515502,0.7086000697946906,2730.55,4.785652754436948,143.5546875,False,False,False,False,False,B,MID,0.3383086206589767,False
16.533680541964713,1.9667,All_of_the_Lights,0.2456158846616745,0.2737574899377367,0.3853135274490482,0.07383434619300817,0.7852022361912977,3622.19,2.3694670030094502,143.5546875,False,False,False,False,False,B,MID,0.3314234253701716,False
16.624965374998283,3.4091,All_of_the_Lights,0.442736953496933,0.8785830809744616,0.2510720253546234,0.0732634636864875,0.8392518542615196,4421.42,8.724066618663542,143.5546875,False,False,False,False,False,B,MID,0.33073774710370674,False
16.717404249997344,3.824,All_of_the_Lights,0.5008960366249084,2.2346043158300812,0.38535739057872653,0.053490021791386066,0.6162614260939066,1942.31,2.007720060900619,143.5546875,False,False,False,False,False,B,MID,0.3313786261900747,False
16.813870749960188,3.5139,All_of_the_Lights,0.42303669452667236,0.7506392748223523,0.4941276571737753,0.04749919878937667,0.6575576179091108,2261.92,2.5257549371608214,143.5546875,False,False,False,False,False,B,MID,0.33022773895135626,False
16.905620332981925,3.8868,All_of_the_Lights,0.5930968523025513,0.5587319898313176,0.8821312252616981,0.055295119765014285,0.6255241099268517,2009.82,7.57561582966513,143.5546875,False,False,False,False,False,B,MID,0.3327319807842081,False
16.997286541969515,2.9058,All_of_the_Lights,0.6405877470970154,0.4693733504502122,0.9110733641484084,0.058179728585464274,0.6738875487534802,2402.36,4.988828858036101,143.5546875,False,False,False,False,False,B,MID,0.33597926478157136,False
17.090626832970884,4.2057,All_of_the_Lights,0.5507561564445496,1.2132495584506815,0.696131569160892,0.09350510572157061,0.7583166530131701,3280.19,5.208969387258635,143.5546875,False,False,False,False,False,B,MID,0.33737959749232704,False
17.185314166999888,4.8734,All_of_the_Lights,0.5879426002502441,1.5478347211982537,0.6603278317910055,0.07598245432093143,0.6494072029430324,2194.92,3.7551111345252797,143.5546875,False,False,False,False,False,B,MID,0.3394291266646503,False
17.275024625007063,1.9914,All_of_the_Lights,0.5538020730018616,1.550290722764823,0.6884786614388685,0.07321295851720082,0.6500361330549002,2200.02,3.1087596992412645,143.5546875,False,False,False,False,False,B,MID,0.34071715755795845,False
17.37221833295189,4.044,All_of_the_Lights,0.5686904191970825,1.3974611592245951,0.6328522360049926,0.07981697170584132,0.6728997595406851,2393.62,3.633074542421804,143.5546875,False,False,False,False,False,B,MID,0.34223163558984043,False
17.462320416991133,4.3232,All_of_the_Lights,0.5598987340927124,1.3329142538997203,0.7800528488153289,0.06525868179472277,0.6719596853538693,2385.34,2.7723986251937895,143.5546875,False,False,False,False,False,B,MID,0.3434993092029149,False
17.552972207951825,8.2819,All_of_the_Lights,0.536285936832428,1.637914768007171,0.46711239322240167,0.0711268020859612,0.7006715865063183,2651.84,3.0833499812463985,143.5546875,False,False,False,False,False,B,MID,0.3442343659148637,False
17.6452352500055,6.9765,All_of_the_Lights,0.6006195545196533,1.3857066411369743,0.7913962018504267,0.07107812094022063,0.6186611204517605,1959.58,5.378570310201932,143.5546875,False,False,False,False,False,B,MID,0.3461789649248286,False
17.740050332969986,3.96,All_of_the_Lights,0.5407205820083618,1.7670232516868027,0.552658781008853,0.07615504045330924,0.6334931671406863,2069.78,3.8356613982422427,143.5546875,False,False,False,False,False,B,MID,0.34686928485622187,False
17.834316707972903,3.4954,All_of_the_Lights,0.5419151186943054,1.7050336396281605,0.5305146213174784,0.07545505341031873,0.6705384872657074,2372.86,2.3325582127613274,143.5546875,False,False,False,False,False,B,MID,0.347549037895566,False
17.929696541978046,3.7706,All_of_the_Lights,0.5442456007003784,1.692978853724799,0.5508120205524595,0.11782713780082979,0.7012666007920767,2657.67,6.070054459415003,143.5546875,False,False,False,False,False,B,MID,0.3482414172056568,False
18.017269207979552,3.0156,All_of_the_Lights,0.4774647057056427,1.743840203311553,0.4202446579629648,0.1105455049445872,0.7414120852272109,3081.89,1.8533418481642707,143.5546875,False,False,False,False,False,B,MID,0.34750092584234094,False
18.11110583296977,3.8842,All_of_the_Lights,0.5444108247756958,1.698615191789139,0.36561275982313673,0.10612381712241808,0.8383647042143935,4406.97,5.899230608648383,143.5546875,False,False,False,False,False,B,MID,0.3481990100645295,False
18.208202374982648,4.8104,All_of_the_Lights,0.5783582925796509,1.2616776194496155,0.7611775904661136,0.07585180907091194,0.6599349099182942,2281.84,3.0922593804261886,143.5546875,False,False,False,False,False,B,MID,0.34952536628423747,False
18.29540800000541,18.061,All_of_the_Lights,0.5981233716011047,1.2921356405954956,0.7853051030975847,0.07838555850735854,0.6493765531418491,2194.67,2.6135022261582455,143.5546875,False,False,False,False,False,B,MID,0.3511588697766204,False
18.38892445800593,1.8306,All_of_the_Lights,0.5740419626235962,1.6165147533847442,0.6707868551305417,0.07522092546611808,0.6346630261626277,2078.73,4.543950995887008,143.5546875,False,False,False,False,False,B,MID,0.35225447917087566,False
18.4843846669537,3.5704,All_of_the_Lights,0.6056286096572876,1.3357012046971546,0.7631550630332615,0.07116667275361843,0.6555283682539339,2245.05,2.51994238701188,143.5546875,False,False,False,False,False,B,MID,0.35389106761395156,False
18.57840308296727,2.9148,All_of_the_Lights,0.5886732935905457,1.4847149370389352,0.7303346997067345,0.06411616963436513,0.6424098544440049,2138.99,4.207849022099168,143.5546875,False,False,False,False,False,B,MID,0.35512882785274996,False
18.667167749954388,4.0826,All_of_the_Lights,0.6000033617019653,1.173981606915441,0.7696756688231758,0.08352883552137498,0.651619731917949,2212.91,3.0848028775747176,143.5546875,False,False,False,False,False,B,MID,0.3565172264440066,False
18.761160957976244,3.339,All_of_the_Lights,0.5862413048744202,1.8168908645890989,0.6346055840895137,0.06883708714543853,0.6491716894816975,2193.02,4.932912789043968,143.5546875,False,False,False,False,False,B,MID,0.3575776856366185,False
18.852899833000265,3.7415,All_of_the_Lights,0.4993557929992676,1.5800908962706974,0.5583604529738766,0.06837166819425698,0.670581234673267,2373.24,3.1331067938506574,143.5546875,False,False,False,False,False,B,MID,0.3568438436576531,False
18.950589832966216,5.0621,All_of_the_Lights,0.5033977031707764,1.43596380837162,0.6128402074403138,0.058343130198105275,0.653135232965342,2225.32,2.787562965035174,143.5546875,False,False,False,False,False,B,MID,0.3560793609297115,False
19.03961287497077,3.6347,All_of_the_Lights,0.5421332120895386,1.4619908906135937,0.5496308830943106,0.05743742233165139,0.6631817230007229,2309.33,4.257239776349752,143.5546875,False,False,False,False,False,B,MID,0.35619727132150913,False
19.13558712496888,3.7985,All_of_the_Lights,0.5878679156303406,1.2016052960346941,0.8214662998262002,0.06590769507021242,0.6470950176936648,2176.28,4.227913873564414,143.5546875,False,False,False,False,False,B,MID,0.3572267509293067,False
19.22608237498207,4.7176,All_of_the_Lights,0.5012626051902771,1.631090741081945,0.4950960618382704,0.06848330349742388,0.6784015413280886,2442.7,3.5134780423041394,143.5546875,False,False,False,False,False,B,MID,0.356335115255065,False
19.32217924995348,4.7689,All_of_the_Lights,0.6161822080612183,1.3013341947617523,0.7856135331235417,0.06599076095504221,0.6187134640544703,1959.95,4.5418616094547,143.5546875,False,False,False,False,False,B,MID,0.35792261855800755,False
19.411992457986344,5.4418,All_of_the_Lights,0.5679572820663452,1.9351055168261788,0.5331485647646733,0.07620518289238208,0.6999883324946786,2645.17,4.875201110083553,143.5546875,False,False,False,False,False,B,MID,0.3584560807653991,False
19.503278916992713,3.3261,All_of_the_Lights,0.38259705901145935,1.6924733347842507,0.30383770133862514,0.08174143271004594,0.8058400504102922,3908.72,2.376895638563597,143.5546875,False,False,False,False,False,B,MID,0.35444391894918864,False
19.596089917002246,5.2225,All_of_the_Lights,0.45539307594299316,1.4733516213823286,0.3481253088169949,0.10141220856375108,0.7796503727617267,3548.76,8.18621809065708,143.5546875,False,False,False,False,False,B,MID,0.3525927691786472,False
19.692631166952197,3.1417,All_of_the_Lights,0.49468994140625,1.6870535414722883,0.40970828954426036,0.11262690287176336,0.7545289633263924,3234.68,2.977445076456486,143.5546875,False,False,False,False,False,B,MID,0.3517806762315002,False
19.78525783296209,4.3149,All_of_the_Lights,0.4627344608306885,1.874132108403036,0.23555886874950607,0.06943356872203332,0.7685974878361095,3406.98,2.757905745517483,143.5546875,False,False,False,False,False,B,MID,0.3502446121075976,False
19.878899000003003,4.5927,All_of_the_Lights,0.36863502860069275,1.799870976195341,0.2850692725884515,0.0519693177855652,0.6894634273918432,2544.44,4.90076458019152,143.5546875,False,False,False,False,False,B,MID,0.34622750882098957,False
19.968732957961038,5.192,All_of_the_Lights,0.23833788931369781,0.5423324148618383,0.19309820942538808,0.03913894406852494,0.7105503432157911,2750.26,2.9722615951506026,143.5546875,False,False,False,False,False,B,MID,0.3373567436648502,False
20.060523416963406,3.4516,All_of_the_Lights,0.5964577198028564,2.278921007873566,0.30251528415675977,0.03956707058486207,0.5844468038995093,1727.22,9.292864425433068,143.5546875,False,False,False,False,False,B,MID,0.33950176025459594,False
20.158588624966796,3.0945,All_of_the_Lights,0.43703144788742065,1.9195014342213883,0.24520259465208946,0.037376711608163554,0.6437653407189804,2149.71,1.7087906290626738,143.5546875,False,False,False,False,False,B,MID,0.33793136993769224,False
20.246329249988776,3.5054,All_of_the_Lights,0.6138301491737366,1.7797079117610257,0.5594882885516145,0.051290839126526475,0.6312447474683779,2052.68,8.932751467788707,143.5546875,False,False,False,False,False,B,MID,0.3403928853301147,False
20.33868879196234,10.9389,All_of_the_Lights,0.6053987145423889,1.5273594979500165,0.7133990760653105,0.048570378186484846,0.6110702555997997,1905.47,3.1671171969146026,143.5546875,False,False,False,False,False,B,MID,0.34256470368102976,False
20.433150041964836,5.9705,All_of_the_Lights,0.6073022484779358,1.7520443212617527,0.7446149409243146,0.04960331436650369,0.6045501840467467,1860.18,4.669478006178129,143.5546875,False,False,False,False,False,B,MID,0.34466570005286956,False
20.528516791993752,3.256,All_of_the_Lights,0.5746111273765564,2.6608752624586907,0.20536490230887358,0.05397599181459573,0.6590611510342972,2274.5,2.188180589401801,143.5546875,False,False,False,False,False,B,MID,0.3460001485083356,False
20.622440000006463,4.3452,All_of_the_Lights,0.4027009904384613,1.9077998776860687,0.2018059164702005,0.0454591995495322,0.6595881782414834,2278.92,3.6588634541192033,143.5546875,False,False,False,False,False,B,MID,0.3431841629207391,False
20.714867041970138,5.1296,All_of_the_Lights,0.4684920012950897,1.7261033552897511,0.23899683550638437,0.047419669530142795,0.6753778792231185,2415.6,5.900856758566088,143.5546875,False,False,False,False,False,B,MID,0.34221888692971203,False
20.80731595796533,4.41,All_of_the_Lights,0.6340218782424927,1.4911155360038393,0.774681660658934,0.04839804534457518,0.6007557394505275,1834.33,9.532969599358175,143.5546875,False,False,False,False,False,B,MID,0.34485822019563006,False
20.90173129196046,2.1251,All_of_the_Lights,0.4256877899169922,1.7463312697801567,0.40612725342599854,0.039939932852524895,0.666340492744406,2336.4,3.741958285460302,143.5546875,False,False,False,False,False,B,MID,0.3427232310659789,False
20.98933524999302,3.8443,All_of_the_Lights,0.6373825073242188,1.5875556455115127,0.6495239570850504,0.037582433419165166,0.5660888585825665,1614.13,8.970996595321665,143.5546875,False,False,False,False,False,B,MID,0.34540171964401606,False
21.083467624965124,4.2329,All_of_the_Lights,0.61362224817276,2.040634280862922,0.6390731994081901,0.04410666580643869,0.5948355981625217,1794.7,5.059174493173864,143.5546875,False,False,False,False,False,B,MID,0.3474856297176675,False
21.17992212495301,3.0973,All_of_the_Lights,0.4907572865486145,2.364157653341824,0.18117494661751304,0.022281752709730224,0.5419843137096925,1476.8,1.7932610854504965,143.5546875,False,False,False,False,False,B,MID,0.3468370579728749,False
21.273395749973133,5.101,All_of_the_Lights,0.5891613364219666,2.052353836341382,0.3591841376020161,0.04073663095368753,0.5711203858092639,1644.37,8.38599787864393,143.5546875,False,True,False,False,False,B,MID,0.34836079734755016,False
21.363105249998625,4.4731,All_of_the_Lights,0.5531694293022156,1.5542660136965838,0.7415406179958958,0.0915299737712762,0.6821323582279369,2476.55,2.9420319181530217,143.5546875,False,False,False,False,False,B,MID,0.34906080252333394,False
21.45397283299826,4.3029,All_of_the_Lights,0.46069881319999695,1.8817374229143513,0.29435531647271906,0.05918879633665007,0.6550573669854953,2241.15,2.0794645366329116,143.5546875,False,False,False,False,False,B,MID,0.34761053621820504,False
21.5496027499903,4.4494,All_of_the_Lights,0.5184075832366943,1.8347546333598383,0.3870724201203104,0.051538738803808264,0.6678440061880817,2349.4,5.672768348004282,143.5546875,False,False,False,False,False,B,MID,0.3475891119586781,False
21.642516666965093,3.8132,All_of_the_Lights,0.4678206145763397,1.8253186025603223,0.4365177738606732,0.042764338179990244,0.6828907759664475,2483.49,2.3644299840861023,143.5546875,False,False,False,False,False,B,MID,0.34638722676651795,False
21.73215012496803,3.6313,All_of_the_Lights,0.6003371477127075,2.1412029745184524,0.32127082701608883,0.09603928124772676,0.8040828718042952,3883.46,9.539212928012052,143.5546875,False,False,False,False,False,B,MID,0.3481584624818221,False
21.825555374962278,3.6773,All_of_the_Lights,0.5033766031265259,2.0014961595335734,0.4639968882061395,0.056857987014763425,0.6304940004165643,2047.01,2.430362976873175,143.5546875,False,False,False,False,False,B,MID,0.34776883339786807,False
21.917786417005118,2.0697,All_of_the_Lights,0.586094856262207,1.7377574080571332,0.5443809611850705,0.0565658041089769,0.6171722701963983,1948.84,5.589614955270135,143.5546875,False,False,False,False,False,B,MID,0.34918368038283626,False
22.014598457957618,2.0728,All_of_the_Lights,0.5953881144523621,1.5018494138455396,0.7304088230505402,0.07693888931841963,0.7139477181251652,2784.95,2.389428926261354,143.5546875,False,False,False,False,False,B,MID,0.35071584817957197,False
22.105144375003874,1.9997,All_of_the_Lights,0.5939520597457886,1.5179628952760318,0.7520731704962693,0.07090459167806648,0.7367897983002909,3029.78,3.054833824316442,143.5546875,False,False,False,False,False,B,MID,0.35214249298384076,False
22.19709241698729,2.1485,All_of_the_Lights,0.5380829572677612,2.1425072641574,0.3750041659211638,0.08652811219454994,0.6764733293436223,2425.39,5.130556642989443,143.5546875,False,False,False,False,False,B,MID,0.35232880577105347,False
22.28881537495181,2.9194,All_of_the_Lights,0.49795854091644287,1.9396485161633936,0.3913633994573555,0.07704799086005391,0.6650012452776807,2324.89,2.722752235739002,143.5546875,False,False,False,False,False,B,MID,0.351605784234921,False
22.382734999991953,15.7522,All_of_the_Lights,0.4627770483493805,1.7781618480231887,0.3640045174947691,0.06494550369911781,0.6808151672105199,2464.54,5.84961386334385,143.5546875,False,False,False,False,False,B,MID,0.3500795128411737,False
22.47950245795073,6.094,All_of_the_Lights,0.5927196145057678,1.4746960231007071,0.6308236955020469,0.087306725914039,0.7902103491846315,3689.73,6.444744341095961,143.5546875,False,False,False,False,False,B,MID,0.35151311718088674,False
22.569359791988973,3.9147,All_of_the_Lights,0.47591912746429443,1.5364834346327625,0.5424744875131008,0.10088663747751324,0.8307187141230447,4284.41,3.6217825973537696,143.5546875,False,False,False,False,False,B,MID,0.3503110861935535,False
22.66423804196529,5.3234,All_of_the_Lights,0.6123297214508057,1.5436748774035907,0.6129374854809011,0.05667471338050792,0.6289180509311403,2035.14,5.821846696038537,143.5546875,False,False,False,False,False,B,MID,0.3521240904783988,False
22.756204125005752,4.7656,All_of_the_Lights,0.61569744348526,1.6421668100343931,0.7563565433807536,0.05285050630647897,0.6314611067380428,2054.32,5.220260175267406,143.5546875,False,False,False,False,False,B,MID,0.35391263900519204,False
22.85022941697389,2.3198,All_of_the_Lights,0.47874030470848083,2.311699532726628,0.3976241695150882,0.048526825392626205,0.6177623921132586,1953.09,2.415376800678426,143.5546875,False,False,False,False,False,B,MID,0.3526582709914886,False
22.94139529200038,4.4044,All_of_the_Lights,0.44773250818252563,0.9544940052145973,0.33299578563476423,0.0366051714068409,0.7188034351320496,2835.28,7.035534859626949,143.5546875,False,True,False,False,False,B,MID,0.3507038636533517,False
23.03194741695188,4.345,All_of_the_Lights,0.5450887084007263,0.5029818912709436,0.8704678631108193,0.10758777656536257,0.696614980116191,2612.46,4.123924115234052,143.5546875,False,False,False,False,False,B,MID,0.3511137233261393,False
23.125359750003554,3.8613,All_of_the_Lights,0.3325134813785553,0.471750359453465,0.5607132162458887,0.0877160472154358,0.6820876030604943,2476.14,3.078200450435138,143.5546875,False,False,False,False,False,B,MID,0.3438199197131206,False
23.220502791984472,4.1823,All_of_the_Lights,0.36844226717948914,0.7966430470279572,0.36936123868443227,0.06557369903436291,0.6899373822600589,2548.89,4.625465973190731,143.5546875,False,False,False,False,False,B,MID,0.338514605781575,False
23.31301787495613,4.6122,All_of_the_Lights,0.3198931813240051,1.094320589050632,0.32039800191536133,0.09584367884555314,0.7158706582394095,2804.77,2.510705617103257,143.5546875,False,False,False,False,False,B,MID,0.33120110686859133,False
23.40434370795265,5.1292,All_of_the_Lights,0.5242620706558228,1.5075493104805249,0.363797482303995,0.07026640487359152,0.6776765260770925,2436.17,6.322146313742465,143.5546875,False,False,False,False,False,B,MID,0.33164148545519156,False
23.49833970796317,5.4254,All_of_the_Lights,0.4806315302848816,2.015577798827044,0.3780324658028192,0.05602422717633847,0.6255195593170056,2009.79,2.801087728086715,143.5546875,False,False,False,False,False,B,MID,0.33082732206301363,False
23.59234195796307,3.9286,All_of_the_Lights,0.5504546761512756,1.8383364877675612,0.38868243476633507,0.04555020111107151,0.6377613962908797,2102.63,5.837408298299087,143.5546875,False,False,False,False,False,B,MID,0.3319773820964187,False
23.68639216700103,3.2008,All_of_the_Lights,0.5782826542854309,1.1434477565672783,0.7980005444102536,0.05681803701297375,0.6233765227490115,1993.96,3.559964102832564,143.5546875,False,False,False,False,False,B,MID,0.3337702392238587,False
23.77796766697429,4.8353,All_of_the_Lights,0.6037654876708984,1.0422858737698926,0.8696134399061813,0.05385391098396249,0.6221041198814521,1984.62,3.4899483001974017,143.5546875,False,False,False,False,False,B,MID,0.336087784499383,False
23.868392666976433,5.0865,All_of_the_Lights,0.6122881174087524,1.6944155793940918,0.6600037404478305,0.07441330022818268,0.6481398047156822,2184.69,5.162030458293386,143.5546875,False,False,False,False,False,B,MID,0.3384896706075782,False
23.963972666999325,4.0895,All_of_the_Lights,0.6132939457893372,1.6288677422634807,0.7303330594202921,0.07500226057918341,0.6195746719391432,1966.19,2.8148106663731634,143.5546875,False,False,False,False,False,B,MID,0.3409365109347123,False
24.05753058299888,4.7076,All_of_the_Lights,0.5206158757209778,1.5492517137709907,0.6000482662475327,0.08517253107731225,0.6590897115091608,2274.74,2.8082060182922612,143.5546875,False,False,False,False,False,B,MID,0.34091567323662864,False
24.148858374974225,3.3899,All_of_the_Lights,0.6177473068237305,1.379828655296037,0.7130398149272833,0.08061671773556452,0.6442628089872132,2153.66,6.253309107552313,143.5546875,False,False,False,False,False,B,MID,0.34334545565878727,False
24.24380316695897,3.3316,All_of_the_Lights,0.5104171633720398,1.4119438358668097,0.7023389056952691,0.08032729869703426,0.6572758950788644,2259.57,2.7644855045122,143.5546875,False,False,False,False,False,B,MID,0.34292174962862765,False
24.335245041991584,4.9724,All_of_the_Lights,0.5506922006607056,1.6247499701492598,0.4428379536298908,0.07889237578711826,0.6613653577069345,2293.91,7.770373372943368,143.5546875,True,True,True,False,False,B,MID,1.0,True
24.43136454198975,15.6341,All_of_the_Lights,0.5744369029998779,1.2966140714553223,0.8232064092116624,0.07212450915253092,0.6130041904697576,1919.11,2.6519413549908166,143.5546875,False,False,False,False,False,B,MID,0.65,False
24.520161999971606,3.234,All_of_the_Lights,0.544687032699585,1.9602695625985889,0.4384441168709388,0.0650865759411096,0.6284361653957417,2031.53,3.513168597002816,143.5546875,False,False,False,False,False,B,MID,0.42250000000000004,False
24.612468042003457,4.7368,All_of_the_Lights,0.5061766505241394,1.834697675370107,0.4016389083679233,0.07898013825493522,0.6591886379740486,2275.57,2.419523124115823,143.5546875,False,False,False,False,False,B,MID,0.3446436613590012,False
24.709138957958203,3.9932,All_of_the_Lights,0.4995325803756714,1.6980310305246362,0.43532558206142724,0.14162571294665888,0.7012456885799776,2657.47,5.940941228579522,143.5546875,False,False,False,False,False,B,MID,0.34384718490557564,False
24.80226316698827,4.9819,All_of_the_Lights,0.469576358795166,1.6251475315210702,0.41617217635973947,0.09919593869102727,0.7123170943608239,2768.25,2.083958026688571,143.5546875,False,False,False,False,False,B,MID,0.34220520507058716,False
24.892485374992248,4.8804,All_of_the_Lights,0.6009200811386108,1.5815344411970724,0.5779260457191441,0.07756214020159449,0.7042176903578715,2686.76,6.758424617473504,143.5546875,False,False,False,False,False,B,MID,0.34417303074604966,False
24.986523083003704,3.1214,All_of_the_Lights,0.6017268300056458,1.4341112800491622,0.7498190386769232,0.08053614705790223,0.6634407940049863,2311.54,2.1962458118494754,143.5546875,False,False,False,False,False,B,MID,0.34606174840838944,False
25.079249041969888,3.8333,All_of_the_Lights,0.5869918465614319,1.4352108980707072,0.7564775626611493,0.08522883428491049,0.6341801904549508,2075.03,4.8453004891614535,143.5546875,False,False,False,False,False,B,MID,0.3475000653848505,False
25.169772332999855,4.2615,All_of_the_Lights,0.612795889377594,1.7533300586747196,0.6304505522921778,0.11064469445083698,0.6822905419481688,2477.99,2.9946267473292965,143.5546875,False,False,False,False,False,B,MID,0.3494846858025663,False
25.265335917007178,3.9286,All_of_the_Lights,0.606681227684021,1.490975482867593,0.747303097728897,0.09474945616041604,0.6494264050677381,2195.08,2.9470948105641925,143.5546875,False,False,False,False,False,B,MID,0.3512257341896447,False
25.35921712499112,5.554,All_of_the_Lights,0.6042386293411255,1.5833654301772189,0.7615673466035773,0.07333980132633058,0.6176922761625807,1952.59,3.1666564268419823,143.5546875,False,False,False,False,False,B,MID,0.3528217057446074,False
25.450286166975275,4.5257,All_of_the_Lights,0.5927799940109253,1.287645729857062,0.7833371195739456,0.07066126541727809,0.6152865194456777,1935.33,3.2752097699796083,143.5546875,False,False,False,False,False,B,MID,0.3540628143822615,False
25.544755707960576,4.6809,All_of_the_Lights,0.5927886962890625,1.9098698429925118,0.5254478689804543,0.10025564566428481,0.665432732866548,2328.59,5.104614681317778,143.5546875,False,False,False,False,False,B,MID,0.35524207831228344,False
25.638639457989484,4.5181,All_of_the_Lights,0.4689231514930725,2.1578651786042613,0.22030239516246106,0.05797245588444357,0.6534601739538428,2227.99,2.2098535422958974,143.5546875,False,False,False,False,False,B,MID,0.35301037156583603,False
25.726049457967747,3.762,All_of_the_Lights,0.4853261113166809,1.8627627081272593,0.3212811318280552,0.05548907251891852,0.6627156055865544,2305.37,5.078695677658379,143.5546875,False,False,False,False,False,B,MID,0.35138301906487196,False
25.818580958002713,1.5755,All_of_the_Lights,0.5797494649887085,1.7372807448839174,0.5291233151039708,0.050937877615404165,0.6135986470627718,1923.32,5.655512617133599,143.5546875,False,False,False,False,False,B,MID,0.352377302751417,False
25.911474624997936,3.2213,All_of_the_Lights,0.5519142746925354,1.4355675087697046,0.7780487418271105,0.05231384368191542,0.6242797592586172,2000.62,2.7440740644062678,143.5546875,False,False,False,False,False,B,MID,0.3526179561100952,False
26.006678457953967,4.6727,All_of_the_Lights,0.5340377688407898,1.7987630174907026,0.38691313687927154,0.047087884962012674,0.6279974819734679,2028.24,5.431080977424164,143.5546875,False,False,False,False,False,B,MID,0.3523763695678033,False
26.10293041699333,4.3919,All_of_the_Lights,0.5918594598770142,1.4428957210239852,0.7909350880650052,0.04764897726270896,0.5773787178921747,1682.77,5.045102147993839,143.5546875,False,False,False,False,False,B,MID,0.3536174384707203,False
26.19316974998219,4.3522,All_of_the_Lights,0.5725782513618469,2.098333686523553,0.4747442823241099,0.049646294995190285,0.609528199827643,1894.66,4.7263611353425725,143.5546875,False,False,False,False,False,B,MID,0.354321739517822,False
26.28804366698023,4.0057,All_of_the_Lights,0.47911781072616577,2.1245424281921674,0.32899549970727054,0.03654636505975034,0.5841052097179406,1725.05,2.162339731451077,143.5546875,False,False,False,False,False,B,MID,0.3524444750009992,False
26.377394249953795,4.1675,All_of_the_Lights,0.5097805857658386,1.7040934503815615,0.37170877505622935,0.10683439958551863,0.6649019991092417,2324.04,8.27586382824612,143.5546875,True,True,False,True,False,B,MID,1.0,False
26.474674541968852,17.3187,All_of_the_Lights,0.5461376905441284,1.6718446017679147,0.5365233971679231,0.09355210751388844,0.6914785217521711,2563.42,3.1597914682831925,143.5546875,False,False,False,False,False,B,MID,0.65,False
26.564147041994147,3.5216,All_of_the_Lights,0.5141459703445435,1.8693191819989097,0.46524111487339753,0.05381193032762657,0.6862064998025298,2514.05,3.6661030860658443,143.5546875,False,False,False,False,False,B,MID,0.42250000000000004,False
26.65490199998021,3.4132,All_of_the_Lights,0.50566565990448,1.836407012514049,0.4020240667305534,0.05614277182708529,0.6839470975964516,2493.18,2.3663664453183375,143.5546875,False,False,False,False,False,B,MID,0.3500061582421223,False
26.748581791995093,4.5057,All_of_the_Lights,0.5726929903030396,1.7913554305259203,0.5389954618477837,0.03934036180441423,0.672620580394629,2391.16,7.876512419155742,143.5546875,True,True,True,False,False,B,MID,1.0,True
26.843038916995283,5.0082,All_of_the_Lights,0.5962017774581909,2.245936830728757,0.5421314011251012,0.04608312021430486,0.5987132347058062,1820.56,4.8292492728624525,143.5546875,False,False,False,False,False,B,MID,0.65,False
26.938326250005048,2.2937,All_of_the_Lights,0.5118065476417542,1.7204404038834653,0.5344607756920988,0.048147676868864245,0.6476662588308654,2180.87,2.384288533631472,143.5546875,False,False,False,False,False,B,MID,0.42250000000000004,False
27.03142937499797,2.7443,All_of_the_Lights,0.6032099723815918,1.4752083207176068,0.7267397840564312,0.05475828919980779,0.6378536349272432,2103.34,5.045008790867446,143.5546875,False,False,False,False,False,B,MID,0.35316721630262793,False
27.121588499983773,4.8162,All_of_the_Lights,0.6126489639282227,0.61392741679619,0.8536549358456709,0.05841944627894912,0.6507168766274218,2205.55,3.3284506413286863,143.5546875,False,False,False,False,False,B,MID,0.3549355419760104,False
27.217046457983088,5.1084,All_of_the_Lights,0.5668564438819885,1.4513841266814536,0.6923294624483026,0.06191742969800571,0.6652730514088948,2327.22,5.326085396065981,143.5546875,False,False,False,False,False,B,MID,0.3554966584871149,False
27.30977712495951,4.4804,All_of_the_Lights,0.49877262115478516,2.142187457737908,0.41332246822249075,0.05595772016604595,0.6662179953018421,2335.35,2.436351873516195,143.5546875,False,False,False,False,False,B,MID,0.3541955755319997,False
27.400033957965206,5.1058,All_of_the_Lights,0.503211498260498,1.7616608560972993,0.41221546252127306,0.04843072688085462,0.6786658934666554,2445.08,4.117987060118732,143.5546875,False,False,False,False,False,B,MID,0.3530865860410504,False
27.492994332977105,3.3851,All_of_the_Lights,0.5469776391983032,1.8097066413871334,0.4642822013045288,0.04490719893538318,0.6522289473613297,2217.89,6.140025436961276,143.5546875,False,False,False,False,False,B,MID,0.3532280167930603,False
27.587005957961082,5.9988,All_of_the_Lights,0.5824406147003174,1.416117870808869,0.7915747812817702,0.05273657991581744,0.6277317182359868,2026.25,3.7504930245187205,143.5546875,False,False,False,False,False,B,MID,0.3542642891994156,False
27.678438957955223,3.7704,All_of_the_Lights,0.5364469885826111,1.7166542797831275,0.5104779314583239,0.042604409897770736,0.6562568727063,2251.09,2.9189703318861717,143.5546875,False,False,False,False,False,B,MID,0.35406822799391746,False
27.769511958002113,3.7575,All_of_the_Lights,0.6306260824203491,1.5337141184931782,0.787620892036009,0.038930538557901885,0.565806420522995,1612.45,4.78710154919176,143.5546875,False,False,False,False,False,B,MID,0.3562101768117153,False
27.861999207991175,4.0419,All_of_the_Lights,0.5944951772689819,2.1521804432224885,0.5056382295839777,0.047528839720917204,0.5960897952447245,1803.02,5.736905995258106,143.5546875,False,False,False,False,False,B,MID,0.35739228070318224,False
27.95894145796774,4.3266,All_of_the_Lights,0.5005048513412476,2.1844868236085815,0.38263962351640934,0.028331844970041757,0.5818476128186573,1710.74,2.0863978777533716,143.5546875,False,False,False,False,False,B,MID,0.3560461320055617,False
28.052560207957868,3.8014,All_of_the_Lights,0.5891501307487488,1.4897665939517835,0.6004281094483391,0.05881750162941609,0.5970647066249742,1809.52,7.352517802820701,143.5546875,True,True,False,True,False,B,MID,1.0,False
28.145497541991062,3.8333,All_of_the_Lights,0.5399703979492188,1.5213796485241227,0.670646892231486,0.08953525839289814,0.6801896087991746,2458.86,2.655428468175502,143.5546875,False,False,False,False,False,B,MID,0.65,False
28.237988791952375,6.0876,All_of_the_Lights,0.5356314182281494,1.7621013079266257,0.4991186963355674,0.05380653986112376,0.6580993506830914,2266.44,2.4416214654784096,143.5546875,False,False,False,False,False,B,MID,0.42250000000000004,False
28.33077633299399,3.7534,All_of_the_Lights,0.4987739324569702,1.7761884143697215,0.5218774368943373,0.050572982289031496,0.6532965244832302,2226.64,4.485494380974278,143.5546875,False,False,False,False,False,B,MID,0.35516231634323797,False
28.425011207989883,4.7779,All_of_the_Lights,0.49584028124809265,1.8121259484008623,0.40195430099984436,0.04084702871562313,0.6401924848478711,2121.57,2.780305422599745,143.5546875,False,False,False,False,False,B,MID,0.3537933788985131,False
28.513383374956902,15.8489,All_of_the_Lights,0.5137451887130737,2.08040710788571,0.37937999254793264,0.04216077048391674,0.5939148310861126,1788.62,7.364754066308223,143.5546875,False,False,False,False,False,B,MID,0.35300139703200145,False
28.608382916951086,2.9881,All_of_the_Lights,0.510392963886261,1.8491178319142207,0.39537601593211646,0.04217833737434296,0.6002732362278651,1831.06,2.280254158964369,143.5546875,False,False,False,False,False,B,MID,0.3521552125711207,False
28.702919957984705,4.1902,All_of_the_Lights,0.6271927356719971,1.7507556397038697,0.6475152971939213,0.0444298809757126,0.5926956408569403,1780.59,5.570180738311083,143.5546875,False,False,False,False,False,B,MID,0.35431367347635506,False
28.7921777080046,5.0935,All_of_the_Lights,0.6304768323898315,1.393729843998852,0.7949032054696739,0.04711608471088356,0.5953161528867231,1797.89,3.105866649823246,143.5546875,False,False,False,False,False,B,MID,0.35643991767793615,False
28.88731600000756,3.9728,All_of_the_Lights,0.582615077495575,0.9772983187130824,0.8439049274347185,0.050953634452254606,0.6291616873533411,2036.97,4.1090452663301305,143.5546875,False,False,False,False,False,B,MID,0.3573199034751815,False
28.976601791975554,4.2584,All_of_the_Lights,0.4905741214752197,2.08766514560483,0.39340202596943663,0.057416329868570544,0.6762401523442109,2423.3,2.6624095251340645,143.5546875,False,False,False,False,False,B,MID,0.3556898761722985,False
29.07195116695948,5.7582,All_of_the_Lights,0.5124787092208862,1.8060315253717956,0.47487973268156264,0.06217708513829784,0.6789441374571623,2447.59,2.2315450860745107,143.5546875,False,False,False,False,False,B,MID,0.3547677045024294,False
29.163418582989834,5.0124,All_of_the_Lights,0.5043134093284607,1.7313682832620638,0.3768756468587457,0.05186412886278682,0.6658333423599702,2332.03,4.7242312783853775,143.5546875,False,False,False,False,False,B,MID,0.35366146465596815,False
29.259941666969098,5.7696,All_of_the_Lights,0.6284802556037903,1.4701809443268792,0.7855791271136244,0.048474859655033224,0.6032559480042096,1851.32,7.1923997573011835,143.5546875,False,False,False,False,False,B,MID,0.3557743348001892,False
29.35299695795402,4.4412,All_of_the_Lights,0.4604252576828003,1.6608130230617688,0.5144253310467333,0.06457965425226105,0.6610294917652534,2291.07,3.929049041999589,143.5546875,False,False,False,False,False,B,MID,0.35330881094693645,False
29.44217629195191,6.3674,All_of_the_Lights,0.6369011998176575,1.5076517099238036,0.6709557557185541,0.05022884916007218,0.6171626485991166,1948.77,5.661317718015509,143.5546875,True,True,True,False,False,B,MID,1.0,True
29.534191124956124,4.2886,All_of_the_Lights,0.5866970419883728,1.8851609567815555,0.6683542258228964,0.08196422058413387,0.6416151021007218,2132.73,4.787787025498164,143.5546875,False,False,False,False,False,B,MID,0.65,False
29.62910041696159,5.7575,All_of_the_Lights,0.5354130864143372,2.1974061413104495,0.3766716621211735,0.06391490738902289,0.5910100607644162,1769.55,2.7495831903334804,143.5546875,False,False,False,False,False,B,MID,0.42250000000000004,False
29.72188924998045,4.8072,All_of_the_Lights,0.5844021439552307,1.6014902193037261,0.5940879987311858,0.06251844887413682,0.5941781104317929,1790.35,6.035737793065213,143.5546875,True,True,False,True,False,B,MID,1.0,False
29.814013624971267,4.1885,All_of_the_Lights,0.521391749382019,1.4102422693647263,0.6888304188248953,0.09698827852944342,0.6847810125373849,2500.87,2.312712770862751,143.5546875,False,False,False,False,False,B,MID,0.65,False
29.909719791961834,3.6197,All_of_the_Lights,0.488503098487854,1.7146463463121415,0.4228284422088339,0.07392139692041497,0.6598997733399308,2281.54,2.207561777110053,143.5546875,False,False,False,False,False,B,MID,0.42250000000000004,False
29.998691249988042,4.6218,All_of_the_Lights,0.4882643222808838,1.7689031797607577,0.4048228684530949,0.08014028095964468,0.6658720763503175,2332.37,4.3128793049878205,143.5546875,False,False,False,False,False,B,MID,0.3509712947171742,False
30.093132916954346,4.4555,All_of_the_Lights,0.44821736216545105,1.844625808653137,0.2863338947847632,0.05494482449029688,0.6609802350341146,2290.66,2.2374531702120284,143.5546875,False,False,False,False,False,B,MID,0.3466723199155493,False
30.18842937500449,4.8533,All_of_the_Lights,0.5894036293029785,2.21175211182581,0.313999976697592,0.06769798016652738,0.6663714917546946,2336.67,8.63869315073288,143.5546875,False,False,False,False,False,B,MID,0.3479033846701091,False
30.279394207987934,4.1359,All_of_the_Lights,0.4616084694862366,2.012309245341009,0.32695672318306035,0.0738412101266282,0.6309791708110719,2050.67,2.1995686011455113,143.5546875,False,False,False,False,False,B,MID,0.34436929560488655,False
30.371498207969125,4.66,All_of_the_Lights,0.5929985642433167,1.8813281112804199,0.48637493734192927,0.0475315939569232,0.572561798818368,1653.14,5.532081647589314,143.5546875,False,False,False,False,False,B,MID,0.34582766389492553,False
30.465826332976576,3.6034,All_of_the_Lights,0.584922194480896,1.4603813181226737,0.7135552826474166,0.07328277336480579,0.636808139344385,2095.25,4.823343443863079,143.5546875,False,False,False,False,False,B,MID,0.34696000391525633,False
30.555140874988865,13.792,All_of_the_Lights,0.6082007884979248,1.4785155259219094,0.7815852313788901,0.0473121049480321,0.5945522312992406,1792.83,2.421257071748552,112.34714673913044,False,False,False,False,False,B,MID,0.348754421987681,False
30.648040291969664,4.267,All_of_the_Lights,0.6119704842567444,1.8363020077452312,0.6341900045532551,0.10175081391681082,0.6563009633524155,2251.46,4.615398466091245,112.34714673913044,False,False,False,False,False,B,MID,0.3505724852677599,False
30.746148499951232,3.7008,All_of_the_Lights,0.5804964303970337,1.5848841975262074,0.715643441825763,0.0983954851647406,0.626006244391176,2013.4,3.8233739266400084,112.34714673913044,False,False,False,False,False,B,MID,0.351327095936301,False
30.835797791951336,4.4518,All_of_the_Lights,0.48466870188713074,1.7067064321651793,0.45522637689355877,0.0811617423860306,0.6670049058052177,2342.13,3.8739965575202313,112.34714673913044,False,False,False,False,False,B,MID,0.34860501261229004,False
30.931710166973062,4.0258,All_of_the_Lights,0.6444368958473206,1.6059243560503798,0.7107675104396006,0.05783601163473128,0.6129077586793984,1918.43,5.506758444161384,112.34714673913044,False,False,False,False,False,B,MID,0.3511747619816755,False
31.02445483295014,1.9431,All_of_the_Lights,0.49170544743537903,1.6885873906361373,0.5666907513584414,0.05173995687466308,0.6482839734793052,2185.85,4.2905599026904175,112.34714673913044,False,False,False,False,False,B,MID,0.3485947847752888,False
31.113278207951225,1.2671,All_of_the_Lights,0.5887061357498169,1.6597694201005693,0.5889699474332395,0.05774675584268678,0.5801200941455402,1699.88,6.249404902030105,112.34714673913044,False,False,False,False,False,B,MID,0.3495235677402116,False
31.205961583007593,3.1952,All_of_the_Lights,0.5679439902305603,1.5693153237889368,0.7086296090748632,0.06245646123168523,0.5932748629719108,1784.4,4.576245943708203,112.34714673913044,False,False,False,False,False,B,MID,0.34974724577459604,False
31.298418332997244,4.9417,All_of_the_Lights,0.5413774847984314,2.1981052263361,0.4140395314888054,0.05220321727613373,0.5883370979111929,1752.19,2.513046389180702,112.34714673913044,False,False,False,False,False,B,MID,0.34907141020305416,False
31.39374233299168,2.8767,All_of_the_Lights,0.5298786759376526,1.8128148358132319,0.48645701486344983,0.05614691802108832,0.6133027030920484,1921.22,4.769769905491723,112.34714673913044,True,True,False,True,False,B,MID,1.0,False
31.485351874958724,2.2247,All_of_the_Lights,0.5164685249328613,1.5364773246852614,0.5132185942219364,0.12302072261101395,0.6908536808113412,2557.52,5.119833920559483,112.34714673913044,False,True,False,False,False,B,MID,0.65,False
31.582780207972974,5.5702,All_of_the_Lights,0.4573512375354767,1.7656902044897314,0.38019459073308753,0.08021013975281216,0.7347130063741611,3006.66,2.592710831029963,112.34714673913044,False,False,False,False,False,B,MID,0.42250000000000004,False
31.673679083003663,4.3762,All_of_the_Lights,0.6008460521697998,1.397339467150311,0.6826749187873951,0.06401819707059823,0.683283763312104,2487.09,5.56746469879832,112.34714673913044,False,False,False,False,False,B,MID,0.3443495367866983,False
31.768268749990966,5.9528,All_of_the_Lights,0.6011878252029419,1.1448404311627178,0.777297117338348,0.0867124152298061,0.6605774942469835,2287.26,2.7082194006802855,112.34714673913044,False,False,False,False,False,B,MID,0.3458732595757622,False
31.86062154197134,5.9114,All_of_the_Lights,0.6093827486038208,1.4492464199479491,0.7305471873583552,0.0785348316759565,0.6453647131696051,2162.43,5.506587540486702,112.34714673913044,False,False,False,False,False,B,MID,0.34756702851116744,False
31.95022004196653,3.8425,All_of_the_Lights,0.6324344277381897,1.8541723359345943,0.7090359072454038,0.07039582762876842,0.6396461238849923,2117.3,3.4146962762369695,112.34714673913044,False,False,False,False,False,B,MID,0.34984901450665823,False
32.04258170799585,4.1117,All_of_the_Lights,0.6204978823661804,1.5458789967174609,0.7839203691093987,0.05760700799093241,0.6406899165828316,2125.46,3.4840660415296116,112.34714673913044,False,False,False,False,False,B,MID,0.35167197191044497,False
32.13563441700535,5.068,All_of_the_Lights,0.6123616099357605,1.4116232894540033,0.7885167667040489,0.06424739309837475,0.6265866568874385,2017.71,2.5819337348361695,112.34714673913044,False,False,False,False,False,B,MID,0.3531643671133832,False
32.22897266695509,3.5401,All_of_the_Lights,0.5920084118843079,1.4214008108163247,0.7823291740981322,0.05821747802281299,0.6255250770844769,2009.83,2.609352257885335,112.34714673913044,False,False,False,False,False,B,MID,0.353966842494673,False
32.32198370795231,0.9151,All_of_the_Lights,0.5739547610282898,2.176345130814155,0.4568155024235037,0.07187342996201229,0.6641664859613362,2317.74,3.86050191644828,112.34714673913044,False,False,False,False,False,B,MID,0.35416204020895425,False
32.41751491697505,2.1054,All_of_the_Lights,0.5035193562507629,1.8894797981289375,0.39355843773015564,0.0646370845840345,0.6594220026420179,2277.53,2.8464399141659062,112.34714673913044,False,False,False,False,False,B,MID,0.351892376003204,False
32.50923124997644,2.1688,All_of_the_Lights,0.5011054873466492,1.836573160242821,0.4013248525859958,0.07020810090966922,0.6776480802281432,2435.92,3.555515232291043,112.34714673913044,False,False,False,False,False,B,MID,0.3496436134280452,False
32.60143374995096,9.7664,All_of_the_Lights,0.604802668094635,1.532475466889351,0.6532367260621368,0.07303771812519057,0.6457770644540101,2165.73,4.655158729202955,112.34714673913044,False,False,False,False,False,B,MID,0.3510117231367157,False
32.691845041990746,6.0281,All_of_the_Lights,0.5150606036186218,1.4818807139780577,0.6850359764082089,0.06648215815620884,0.6311893624652203,2052.26,2.949749158760735,112.34714673913044,False,False,False,False,False,B,MID,0.34933331096785925,False
32.788293041987345,3.9718,All_of_the_Lights,0.565842866897583,1.700000463974846,0.49208919642893767,0.0419365685496122,0.590506080130286,1766.27,4.391150635582059,112.34714673913044,False,False,False,False,False,B,MID,0.3494981949561523,False
32.88189587497618,4.2202,All_of_the_Lights,0.5919840335845947,1.4784403635977112,0.7758216736955282,0.05127873454205301,0.5929466467691081,1782.24,4.177272705903208,112.34714673913044,False,False,False,False,False,B,MID,0.3504832271726742,False
32.9710910829599,5.6787,All_of_the_Lights,0.5307378768920898,2.170663918481324,0.41555727312373664,0.043498716431470866,0.5982052355189775,1817.15,3.565257496010325,112.34714673913044,False,False,False,False,False,B,MID,0.349398575061905,False
33.06815120799001,3.7017,All_of_the_Lights,0.4495948851108551,1.946508184338872,0.27352958746925726,0.027874322221243274,0.5784517687525487,1689.45,1.8499419906381904,112.34714673913044,False,False,False,False,False,B,MID,0.34511036476279283,False
33.1618996670004,5.7317,All_of_the_Lights,0.5264202952384949,1.604860273194408,0.4312656654927542,0.11655306060079078,0.6915647065602228,2564.24,6.302901743316901,112.34714673913044,True,True,False,True,False,B,MID,1.0,False
33.250112457957584,3.9325,All_of_the_Lights,0.5222658514976501,1.6465916729390127,0.5667188982139204,0.08374849034474804,0.682624983145526,2481.05,2.965383074224174,112.34714673913044,False,False,False,False,False,B,MID,0.65,False
33.34177666698815,3.9162,All_of_the_Lights,0.47597211599349976,1.7467763099872722,0.4215389416722891,0.051654521106970296,0.6955738300567706,2602.44,4.00076357242549,112.34714673913044,False,False,False,False,False,B,MID,0.42250000000000004,False
33.43635120795807,5.5845,All_of_the_Lights,0.5186494588851929,1.6815451935228365,0.48159729674324975,0.05308702806146142,0.6866696268922149,2518.35,1.9101933763878927,112.34714673913044,False,False,False,False,False,B,MID,0.32701175114750025,False
33.52734554198105,3.6338,All_of_the_Lights,0.5614604353904724,1.8353499218794584,0.49615230948324646,0.03814980183122554,0.6525183838451714,2220.26,6.452523599208592,112.34714673913044,True,True,True,False,False,B,MID,1.0,True
33.62256745796185,4.4807,All_of_the_Lights,0.5251156687736511,2.276088108554198,0.431527486969983,0.04582085496536099,0.6062147754867263,1871.64,2.509580984422987,112.34714673913044,False,False,False,False,False,B,MID,0.65,False
33.71652575000189,5.6025,All_of_the_Lights,0.47053489089012146,1.6789240949723236,0.2716291463712063,0.04910416575028431,0.677572245209792,2435.24,6.0007047362813974,112.34714673913044,False,False,False,False,False,B,MID,0.42250000000000004,False
33.81068008299917,3.7257,All_of_the_Lights,0.6067591309547424,1.435223401647639,0.758603896669139,0.05527563365548168,0.6343289244099718,2076.17,5.970518004560701,112.34714673913044,False,False,False,False,False,B,MID,0.3167264860306303,False
33.903676332964096,3.607,All_of_the_Lights,0.6087251305580139,1.2236107234424933,0.834014086503513,0.05263389284908832,0.6295455349839223,2039.86,3.8119303794363333,112.34714673913044,False,False,False,False,False,B,MID,0.31914477513340606,False
33.99716049997369,6.9545,All_of_the_Lights,0.5924639701843262,1.6986171292672059,0.6307547583632891,0.060855146632578794,0.6767038987265791,2427.45,5.513776846378659,112.34714673913044,False,False,False,False,False,B,MID,0.3205769954589115,False
34.087516416970175,4.4959,All_of_the_Lights,0.46134310960769653,1.9383591321583424,0.4098830132940361,0.05314876985582834,0.6753936778513018,2415.75,1.9730263463165276,112.34714673913044,False,False,False,False,False,B,MID,0.3103975633732257,False
34.183147624949925,4.0658,All_of_the_Lights,0.49174579977989197,1.5903447680537584,0.4569470005170718,0.048811577637048874,0.6781009212730679,2439.99,4.076114151924503,112.34714673913044,False,False,False,False,False,B,MID,0.30496490041299107,False
34.27225424995413,4.3874,All_of_the_Lights,0.5764825940132141,1.680825973035349,0.5238436781712783,0.047813198200879904,0.6404082693884832,2123.26,5.056781793043129,112.34714673913044,False,False,False,False,False,B,MID,0.30620229393682374,False
34.364362166961655,5.028,All_of_the_Lights,0.5477595925331116,1.4009728482129302,0.7699963077729125,0.05078648154679378,0.6433925663584568,2146.76,2.3727557858300665,112.34714673913044,False,False,False,False,False,B,MID,0.30558345800078485,False
34.461564791970886,3.8363,All_of_the_Lights,0.572875440120697,1.6792305639825496,0.5637142115468771,0.03990522659387957,0.6441949036403211,2153.12,5.333065525352473,112.34714673913044,False,False,False,False,False,B,MID,0.30657754745813687,False
34.554765832959674,3.5498,All_of_the_Lights,0.5900981426239014,1.468426058660935,0.7954254022887994,0.044255654713103,0.5747290207008813,1666.4,4.2689243575808264,112.34714673913044,False,False,False,False,False,B,MID,0.3085079037729641,False
34.64538858295418,15.2989,All_of_the_Lights,0.6030576825141907,2.2327825945648336,0.43027321006230285,0.043236390051721925,0.5879533033297372,1749.71,3.8590180107813565,112.34714673913044,False,False,False,False,False,B,MID,0.3110412657616775,False
34.73480824998114,3.0323,All_of_the_Lights,0.46222883462905884,2.0421931128455575,0.37459580794982306,0.02724613193417937,0.5890002802077238,1756.48,1.6387419036880773,112.34714673913044,False,False,False,False,False,B,MID,0.3015148458155112,False
34.832874916959554,6.6927,All_of_the_Lights,0.635369062423706,1.504092035366642,0.7008579545363224,0.06542649184420404,0.6287940572753556,2034.21,7.246492878068382,112.34714673913044,True,True,False,True,False,B,MID,1.0,False
34.92446708295029,4.5397,All_of_the_Lights,0.5272232294082642,1.4957998560477563,0.6568170435601791,0.08833114233460841,0.6799683736234798,2456.86,2.2183326027810146,112.34714673913044,False,False,False,False,False,B,MID,0.65,False
35.01847666699905,6.153,All_of_the_Lights,0.5239446759223938,1.8165479666971536,0.4719242088584386,0.04968975146628618,0.6622192831462235,2301.15,3.712207801959465,112.34714673913044,False,False,False,False,False,B,MID,0.42250000000000004,False
35.108894417004194,4.3364,All_of_the_Lights,0.48759007453918457,1.7480327082347686,0.48193014577922194,0.05011421986439916,0.6570935616933521,2258.05,2.4853517752471284,112.34714673913044,False,False,False,False,False,B,MID,0.2962682992610833,False
35.20431674999418,3.6241,All_of_the_Lights,0.5393978953361511,1.768201075048507,0.4302191512363833,0.03601014701047645,0.6276024936023564,2025.29,6.283701584326575,112.34714673913044,False,False,False,False,False,B,MID,0.2955717744619653,False
35.29300887498539,3.4808,All_of_the_Lights,0.5117408037185669,2.149719645349156,0.4375212269163739,0.04366077809656486,0.5862673822134141,1738.86,4.837921673419055,112.34714673913044,False,False,False,False,False,B,MID,0.29277133982720904,False
35.38836558297044,5.2229,All_of_the_Lights,0.5038402080535889,1.7179623674627469,0.4098284262126696,0.040517367730166454,0.6063243199385969,1872.4,2.9155363004065173,112.34714673913044,False,False,False,False,False,B,MID,0.2894091954506622,False
35.48242279200349,4.4124,All_of_the_Lights,0.6190097332000732,1.5237785985346726,0.7362426421331959,0.04505186894283939,0.5987687010468827,1820.93,4.740275624638714,112.34714673913044,False,False,False,False,False,B,MID,0.2937160219214461,False
35.57196008297615,3.5181,All_of_the_Lights,0.6207556128501892,1.367511798239973,0.7943086960042792,0.04577683554395583,0.6061832182017799,1871.42,2.8121556146062705,112.34714673913044,False,False,False,False,False,B,MID,0.29789451320449634,False
35.66843454196351,5.4508,All_of_the_Lights,0.5777425765991211,1.4736620426450884,0.7326070004833152,0.05406214929956498,0.6427423679190587,2141.62,5.163683943278562,112.34714673913044,True,True,True,False,False,B,MID,1.0,True
35.76169520796975,5.6884,All_of_the_Lights,0.5372658967971802,2.059947612824648,0.42081110082476686,0.04871131165599901,0.6415793544959084,2132.45,2.31207588647206,112.34714673913044,False,False,False,False,False,B,MID,0.65,False
35.853888541983906,4.6175,All_of_the_Lights,0.489177942276001,1.8668987359233786,0.48227166895372736,0.04215999462570651,0.6484533121366631,2187.21,4.17057442832575,112.34714673913044,False,False,False,False,False,B,MID,0.42250000000000004,False
35.9478833329631,5.6388,All_of_the_Lights,0.573032557964325,1.725236671998375,0.46058113137135126,0.03918422772507205,0.6327247586087882,2063.92,6.337919395837761,112.34714673913044,False,True,False,False,False,B,MID,0.2950426798121921,False
36.03787062497577,5.5594,All_of_the_Lights,0.5868823528289795,1.4834895705245565,0.8317204446265112,0.04868986630858524,0.6111357606633783,1905.93,3.0814643217598205,112.34714673913044,False,False,False,False,False,B,MID,0.2973708545854265,False
36.13134674995672,4.4207,All_of_the_Lights,0.5103175640106201,1.7238931847717363,0.4190421917526568,0.08761367934971923,0.688678686147001,2537.08,4.991345591853762,112.34714673913044,False,False,False,False,False,B,MID,0.29435772547307826,False
36.224124582950026,4.5295,All_of_the_Lights,0.6314502954483032,1.5081367994701098,0.7782925539850407,0.058691524288326566,0.6224206391260511,1986.94,6.393260304973608,112.34714673913044,False,True,False,False,False,B,MID,0.2990269191984511,False
36.319233707967214,4.0648,All_of_the_Lights,0.5756304860115051,2.0373748656498685,0.5027301528584684,0.08728979671682853,0.6646755912183382,2322.1,5.897609251080072,112.34714673913044,False,False,False,False,False,B,MID,0.3005113396853704,False
36.40901329199551,4.0006,All_of_the_Lights,0.512923538684845,2.0821952072419356,0.3763461108592449,0.07014335923477119,0.6154874812103837,1936.77,3.3547433252489856,112.34714673913044,False,False,False,False,False,B,MID,0.29756478952249815,False
36.50053991697496,4.6686,All_of_the_Lights,0.6000251173973083,1.6152002204959246,0.6246340311970905,0.06929697738422874,0.6150298229619475,1933.5,6.461845126872346,112.34714673913044,True,True,False,True,False,B,MID,1.0,False
36.597205250000115,4.7515,All_of_the_Lights,0.52161705493927,1.4563206667194402,0.6553640959895388,0.09150632396296274,0.6815197700137376,2470.96,2.7855710663854607,112.34714673913044,False,False,False,False,False,B,MID,0.65,False
36.68821695796214,16.388,All_of_the_Lights,0.4813239872455597,1.794179593520215,0.35949209430749596,0.08156428512597175,0.6755447790328124,2417.09,2.9958285081695233,112.34714673913044,False,False,False,False,False,B,MID,0.42250000000000004,False
36.78209437499754,5.1962,All_of_the_Lights,0.4943705201148987,1.7770156861618476,0.4254302709567184,0.08609817629256157,0.6740964927244326,2404.21,3.7875327777398593,112.34714673913044,False,False,False,False,False,B,MID,0.28799336727572244,False
36.87563962495187,3.5622,All_of_the_Lights,0.475188285112381,1.907387913762926,0.2490675060994518,0.048079174052407955,0.6724184327134057,2389.38,2.8396760689173144,112.34714673913044,False,False,False,False,False,B,MID,0.2817085698670369,False
36.96589562500594,2.9922,All_of_the_Lights,0.5712586045265198,2.2028038016013265,0.31981999953987955,0.07984471540062535,0.6701764690500589,2369.7,8.096040944269154,112.34714673913044,True,True,True,False,False,B,MID,1.0,True
37.05792991700582,3.8458,All_of_the_Lights,0.4564068615436554,2.0602201597137038,0.3040859901251481,0.06819952214861474,0.6341401490714862,2074.73,2.1601606029523683,112.34714673913044,False,False,False,False,False,B,MID,0.65,False
37.15317133296048,5.8493,All_of_the_Lights,0.5926949381828308,1.5237057461931953,0.60721464498747,0.06650895368054717,0.6141187625314387,1927.01,6.210505111501296,112.34714673913044,False,False,False,False,False,B,MID,0.42250000000000004,False
37.244875749980565,3.5959,All_of_the_Lights,0.60013347864151,1.4220627931259013,0.7379317595498234,0.07179448607016542,0.6361345932326843,2090.05,3.7806836825534664,112.34714673913044,False,False,False,False,False,B,MID,0.281919212645474,False
37.3396251249942,4.5499,All_of_the_Lights,0.5925959944725037,1.510522125356902,0.714233018941373,0.05709540308349893,0.6029668687833676,1849.35,4.472696601192409,112.34714673913044,False,False,False,False,False,B,MID,0.285219943841929,False
37.428553416975774,5.4199,All_of_the_Lights,0.5893911719322205,1.7234966581852167,0.6372353284800242,0.1246896790013399,0.6600626713051253,2282.92,2.1308207801159087,112.34714673913044,False,False,False,False,False,B,MID,0.28817903608769785,False
37.524276082986034,4.2647,All_of_the_Lights,0.5548762083053589,1.4340623779200352,0.6960302438800514,0.12279806741923027,0.6425386377654704,2140.01,2.8744979783179563,112.34714673913044,False,False,False,False,False,B,MID,0.2889298048603592,False
37.61824204196455,5.9261,All_of_the_Lights,0.5357871055603027,1.7288856914631923,0.43661288455199304,0.09469395012473208,0.6544632495914133,2236.25,4.855834577662022,112.34714673913044,False,False,False,False,False,B,MID,0.28834329607368747,False
37.70929662499111,4.2682,All_of_the_Lights,0.6088517308235168,1.4494522989640368,0.7960198970267466,0.052408258269404664,0.6192500284197052,1963.84,5.91530034768106,112.34714673913044,False,True,False,False,False,B,MID,0.2921872879485751,False
37.80516558297677,5.1376,All_of_the_Lights,0.48180443048477173,1.7131189854766495,0.4832957375066913,0.05938511345758375,0.657562704845997,2261.96,3.5166927423407097,112.34714673913044,False,False,False,False,False,B,MID,0.28654372304272907,False
37.897566583007574,5.5132,All_of_the_Lights,0.5916712284088135,1.510688420942182,0.6358582248719089,0.07496937239762574,0.6013592602624045,1838.42,6.787878717166579,112.34714673913044,False,False,False,False,False,B,MID,0.2895624907071935,False
37.98757391696563,4.8654,All_of_the_Lights,0.5258949995040894,1.6664433307751125,0.60707946510853,0.07089876102818024,0.6198785878635232,1968.4,5.010542939318356,112.34714673913044,False,False,False,False,False,B,MID,0.2882093836468973,False
38.08325966697885,3.7041,All_of_the_Lights,0.5276536345481873,1.9336472033779628,0.42487611548511267,0.05122591915757024,0.5901537427424968,1763.97,2.8318502669404535,112.34714673913044,False,False,False,False,False,B,MID,0.28705817691613167,False
38.1746936669806,5.6794,All_of_the_Lights,0.5259820222854614,1.6024002398886577,0.5496672335873632,0.0818197632064478,0.622147783884503,1984.94,6.253364086650045,112.34714673913044,True,True,False,True,False,B,MID,1.0,False
38.26590825000312,5.5221,All_of_the_Lights,0.5100396275520325,1.6138908623646668,0.5282816784042765,0.11481633569658313,0.6981338718637919,2627.13,2.4458352717093255,112.34714673913044,False,False,False,False,False,B,MID,0.65,False
38.36250291700708,4.3834,All_of_the_Lights,0.5112302303314209,1.7919116848550587,0.35414376330094927,0.07316465805558328,0.7290643590252647,2944.66,2.009701868126253,112.34714673913044,False,False,False,False,False,B,MID,0.42250000000000004,False
38.451625999994576,4.9402,All_of_the_Lights,0.5970960855484009,1.2060162362118916,0.8065495673870695,0.07622808053113646,0.6983912955533548,2629.63,4.978586885177699,112.34714673913044,False,False,False,False,False,B,MID,0.2847258673809236,False
38.54802641697461,3.4139,All_of_the_Lights,0.6251252889633179,1.1439264923942674,0.830714090274534,0.08679400865847495,0.6567798373836221,2255.44,2.881577374449412,112.34714673913044,False,False,False,False,False,B,MID,0.2895695466407293,False
38.637442916980945,3.855,All_of_the_Lights,0.6116243600845337,1.5280713220263518,0.6864062889434892,0.10766091367702296,0.6732679137537304,2396.88,5.273623981256635,112.34714673913044,False,False,False,False,False,B,MID,0.29349482869452037,False
38.73401570797432,14.4162,All_of_the_Lights,0.5998602509498596,1.6026345112045925,0.6880132827356881,0.10385669632954933,0.6735918770926659,2399.74,2.7756691408160674,112.34714673913044,False,False,False,False,False,B,MID,0.2966093185595721,False
38.823196916957386,5.3724,All_of_the_Lights,0.6034821271896362,1.6053424322157976,0.7172878411381305,0.07170975730515489,0.6353821185236075,2084.25,2.8670841304203325,112.34714673913044,False,False,False,False,False,B,MID,0.29975996952515627,False
38.919838208006695,4.168,All_of_the_Lights,0.6081705093383789,1.4280695989671366,0.732215114493018,0.07603508924602104,0.6339489031404363,2073.26,2.4890498493938455,112.34714673913044,False,False,False,False,False,B,MID,0.30299788588738197,False
39.01270362496143,5.9248,All_of_the_Lights,0.574056088924408,1.4895177216101476,0.7402036381343627,0.07458095640655174,0.624436621376626,2001.77,3.597777278725242,112.34714673913044,False,False,False,False,False,B,MID,0.30419113098388617,False
39.10245270800078,4.5653,All_of_the_Lights,0.5238929390907288,2.0312910016070904,0.46150946942995213,0.08130990913099875,0.6444936939348007,2155.5,3.843258809641019,112.34714673913044,False,False,False,False,False,B,MID,0.3019517311478618,False
39.1964692499605,4.2397,All_of_the_Lights,0.4558615982532501,1.274061320308079,0.5136576511440906,0.07390220766406069,0.6538059916126786,2230.83,2.2007159466434736,112.34714673913044,False,False,False,False,False,B,MID,0.29142913226640776,False
39.286817124986555,4.1883,All_of_the_Lights,0.42313092947006226,1.3115403902784304,0.4789914275926386,0.07772009903425803,0.6565573519375918,2253.59,3.7662111503756153,112.34714673913044,False,False,False,False,False,B,MID,0.2768576756530874,False
39.38417470798595,4.4604,All_of_the_Lights,0.4206666946411133,1.2894070429624167,0.4135172907889722,0.08369939624086666,0.647395190473542,2178.69,3.3539868081432083,112.34714673913044,False,False,False,False,False,B,MID,0.26301479187043303,False
39.47165929200128,3.6634,All_of_the_Lights,0.41569453477859497,1.2918126012125013,0.4039681407397314,0.05634852869085535,0.6161059989757318,1941.19,2.544288452890997,112.34714673913044,False,False,False,False,False,B,MID,0.24986405227691139,False
39.56984004197875,2.8815,All_of_the_Lights,0.3785702884197235,1.3695250472622291,0.3875783952270618,0.0428199074899235,0.5921017300369956,1776.69,2.824189183848682,112.34714673913044,False,False,False,False,False,B,MID,0.23737084966306582,False
39.66213954199338,5.0084,All_of_the_Lights,0.4884832203388214,1.5815029499745303,0.29694814012622023,0.03146099363409184,0.5682269752288902,1626.91,5.167161017118212,112.34714673913044,False,False,False,False,False,B,MID,0.2388885759535467,False
39.75363099999959,4.2924,All_of_the_Lights,0.47311916947364807,2.220922697580861,0.24549063109780714,0.09583862674057571,0.7928125492107944,3725.32,2.497516537269621,112.34714673913044,False,False,False,False,False,B,MID,0.23944488716511916,False
39.848810541967396,6.0216,All_of_the_Lights,0.35530996322631836,1.4643726388185663,0.2004476634694771,0.12262455417561449,0.8745651986377291,5036.58,2.2084468079438144,112.34714673913044,False,False,False,False,False,B,MID,0.2274726428068632,False
39.939508499985095,5.0539,All_of_the_Lights,0.4641539454460144,1.4901161554009241,0.32538900053680225,0.086128663005503,0.799411201111101,3817.11,4.161201400663983,112.34714673913044,False,False,False,False,False,B,MID,0.2289274426156489,False
40.029690750001464,4.9512,All_of_the_Lights,0.39401376247406006,1.418064643552907,0.3554738691196044,0.08665159235863841,0.6568978117047843,2256.42,2.5892853509220495,112.34714673913044,False,False,False,False,False,B,MID,0.22549895069909925,False
40.12461337499553,5.1685,All_of_the_Lights,0.3716989755630493,1.4829186889062156,0.19256969945957053,0.04418499729533314,0.6442561489828357,2153.61,3.11378336618745,112.34714673913044,False,False,False,False,False,B,MID,0.2196492915574079,False
40.219566874962766,4.3916,All_of_the_Lights,0.32098791003227234,1.4854972102552932,0.22018706633203258,0.0432213490986985,0.5923304161829228,1778.19,3.0572528341189167,112.34714673913044,False,False,False,False,False,B,MID,0.2086668269795375,False
40.31008445797488,5.5882,All_of_the_Lights,0.5489603281021118,1.8242973888925167,0.25760707393674026,0.03179117727632952,0.5424533035129866,1479.36,6.5541933349665875,112.34714673913044,True,True,True,False,False,B,MID,1.0,True
40.40348974999506,5.9876,All_of_the_Lights,0.49868741631507874,2.1098426994691737,0.3911477578126496,0.06898009903142739,0.5976362466473907,1813.34,2.500793642263093,112.34714673913044,False,False,False,False,False,B,MID,0.65,False
40.498188750003465,6.0383,All_of_the_Lights,0.43290573358535767,1.536826110047624,0.42408040582225176,0.07881350073764122,0.6365359371343682,2093.14,2.622263470346294,112.34714673913044,False,False,False,False,False,B,MID,0.42250000000000004,False
40.58993229200132,3.8059,All_of_the_Lights,0.4171449542045593,1.4577405583771303,0.3532049205169006,0.07301830561049925,0.6486658830642908,2188.93,2.1612375420761842,112.34714673913044,False,False,False,False,False,B,MID,0.27462500000000006,False
40.68034312495729,4.5008,All_of_the_Lights,0.41271886229515076,1.4240428910319518,0.2912962418165682,0.04510334722262414,0.6495208131236989,2195.84,4.912111205546246,112.34714673913044,False,False,False,False,False,B,MID,0.2217862438176251,False
40.77489329199307,14.5199,All_of_the_Lights,0.5662645101547241,2.2601513124381736,0.26949407934067576,0.049652597493000196,0.625827985266142,2012.07,6.821661501856627,143.5546875,False,False,False,False,False,B,MID,0.22833359828161776,False
40.86721399996895,4.0405,All_of_the_Lights,0.3985728621482849,1.8648822216266023,0.293154490640407,0.054735463916718866,0.6182281725325489,1956.45,2.08878404274498,143.5546875,False,False,False,False,False,B,MID,0.227504877737015,False
40.96087508299388,4.743,All_of_the_Lights,0.3793366849422455,1.4934391729262837,0.2522824394271991,0.046946897462286696,0.6444555460315753,2155.19,2.255665172485325,143.5546875,False,False,False,False,False,B,MID,0.2254313738465284,False
41.0517597500002,2.2463,All_of_the_Lights,0.4080328643321991,1.6709598021475263,0.19406183119894735,0.039929201017979844,0.6238165624519145,1997.2,2.0223738574908436,143.5546875,False,False,False,False,True,C,MID,0.2253162065681748,False
41.14639258297393,2.4106,All_of_the_Lights,0.41319432854652405,1.772869889507694,0.14481958012809515,0.022693202787173395,0.5822131080080009,1713.05,2.4347564505345094,143.5546875,False,False,False,False,False,C,LOW,0.0,False
41.240274374955334,5.897,All_of_the_Lights,0.4458658695220947,1.8704218480086054,0.18218681702905895,0.03909596635875705,0.6170951876088144,1948.29,2.837075173033867,143.5546875,False,False,False,False,False,C,LOW,0.0,False
41.3332854170003,2.1824,All_of_the_Lights,0.5146982669830322,1.9385786511937801,0.20111780997201062,0.03248256643641995,0.552693966258494,1536.31,7.685362316755962,143.5546875,False,False,False,False,False,C,LOW,0.0,False
41.42762104200665,2.4847,All_of_the_Lights,0.5586873292922974,2.2334234579704875,0.38073001439600507,0.06027101910936538,0.5654447709783212,1610.3,4.2128847941655,143.5546875,False,False,False,False,False,C,LOW,0.0,False
41.51645599998301,3.4759,All_of_the_Lights,0.5305885076522827,2.1685177301130625,0.3567147447989977,0.0654212093447722,0.6171205690659984,1948.47,2.4773684298678815,143.5546875,False,False,False,False,False,C,LOW,0.0,False
41.60970362497028,5.9958,All_of_the_Lights,0.5265093445777893,2.0877718684135016,0.32560573168711787,0.0518782842172451,0.6937404687696327,2584.9,2.84934441211293,143.5546875,False,False,False,False,False,C,LOW,0.0,False
41.70541974995285,5.165,All_of_the_Lights,0.5523203015327454,2.184018064365535,0.3637551966215716,0.04165218675390161,0.6207239861821642,1974.55,2.5866748668992816,143.5546875,False,False,False,False,False,C,LOW,0.0,False
41.79465374996653,5.1185,All_of_the_Lights,0.5439720749855042,2.293817827855489,0.27679913498787345,0.03681149758575714,0.5846374155169782,1728.44,3.7372667709536147,143.5546875,False,False,False,False,False,C,LOW,0.0,False
41.89097354200203,5.225,All_of_the_Lights,0.5418700575828552,2.2609039962304873,0.3191666987466138,0.057779009640381095,0.614657076104356,1930.85,3.3239490151674267,143.5546875,False,False,False,False,False,C,MID,0.2608818857928235,False
41.980134666955564,4.3927,All_of_the_Lights,0.5703807473182678,2.162270212863806,0.29216835011629,0.07479162824155441,0.639098330132482,2113.02,6.347633540701318,143.5546875,False,False,False,False,False,C,MID,0.2658395616169689,False
42.07276712497696,5.9787,All_of_the_Lights,0.5397465825080872,2.359338313120736,0.2943040035667063,0.05408703173852233,0.6528926923378472,2223.33,2.7316692978956416,143.5546875,False,False,False,False,False,C,MID,0.2695082563540564,False
42.1669738329947,5.891,All_of_the_Lights,0.5812815427780151,2.112316902251699,0.42801982796820887,0.08967799439589241,0.6523594348112735,2218.96,2.656689209833266,143.5546875,False,False,False,False,False,C,MID,0.27438810054256085,False
42.26373095798772,3.5403,All_of_the_Lights,0.5459467768669128,2.1722871215175683,0.36945439222459325,0.09621008964029007,0.651568122478008,2212.49,2.9218464264872956,143.5546875,False,False,False,False,False,C,MID,0.27784620807779514,False
42.351418041973375,4.2906,All_of_the_Lights,0.5396897196769714,2.1812634640304354,0.29622334678869733,0.08257289100447202,0.6539582485725834,2232.08,2.9053453344337568,143.5546875,False,False,False,False,False,C,MID,0.28091256641492457,False
42.44477691699285,4.2214,All_of_the_Lights,0.5906314849853516,2.427232811259123,0.2488597036006943,0.08193695019469367,0.666548061313885,2338.19,5.214859511915276,143.5546875,False,False,False,False,False,C,MID,0.28551900974670036,False
42.5415145419538,3.6272,All_of_the_Lights,0.5061381459236145,2.2949347252063252,0.2772059134260091,0.06838575976561655,0.6608018561398712,2289.15,2.1315327902553314,143.5546875,False,False,False,False,False,C,MID,0.2869653326853443,False
42.63129499997012,4.959,All_of_the_Lights,0.5244554281234741,1.989027516513362,0.2597068374392656,0.057813750921878654,0.7012693567610842,2657.7,4.848561993640508,143.5546875,False,False,False,False,False,C,MID,0.2890281944682047,False
42.72513066697866,2.1857,All_of_the_Lights,0.5157777070999146,2.2614399583047504,0.21243206875202947,0.054029953073296264,0.6425169242857237,2139.84,2.625112371566129,143.5546875,False,False,False,False,False,C,MID,0.290665983117835,False
42.81624179199571,10.7937,All_of_the_Lights,0.5138932466506958,2.27408612668277,0.10212763763065401,0.037331856404712524,0.5791045655398841,1693.52,1.586356115013112,143.5546875,False,False,False,False,False,C,MID,0.29215094373143413,False
42.911326083005406,2.6426,All_of_the_Lights,0.45155227184295654,2.2167488189334947,0.16326761467185752,0.03698731287898935,0.5760752048657236,1674.7,3.0693135637240503,143.5546875,False,False,False,False,False,C,MID,0.2909574790239525,False
43.00382616696879,2.3364,All_of_the_Lights,0.3371034860610962,1.0556621585492658,0.21531587023466287,0.04739518516435818,0.6313634062222413,2053.58,3.243011111106895,143.5546875,False,False,False,False,False,C,LOW,0.0,False
43.097186957951635,5.1508,All_of_the_Lights,0.5486748814582825,2.147272059991723,0.3198529860203495,0.05358487299590437,0.6051543339244989,1864.33,5.935434909894873,143.5546875,False,False,False,False,False,C,LOW,0.0,False
43.19224458298413,4.2279,All_of_the_Lights,0.31788721680641174,1.7225117367801706,0.19558075411240616,0.04916518934080031,0.630672772355692,2048.36,2.34062807319224,143.5546875,False,False,False,False,False,C,LOW,0.0,False
43.281936416984536,3.5876,All_of_the_Lights,0.28440234065055847,0.9124647353240354,0.18937251581673445,0.05193215300893851,0.6913193634468692,2561.92,5.738961930648505,143.5546875,True,True,False,True,False,C,LOW,0.0,False
43.3763848329545,4.5622,All_of_the_Lights,0.3164759576320648,0.854677024443229,0.3706299439690652,0.07484894047574242,0.690508009862985,2554.26,2.57818990006743,143.5546875,False,False,False,False,False,C,LOW,0.0,False
43.470136416959576,3.4932,All_of_the_Lights,0.2673265337944031,0.8797822432211171,0.25589492105499406,0.04942882556308996,0.7422024570243935,3090.89,2.414935455671684,143.5546875,False,True,False,False,False,C,LOW,0.0,False
43.56292920798296,2.4943,All_of_the_Lights,0.3015095889568329,0.8129168815889872,0.3079153770112666,0.09349159713612855,0.7479675955453824,3157.32,4.108180952767347,143.5546875,False,False,False,False,False,C,LOW,0.0,False
43.65578954195371,2.6232,All_of_the_Lights,0.38251811265945435,0.8375140800773738,0.2440774030519942,0.07465233258528761,0.702709958983604,2671.86,6.644332445087603,143.5546875,False,False,False,False,False,C,LOW,0.0,False
43.74925295799039,4.8747,All_of_the_Lights,0.4726477265357971,2.079135707662638,0.27487840325413515,0.04191897587585675,0.5703274448987263,1639.57,4.673865193174552,143.5546875,False,False,False,False,False,C,LOW,0.0,False
43.84240674995817,5.0779,All_of_the_Lights,0.3762659728527069,1.0858428144034633,0.43056313492380593,0.09662919345082255,0.6654490790705622,2328.73,2.1333003702771918,143.5546875,False,False,False,False,False,C,LOW,0.0,False
43.931784832966514,6.2901,All_of_the_Lights,0.3538190424442291,0.8431334135528346,0.4126850460073176,0.10196125443225189,0.6654086713227171,2328.38,1.9046098515711385,143.5546875,False,False,False,False,False,C,LOW,0.0,False
44.02302995795617,4.8056,All_of_the_Lights,0.2990923225879669,0.8119927091691934,0.3697998418002849,0.07123442770500434,0.6637114899696647,2313.85,2.5623655357247324,143.5546875,False,False,False,False,False,C,LOW,0.0,False
44.119204374961555,4.0733,All_of_the_Lights,0.5323851704597473,1.5794429375746935,0.33215123590180134,0.05263507720671123,0.626037845258035,2013.63,5.842828693636603,143.5546875,False,False,False,False,False,C,LOW,0.0,False
44.212663291953504,4.3291,All_of_the_Lights,0.5538244247436523,2.51704898407953,0.2808828513338078,0.049169903613460984,0.6081300478893296,1884.91,3.0527078178512435,143.5546875,False,False,False,False,False,C,LOW,0.0,False
44.305835207982454,3.7954,All_of_the_Lights,0.4828667938709259,1.967826858068741,0.3012930033729365,0.04265920406667584,0.6119775510584685,1911.85,2.5071702694739098,143.5546875,False,False,False,False,False,C,LOW,0.0,False
44.39673320797738,6.5137,All_of_the_Lights,0.3790847957134247,1.737619587648973,0.2062696309097266,0.031853790683330524,0.59410438784109,1789.87,2.1761026351007686,143.5546875,False,False,False,False,False,C,LOW,0.0,False
44.49053454195382,3.9809,All_of_the_Lights,0.3788641691207886,1.6721578486990374,0.12651080809536558,0.02225322424298333,0.6063194963708733,1872.36,3.821618859369258,143.5546875,False,False,False,False,False,C,LOW,0.0,False
44.58246804197552,3.3014,All_of_the_Lights,0.2507978081703186,1.2127930331069539,0.1668137523767447,0.06274119811735922,0.747083810843244,3147.05,2.4972606595160185,143.5546875,False,False,False,False,False,C,LOW,0.0,False
44.67469779198291,4.8938,All_of_the_Lights,0.11218088865280151,0.7091374091465188,0.10087550531259608,0.027325842391603024,0.6238385449037301,1997.36,2.142957782180416,143.5546875,False,False,False,False,False,C,LOW,0.0,False
44.76723066699924,3.9259,All_of_the_Lights,0.264463871717453,0.07851157810575576,0.2764400434514587,0.05902677734561485,0.6763734399444868,2424.49,14.492313434720923,143.5546875,True,True,True,True,False,C,LOW,0.0,False
44.86278574995231,17.1388,All_of_the_Lights,0.1686004251241684,0.015482002304314913,0.3150009209646598,0.06721309186514281,0.6909880742745967,2558.79,7.376757794359728,143.5546875,False,False,False,False,False,C,LOW,0.0,False
44.95303462498123,5.6417,All_of_the_Lights,0.1679799109697342,0.006956637359505761,0.18826529913792817,0.024228211746241842,0.7096745672875144,2741.39,10.459604395359158,143.5546875,False,True,False,False,False,C,LOW,0.0,False
45.05056829197565,2.8805,All_of_the_Lights,0.19369089603424072,0.022011051558750758,0.2821025593922133,0.07321415462278434,0.7194820217929653,2842.39,4.010960052493034,143.5546875,False,False,False,False,False,C,LOW,0.0,False
45.13792208296945,5.1827,All_of_the_Lights,0.1493855118751526,0.2662287630704127,0.0984435168201642,0.03394235232963027,0.70463346844794,2690.88,9.820899434128545,143.5546875,False,True,False,False,False,C,LOW,0.0,False
45.234158999985084,5.2728,All_of_the_Lights,0.14866364002227783,0.21612892322547322,0.25672375940243986,0.05544466859296589,0.6862589939130576,2514.54,4.900801204177416,143.5546875,False,False,False,False,False,C,LOW,0.0,False
45.326465582998935,4.6987,All_of_the_Lights,0.08503596484661102,0.3379968513003776,0.023373984425073092,0.002457825180652609,0.40477584768961117,890.24,2.5200915237925106,143.5546875,False,False,False,False,False,C,LOW,0.0,False
45.420696416986175,5.2526,All_of_the_Lights,0.26236820220947266,0.2683834793078889,0.2662619857692799,0.07059762180151041,0.7137861432714564,2783.29,11.885385388460971,143.5546875,True,True,True,True,False,C,LOW,0.0,False
45.510159333003685,3.5079,All_of_the_Lights,0.25829124450683594,0.012981140163976456,0.2849085967342821,0.12064814442781038,0.7301395142813606,2956.36,2.052324662675548,143.5546875,False,False,False,False,False,C,LOW,0.0,False
45.60241816699272,4.0794,All_of_the_Lights,0.24837392568588257,0.007393341039421365,0.3344504125207201,0.08366700613478313,0.7082750748896949,2727.28,2.9696595693766024,143.5546875,False,False,False,False,False,C,LOW,0.0,False
45.69500949996291,3.5579,All_of_the_Lights,0.24735938012599945,0.010243149747472377,0.3378806483054243,0.0749419558251424,0.7127995038991846,2773.18,3.2091173529911248,143.5546875,False,False,False,False,False,C,LOW,0.0,False
45.78930187498918,4.9166,All_of_the_Lights,0.47699210047721863,0.9830700025608201,0.3401634576036274,0.08042029783972397,0.6699781367477267,2367.96,18.849150739983298,143.5546875,False,True,False,False,False,C,LOW,0.0,False
45.885964999964926,5.2188,All_of_the_Lights,0.44551512598991394,2.0980156804493735,0.29334885645150166,0.08154590707934925,0.6542437875594913,2234.44,2.6860435204100805,143.5546875,False,False,False,False,False,C,LOW,0.0,False
45.97629799996503,5.1891,All_of_the_Lights,0.4602263271808624,1.7914118574788838,0.2968513357285948,0.053990005200137886,0.6663510363221349,2336.49,2.998402135928912,143.5546875,False,False,False,False,False,C,LOW,0.0,False
46.06939745799173,4.9264,All_of_the_Lights,0.4814319908618927,1.9420405357233432,0.20140082682101795,0.038204655549434675,0.6569669602187894,2256.99,1.598964442879597,143.5546875,False,False,False,False,False,C,LOW,0.0,False
46.16057429200737,4.8686,All_of_the_Lights,0.4934563636779785,2.1504713692497828,0.1156827784041949,0.02190362516150541,0.5804639348049155,1702.03,2.2677731448346767,143.5546875,False,False,False,False,False,C,LOW,0.0,False
46.25727399997413,5.2865,All_of_the_Lights,0.49627843499183655,2.2109022763228214,0.11607891390852423,0.019922632202094722,0.5725260846312108,1652.92,3.719479027284004,143.5546875,False,False,False,False,False,C,LOW,0.0,False
46.347579499997664,5.0033,All_of_the_Lights,0.5091828107833862,2.157253798050274,0.22057728485042513,0.05042269914600444,0.681305027120916,2469.0,2.9683646657090206,143.5546875,False,False,False,False,False,C,LOW,0.0,False
46.442607624980155,4.1985,All_of_the_Lights,0.5871815085411072,2.2916126295826413,0.2686515116855309,0.03590333100897034,0.5887406589776023,1754.8,6.842353757204916,143.5546875,False,False,False,False,False,C,LOW,0.0,False
46.532353916962165,4.9943,All_of_the_Lights,0.4700315296649933,1.995509974155763,0.4013207874259283,0.0373745812968802,0.5777471917457784,1685.06,2.6570288702481615,143.5546875,False,False,False,False,False,C,LOW,0.0,False
46.62640179198934,5.4232,All_of_the_Lights,0.38667482137680054,1.89438711056512,0.19335355236071564,0.08043562035662918,0.8533114990516504,4656.79,1.885532802982609,143.5546875,False,False,False,False,False,C,LOW,0.0,False
46.72164895798778,4.131,All_of_the_Lights,0.49050605297088623,1.7664987455617613,0.25803720769031974,0.05967433341279648,0.7369763719110975,3031.87,4.661447501089233,143.5546875,False,False,False,False,False,C,LOW,0.0,False
46.81163058296079,4.6021,All_of_the_Lights,0.4189336597919464,1.6496832002037982,0.34805159205028596,0.0679820814617366,0.6423634831530015,2138.63,3.1914978533914224,143.5546875,False,False,False,False,False,C,LOW,0.0,False
46.906832417007536,13.422,All_of_the_Lights,0.4176005721092224,1.6797640625124002,0.21787361704398092,0.03043779393033986,0.607083920619772,1877.65,3.11446992979746,143.5546875,False,False,False,False,False,C,LOW,0.0,False
46.99564495799132,1.373,All_of_the_Lights,0.31958237290382385,1.2847972865752313,0.32878679162012014,0.04941787318461487,0.5938812812935468,1788.39,3.5345956613734733,143.5546875,False,False,False,False,False,C,LOW,0.0,False
47.09280508296797,4.3245,All_of_the_Lights,0.5994867086410522,2.1812951606988533,0.24097922323038096,0.023910291773986708,0.4970416813204236,1251.18,7.894764649334715,143.5546875,False,False,False,False,False,C,LOW,0.0,False
47.182195624976885,4.8267,All_of_the_Lights,0.4478653371334076,1.8846068986888491,0.3806033853755146,0.05420075359957163,0.60781881491496,1882.75,3.8012203635752257,143.5546875,False,False,False,False,False,C,LOW,0.0,False
47.275721541955136,4.5679,All_of_the_Lights,0.45946359634399414,1.6452751176880922,0.413815550205147,0.065017694489179,0.6240670966094595,1999.05,2.1439094337023006,143.5546875,False,False,False,False,False,C,LOW,0.0,False
47.37114337499952,3.552,All_of_the_Lights,0.4195675551891327,1.4721014701504722,0.39865938051818345,0.056701900497478225,0.6259601332916741,2013.06,2.5310512275193098,143.5546875,False,False,False,False,False,C,LOW,0.0,False
47.46243404195411,5.3552,All_of_the_Lights,0.4593293070793152,1.4103212409378894,0.35809965700569885,0.04960925106954408,0.6205207921736337,1973.07,6.796704709642765,143.5546875,False,False,False,False,False,C,LOW,0.0,False
47.55600020795828,4.5462,All_of_the_Lights,0.5231062769889832,2.184387103711039,0.3291627353034516,0.057599970566640686,0.6288464272772288,2034.6,3.3191169064652515,143.5546875,False,False,False,False,False,C,LOW,0.0,False
47.64792958297767,3.3276,All_of_the_Lights,0.34177565574645996,1.535047554531173,0.3346776695692771,0.054586645985968116,0.6505591955739536,2204.27,2.5205707393689236,143.5546875,False,False,False,False,False,C,LOW,0.0,False
47.741891041980125,2.7235,All_of_the_Lights,0.3270086944103241,1.2371336346953066,0.2254814887927398,0.04738064799107355,0.6673131939943776,2344.8,1.9972804544822385,143.5546875,False,False,False,False,False,C,LOW,0.0,False
47.83450720796827,4.0933,All_of_the_Lights,0.33413198590278625,1.3443660847712948,0.20404770941282024,0.034618760621736355,0.6223019497300821,1986.07,1.5752412293833258,143.5546875,False,False,False,False,False,C,LOW,0.0,False
47.92966216697823,4.6647,All_of_the_Lights,0.337714821100235,1.3864829672014363,0.1406151823919896,0.030030845070988126,0.6316425048067654,2055.7,2.4844973728551114,143.5546875,False,False,False,False,False,C,LOW,0.0,False
48.019516374974046,2.0236,All_of_the_Lights,0.3521260917186737,1.4411286180173537,0.2030937898162708,0.05629560481021385,0.6923785927358619,2571.95,3.756787852728462,143.5546875,False,False,False,False,False,C,LOW,0.0,False
48.11358129198197,2.4127,All_of_the_Lights,0.4828736186027527,1.609409148475285,0.23275784992577706,0.06314524952525839,0.698173587400964,2627.52,8.340628762632944,143.5546875,True,True,True,True,False,C,LOW,0.0,False
48.2067369580036,4.4213,All_of_the_Lights,0.46799761056900024,2.0830710948865465,0.26845677224213144,0.08656952570765787,0.7367033553253735,3028.82,3.259253158997827,143.5546875,False,False,False,False,False,C,LOW,0.0,False
48.296107749978546,4.8752,All_of_the_Lights,0.42721912264823914,1.792092809016199,0.1992443859123221,0.02913938161454189,0.5911345252642504,1770.37,1.9427760332615822,143.5546875,False,True,False,False,False,C,LOW,0.0,False
48.39351354195969,5.256,All_of_the_Lights,0.4598017632961273,1.7249242180686688,0.28406745621030627,0.06761571097887843,0.7294904668192475,2949.29,5.37617669176643,143.5546875,False,False,False,False,False,C,LOW,0.0,False
48.484271458000876,5.2605,All_of_the_Lights,0.4745292663574219,1.7069651428166392,0.4236014859869554,0.05914498803312177,0.6217285014575069,1981.88,2.0395310406337854,143.5546875,False,False,False,False,False,C,MID,0.3002773146297221,False
48.57754245796241,4.78,All_of_the_Lights,0.4580119550228119,1.7943064565168225,0.31785846535797413,0.04381871848932805,0.6256767614927075,2010.95,3.181870012108995,143.5546875,False,False,False,False,False,C,MID,0.3024125943952122,False
48.668057332979515,4.401,All_of_the_Lights,0.45033788681030273,1.889958399158408,0.26012876211121283,0.04961571250807073,0.7226526736858581,2875.83,2.338543740844944,143.5546875,False,False,False,False,False,C,MID,0.3042798152073505,False
48.765800833003595,5.4389,All_of_the_Lights,0.5689431428909302,2.154025039328834,0.21401163093669182,0.06558459261379779,0.7895314554317721,3680.5,6.9054902696175775,143.5546875,False,False,False,False,False,C,MID,0.3083696340465162,False
48.85733779199654,5.1926,All_of_the_Lights,0.5504176616668701,2.267964035812435,0.3683817015626588,0.0775520176923879,0.6598610053461287,2281.22,3.3468347824151397,143.5546875,False,False,False,False,False,C,MID,0.31206031188130207,False
48.947634874959476,15.6952,All_of_the_Lights,0.5420697331428528,1.990781491655198,0.3987211275965514,0.09602717222255686,0.6622566913173593,2301.47,2.6677879956860475,143.5546875,False,False,False,False,False,C,MID,0.3154098789798455,False
49.041215874953195,6.1675,All_of_the_Lights,0.5550022721290588,2.137397054951945,0.3691003262972796,0.08720459065380896,0.6342999055341052,2075.95,1.934881160371431,143.5546875,False,False,False,False,False,C,MID,0.31883388396150036,False
49.131893041951116,4.9805,All_of_the_Lights,0.0,1.3518934524132835,0.2105400372108992,0.05430459072162353,0.5277864286816403,1401.44,3.3394502101812007,143.5546875,False,False,False,False,False,C,LOW,0.0,False
49.22541120799724,4.7642,All_of_the_Lights,0.0,0.0,0.0,0.0,0.0,200.0,0.0,143.5546875,False,False,False,False,False,C,LOW,0.0,False
49.320506207994185,3.7506,All_of_the_Lights,0.0,0.0,0.0,0.0,0.0,200.0,0.0,143.5546875,False,False,False,False,False,C,LOW,0.0,False
49.40996895800345,4.9045,All_of_the_Lights,0.0,0.0,0.0,0.0,0.0,200.0,0.0,143.5546875,False,False,False,False,False,C,LOW,0.0,False
49.503505582979415,4.7516,All_of_the_Lights,0.0,0.0,0.0,0.0,0.0,200.0,0.0,143.5546875,False,False,False,False,False,C,LOW,0.0,False
49.59660937497392,4.664,All_of_the_Lights,0.0,0.0,0.0,0.0,0.0,200.0,0.0,143.5546875,False,False,False,False,False,C,LOW,0.0,False
49.6909336670069,3.3545,All_of_the_Lights,0.0,0.0,0.0,0.0,0.0,200.0,0.0,143.5546875,False,False,False,False,False,C,LOW,0.0,False
49.781573624990415,3.7768,All_of_the_Lights,0.0,0.0,0.0,0.0,0.0,200.0,0.0,143.5546875,False,False,False,False,False,C,LOW,0.0,False
49.876855582988355,5.2368,All_of_the_Lights,0.0,0.0,0.0,0.0,0.0,200.0,0.0,143.5546875,False,False,False,False,False,C,LOW,0.0,False
49.97283470799448,4.9796,All_of_the_Lights,0.0,0.0,0.0,0.0,0.0,200.0,0.0,143.5546875,False,False,False,False,False,C,LOW,0.0,False
50.06445354199968,5.8312,All_of_the_Lights,0.0,0.0,0.0,0.0,0.0,200.0,0.0,143.5546875,False,False,False,False,False,C,LOW,0.0,False
50.15567545796512,5.2584,All_of_the_Lights,0.0,0.0,0.0,0.0,0.0,200.0,0.0,143.5546875,False,False,False,False,False,C,LOW,0.0,False
50.2502834170009,4.3712,All_of_the_Lights,0.0,0.0,0.0,0.0,0.0,200.0,0.0,143.5546875,False,False,False,False,False,C,LOW,0.0,False
50.34045629197499,1.8562,All_of_the_Lights,0.0,0.0,0.0,0.0,0.0,200.0,0.0,143.5546875,False,False,False,False,False,C,LOW,0.0,False
50.43512179196114,1.8342,All_of_the_Lights,0.0,0.0,0.0,0.0,0.0,200.0,0.0,143.5546875,False,False,False,False,False,C,LOW,0.0,False
