timestamp,processing_time_ms,track_id,rms,rms_bass,rms_mid,rms_high,spectral_centroid,spectral_centroid_hz,onset_strength,bpm,is_beat,is_raw_beat,is_beat_bass,is_beat_high,is_section_boundary,current_section,energy_state,dimmer,strobe_bass
54.708330041961744,2.4178,Dead_Flowers,0.39614614844322205,0.7639846379993154,0.07966679602421312,0.01940595433231349,0.6751037073357569,2413.16,32.14446853626954,120.0,False,False,False,False,False,A,LOW,0.0,False
54.80111645796569,0.9632,Dead_Flowers,0.45917820930480957,2.389875848527924,0.12590027376666613,0.050683084459631565,0.722973626257091,2879.24,2.8770015742748023,120.0,False,False,False,False,False,A,LOW,0.0,False
54.889561916992534,1.1969,Dead_Flowers,0.27367016673088074,1.0883776014238453,0.1890749456829404,0.059370878365141495,0.7415241425208868,3083.16,4.4794504299987254,120.0,False,False,False,False,False,A,LOW,0.0,False
54.98582895798609,1.2099,Dead_Flowers,0.14174270629882812,0.7995086448328509,0.14483315600217816,0.034241576886325543,0.7388956320034485,3053.41,2.44241137602283,120.0,False,False,False,False,False,A,LOW,0.0,False
55.08049804199254,4.2564,Dead_Flowers,0.4660605788230896,1.2058082604682336,0.10797270892479752,0.08223858069864606,0.8752203201335906,5048.77,6.67029324368689,120.0,False,False,False,False,False,A,LOW,0.0,False
55.16930641699582,3.4699,Dead_Flowers,0.41937097907066345,2.3013045902978773,0.1323488821086851,0.053079472962169874,0.7187520571502123,2834.74,2.8927421366747725,120.0,False,False,False,False,False,A,LOW,0.0,False
55.26121229195269,3.3551,Dead_Flowers,0.218781977891922,0.8564926495640411,0.17589709232379744,0.06331528208600017,0.7203816555424011,2851.84,2.238278184241935,120.0,False,False,False,False,False,A,LOW,0.0,False
55.35505554196425,4.5549,Dead_Flowers,0.1897536814212799,0.5905784881785918,0.1504086808153354,0.07437845373519206,0.7350127388206963,3009.99,2.9376740766843827,120.0,False,False,False,False,False,A,LOW,0.0,False
55.44993137498386,3.7568,Dead_Flowers,0.327068030834198,1.0096590868935216,0.25503281074315215,0.0652361480864485,0.7348189121289548,3007.83,9.553676678950435,120.0,False,False,False,False,False,A,LOW,0.0,False
55.545647332968656,3.7587,Dead_Flowers,0.2193789929151535,0.6806338479516032,0.23640503789949552,0.07907995626871146,0.7839520747618742,3605.52,2.2059117039907363,120.0,False,False,False,False,False,A,LOW,0.0,False
55.63665050000418,4.5847,Dead_Flowers,0.2204175442457199,0.4806857472243725,0.1585192240604342,0.12120472274977197,0.7355322218328638,3015.76,2.3882628787316986,120.0,False,False,False,False,False,A,LOW,0.0,False
55.731741124996915,4.2343,Dead_Flowers,0.12009322643280029,0.21665412487071428,0.16257115361342683,0.06447685298178014,0.7178481992163711,2825.31,2.584635238440798,120.0,False,False,False,False,False,A,LOW,0.0,False
55.82081099995412,4.1495,Dead_Flowers,0.16924627125263214,0.2170104495736308,0.1511204859546463,0.06283826454023911,0.8278732030381027,4239.67,3.6228218661082443,120.0,False,False,False,False,False,A,LOW,0.0,False
55.91497166699264,3.7595,Dead_Flowers,0.18875938653945923,0.19603034518854165,0.24583296742558186,0.04941098407370471,0.7631573609784311,3339.29,2.2427555702503925,120.0,False,False,False,False,False,A,LOW,0.0,False
56.006720957986545,3.1353,Dead_Flowers,0.22974316775798798,0.5622931103931645,0.2492519815372378,0.0740259156836336,0.78663171575696,3641.34,6.048303231972477,120.0,False,False,False,False,False,A,LOW,0.0,False
56.101976667006966,3.1881,Dead_Flowers,0.17248974740505219,0.3767404625896554,0.1361416041882171,0.056521226639904686,0.8095310648304722,3962.3,2.7547763759670194,120.0,False,False,False,False,False,A,LOW,0.0,False
56.19526541698724,2.9177,Dead_Flowers,0.52346271276474,1.830303505310414,0.2152000486875352,0.04753204200630683,0.6964676719111239,2611.04,8.218028616319438,120.0,False,False,False,False,False,A,LOW,0.0,False
56.28567833296256,5.0685,Dead_Flowers,0.2773128151893616,1.534115839162682,0.2243177900904176,0.05151296002064155,0.6333150855822615,2068.42,2.717203696527009,120.0,False,False,False,False,False,A,LOW,0.0,False
56.38001787499525,4.368,Dead_Flowers,0.2366625964641571,0.7867262784463683,0.2868043875831518,0.0495302583550674,0.7034250577978066,2678.92,7.400166320122174,120.0,False,False,False,False,False,A,LOW,0.0,False
56.47259487496922,3.7377,Dead_Flowers,0.22553178668022156,0.2881725663320259,0.277552930486433,0.04133395645009861,0.7179051844146853,2825.9,3.199649165363256,120.0,False,False,False,False,False,A,LOW,0.0,False
56.566783707996365,3.5025,Dead_Flowers,0.23606252670288086,0.5662421160060811,0.2750856439564128,0.06691357692587174,0.8052993650987836,3900.93,4.845034372641396,120.0,False,False,False,False,False,A,LOW,0.0,False
56.65550087497104,7.95,Dead_Flowers,0.3255228102207184,0.5997589134547546,0.2598500101498078,0.034676612030369106,0.6549275886128724,2240.08,4.768273297015908,143.5546875,False,False,False,False,False,A,LOW,0.0,False
56.75051204196643,4.9095,Dead_Flowers,0.47297465801239014,2.0997615963268417,0.22471163266348504,0.026687997749046684,0.5558136544583075,1554.09,4.423405142729063,143.5546875,False,False,False,False,False,A,LOW,0.0,False
56.841214291984215,4.1405,Dead_Flowers,0.328095018863678,1.19120120692611,0.2512385819324618,0.03380060870773968,0.6428979384233408,2142.85,9.522588374058486,143.5546875,False,False,False,False,False,A,LOW,0.0,False
56.935991624952294,3.6858,Dead_Flowers,0.3119516372680664,1.1252773917054504,0.382291667663373,0.06201925738469524,0.7419919561983502,3088.49,2.5095988342923476,143.5546875,False,False,False,False,False,A,LOW,0.0,False
57.02755262498977,2.0547,Dead_Flowers,0.2310207486152649,0.5750484513870574,0.2787679089583819,0.04368120423191568,0.7231471334862345,2881.08,4.405499662593805,143.5546875,False,False,False,False,False,A,LOW,0.0,False
57.12111199996434,3.6518,Dead_Flowers,0.20887959003448486,0.621357414787814,0.25901208887319876,0.03393786036712793,0.6428538109509622,2142.5,2.8892274413544925,143.5546875,False,False,False,False,False,A,LOW,0.0,False
57.21704229200259,4.8978,Dead_Flowers,0.20746377110481262,0.48969626813644396,0.2238390871915179,0.04596022872181391,0.7305307396667057,2960.63,4.208817592399698,143.5546875,False,False,False,False,False,A,LOW,0.0,False
57.30760870798258,3.7434,Dead_Flowers,0.21832284331321716,0.5430388802366598,0.2561890259315825,0.05084742176167422,0.7561285925131226,3253.82,2.601648094586258,143.5546875,False,False,False,False,False,A,LOW,0.0,False
57.402334332989994,5.2344,Dead_Flowers,0.4588417410850525,1.243905906596755,0.24778968374099722,0.024959549867817215,0.6027351347956482,1847.77,4.342453122792946,143.5546875,False,False,False,False,False,A,LOW,0.0,False
57.49345029197866,4.996,Dead_Flowers,0.375117689371109,2.1041274854752317,0.1975446205835482,0.023088807472373723,0.54640983650161,1501.11,2.5401696400602622,143.5546875,False,False,False,False,False,A,LOW,0.0,False
57.589355500007514,5.2538,Dead_Flowers,0.44055837392807007,1.259538720952065,0.21093859797959452,0.03008470057479888,0.6460714194258095,2168.08,7.620829650910814,143.5546875,False,False,False,False,False,A,LOW,0.0,False
57.679501249978784,3.9789,Dead_Flowers,0.4064425826072693,2.200363239038742,0.17534537730248698,0.02945993356844938,0.5894309060899307,1759.27,3.7131506498307485,143.5546875,False,False,False,False,False,A,LOW,0.0,False
57.76953074999619,4.8233,Dead_Flowers,0.2657274901866913,1.0412392020513275,0.21545931584341216,0.043957911225003254,0.6532177640084994,2225.99,4.829738862005249,143.5546875,False,False,False,False,False,A,MID,0.26394746908415956,False
57.862914707977325,3.2437,Dead_Flowers,0.18144787847995758,0.7147625905021588,0.14317193227511682,0.049467013250412334,0.723045166719565,2879.99,1.9594604133040996,143.5546875,False,False,False,False,False,A,MID,0.2623674792418901,False
57.95913254196057,4.5328,Dead_Flowers,0.509863555431366,1.6014405268109795,0.1689151620984845,0.0532998868684761,0.6759998893570178,2421.15,6.654855212531777,143.5546875,False,False,False,False,False,A,MID,0.267829880051906,False
58.05278583295876,3.1909,Dead_Flowers,0.27811741828918457,1.908936495137876,0.11472841609715383,0.028057069088561818,0.591245788171868,1771.09,2.7086618021070716,143.5546875,False,False,False,False,False,A,MID,0.26854477118346304,False
58.14262954198057,3.8388,Dead_Flowers,0.5467274188995361,1.9192436332840384,0.12419164034572171,0.021634073993468717,0.5965933318164683,1806.38,5.323800077205947,143.5546875,False,False,False,False,False,A,MID,0.27429733911340387,False
58.23813216696726,4.6435,Dead_Flowers,0.22827166318893433,1.78364553159248,0.07682121363800111,0.034368484843478486,0.7477568063907813,3154.87,3.2322671263893046,143.5546875,False,False,False,False,False,A,MID,0.27347762699651473,False
58.32921966694994,3.8007,Dead_Flowers,0.41039878129959106,1.2208605032264923,0.3315265854409735,0.05456475782229671,0.7273643000817519,2926.25,7.848465109364876,143.5546875,False,False,False,False,False,A,MID,0.27663916198825944,False
58.42118487495463,4.8357,Dead_Flowers,0.31073954701423645,0.8893925520197186,0.39682807511915674,0.0587578714319028,0.7425144805882562,3094.44,1.9467746085042852,143.5546875,False,False,False,False,False,A,MID,0.27764298566000994,False
58.51559345796704,2.5923,Dead_Flowers,0.22068370878696442,0.9164070915560033,0.2092220698696272,0.02461319936986804,0.6635292828996595,2312.3,1.9962032615108538,143.5546875,False,False,False,False,False,A,MID,0.2764593546456656,False
58.61031124996953,4.5777,Dead_Flowers,0.21152079105377197,0.792978251022241,0.18837979636743868,0.020940559634886797,0.6746419506906579,2409.06,2.621616639833396,143.5546875,False,False,False,False,False,A,MID,0.2750924726272487,False
58.698611499974504,10.3965,Dead_Flowers,0.19070151448249817,0.6347498087905852,0.1325273945635774,0.02117199624094448,0.7169305988401027,2815.76,2.7565886006070173,127.95091711956522,False,False,False,False,False,A,MID,0.2732208882991715,False
58.79570649995003,6.6887,Dead_Flowers,0.18460233509540558,0.842404699186263,0.0947386494911104,0.01236847477450187,0.62080205957656,1975.11,2.4116061403305133,127.95091711956522,False,False,False,False,False,A,LOW,0.0,False
58.88638366700616,4.086,Dead_Flowers,0.22407300770282745,0.756640411574517,0.16171616877779713,0.03450967943512687,0.6972964712798011,2619.03,4.344499946178722,127.95091711956522,False,False,False,False,False,A,LOW,0.0,False
58.9765978329815,3.8907,Dead_Flowers,0.24617381393909454,0.7248825985776158,0.19843910381805702,0.03111005207186384,0.6460476322139379,2167.89,2.4940462365145866,127.95091711956522,False,False,False,False,False,A,LOW,0.0,False
59.074636542005464,3.728,Dead_Flowers,0.28261426091194153,1.1366805824522226,0.24119381777206378,0.01932317302533356,0.5638199512483694,1600.68,4.852601519284584,127.95091711956522,False,False,False,False,False,A,LOW,0.0,False
59.166225374967325,4.3757,Dead_Flowers,0.16425324976444244,0.7181569120530854,0.20048455394881523,0.01761500474854227,0.6484987651434532,2187.58,2.7243587376333687,127.95091711956522,False,False,False,False,False,A,LOW,0.0,False
59.2560598749551,4.8183,Dead_Flowers,0.13874484598636627,0.4227993640204792,0.15755668666936234,0.016953352227498695,0.6750691169470053,2412.85,3.200571538500189,127.95091711956522,False,False,False,False,False,A,LOW,0.0,False
59.35185683297459,4.7916,Dead_Flowers,0.1287013441324234,0.3934618152984652,0.13333667898807106,0.008999745669135537,0.5857042859157048,1735.26,2.8929390491083278,127.95091711956522,False,False,False,False,False,A,LOW,0.0,False
59.44219479197636,2.5037,Dead_Flowers,0.11812204867601395,0.4838982248019226,0.10593098348762985,0.011005330133026618,0.5589871121223083,1572.39,2.267283395937715,127.95091711956522,False,False,False,False,False,A,LOW,0.0,False
59.5365538749611,2.0352,Dead_Flowers,0.22201068699359894,0.5705144743087864,0.13115052661856264,0.00932766799851365,0.5538866387362805,1543.08,6.961815254281742,127.95091711956522,False,False,False,False,False,A,LOW,0.0,False
59.631510374951176,3.3476,Dead_Flowers,0.19895686209201813,1.020537019409466,0.14403129519788366,0.009289428215319,0.4757803994842251,1156.8,2.6108181803103183,127.95091711956522,False,False,False,False,False,A,LOW,0.0,False
59.723431666963734,3.0275,Dead_Flowers,0.16847369074821472,0.4999444007157917,0.12809964134674826,0.03562425510954837,0.7829692526498689,3592.47,3.951190313668443,127.95091711956522,True,True,False,True,False,A,LOW,0.0,False
59.81283795798663,1.1275,Dead_Flowers,0.19895263016223907,0.476056542270137,0.24341519885421783,0.02250661435696513,0.6440668892283292,2152.11,3.647088315576509,127.95091711956522,False,False,False,False,False,A,LOW,0.0,False
59.90511708299164,0.7774,Dead_Flowers,0.16846364736557007,0.45752167213591205,0.22465069257071618,0.014034846524171115,0.5974313461460163,1811.97,3.455366289054373,127.95091711956522,False,False,False,False,False,A,LOW,0.0,False
59.99810345796868,0.9164,Dead_Flowers,0.16668502986431122,0.36018185773701156,0.21214325073086363,0.0204462981142628,0.6399012729989566,2119.29,3.1422475134324293,127.95091711956522,False,False,False,False,False,A,LOW,0.0,False
60.097114917007275,1.8878,Dead_Flowers,0.25687524676322937,0.7043876054829067,0.2270527413072263,0.014346615468489622,0.5441146267908176,1488.45,4.4374332684861235,127.95091711956522,False,False,False,False,False,A,LOW,0.0,False
60.18500620796112,2.1232,Dead_Flowers,0.17218531668186188,0.8705331309701257,0.18558227454921122,0.011798318775100349,0.5870338610829632,1743.79,3.0540338321916067,127.95091711956522,False,False,False,False,False,A,LOW,0.0,False
60.27716508298181,2.9241,Dead_Flowers,0.14201150834560394,0.5071918066701219,0.1145246651477985,0.02637470631335579,0.7497376862526627,3178.01,3.2616326549952794,127.95091711956522,False,False,False,False,False,A,LOW,0.0,False
60.37450287496904,4.4121,Dead_Flowers,0.20093092322349548,0.4277967296507095,0.19972703521047652,0.021583069409412705,0.672357183942189,2388.84,4.64073550098986,127.95091711956522,False,False,False,False,False,A,LOW,0.0,False
60.46284937497694,3.1508,Dead_Flowers,0.19339211285114288,0.4982182133408144,0.2566380246598186,0.02144360269934797,0.6333020394202141,2068.32,2.4637137241802316,127.95091711956522,False,False,False,False,False,A,LOW,0.0,False
60.56154358299682,5.0402,Dead_Flowers,0.19986242055892944,0.5006367610842146,0.22365676284004601,0.021389061265832687,0.643581482420466,2148.26,3.216092893933239,127.95091711956522,False,False,False,False,False,A,LOW,0.0,False
60.651614249974955,4.5274,Dead_Flowers,0.19224536418914795,0.538797967932998,0.24691716557451424,0.019963060570828545,0.6374206607919333,2099.98,2.295351404586327,127.95091711956522,False,False,False,False,False,A,LOW,0.0,False
60.74661308299983,10.9931,Dead_Flowers,0.16507063806056976,0.4362764196009154,0.22559636934048055,0.014963066452946096,0.6057957004144353,1868.75,3.195552615836011,112.34714673913044,False,False,False,False,False,A,LOW,0.0,False
60.83736579195829,5.6573,Dead_Flowers,0.1767084300518036,0.47523186772173204,0.1544233330155808,0.014516979673858439,0.6061683188478036,1871.32,4.125476969053952,112.34714673913044,False,False,False,False,False,A,LOW,0.0,False
60.932183791999705,4.4135,Dead_Flowers,0.20240676403045654,0.47575539981143644,0.26916920481412165,0.010170824623516301,0.5481806713635293,1510.94,2.552589487433295,112.34714673913044,False,False,False,False,False,A,LOW,0.0,False
61.021451041975524,1.0692,Dead_Flowers,0.17813383042812347,0.46853113410588265,0.23333617570674803,0.007090534276784952,0.514013431271807,1332.02,2.6243587623413553,112.34714673913044,False,False,False,False,False,A,LOW,0.0,False
61.11727358296048,2.1858,Dead_Flowers,0.18705371022224426,0.3942492477681996,0.2437081469815858,0.006411416078732315,0.5062661344745195,1294.49,2.6514400781123424,112.34714673913044,False,False,False,False,False,A,LOW,0.0,False
61.20848237496102,4.0365,Dead_Flowers,0.1442648321390152,0.3643698963366712,0.2107921960176037,0.018590027457589458,0.6389063726059303,2111.53,3.244164839882285,112.34714673913044,True,True,False,True,False,A,LOW,0.0,False
61.3000109999557,4.8776,Dead_Flowers,0.12214045971632004,0.39577569456095685,0.12967405320952657,0.005695846228483677,0.4947080913563316,1240.46,1.9820047741192957,112.34714673913044,False,False,False,False,False,A,LOW,0.0,False
61.394189332961105,4.2172,Dead_Flowers,0.1308290958404541,0.4379131512103437,0.1234791229697811,0.002993569242749612,0.40029831719666037,875.65,2.394018254389036,112.34714673913044,False,False,False,False,False,A,LOW,0.0,False
61.488020582997706,3.4685,Dead_Flowers,0.12522365152835846,0.41499286408557046,0.1314265669827092,0.004685501904642993,0.4613794035900765,1096.95,3.556198963051223,112.34714673913044,False,False,False,False,False,A,LOW,0.0,False
61.58083837496815,4.2275,Dead_Flowers,0.10820315778255463,0.39469165823606517,0.1079793735444966,0.014095038215588145,0.6590017292758515,2274.0,2.749577149225298,112.34714673913044,False,False,False,False,False,A,LOW,0.0,False
61.67011308297515,2.6503,Dead_Flowers,0.11506056785583496,0.4228602433237178,0.09658969415648891,0.005879869505430881,0.5202746025377085,1363.14,2.4124295394573196,112.34714673913044,False,False,False,False,False,A,LOW,0.0,False
61.76637274998939,2.7552,Dead_Flowers,0.10361474752426147,0.41822638705376347,0.07885888195269182,0.002728922520266606,0.39725739569206703,865.88,2.381239637531098,112.34714673913044,False,False,False,False,False,A,LOW,0.0,False
61.86015770799713,4.1574,Dead_Flowers,0.22934746742248535,0.6080098375971649,0.09847054846906583,0.009001207931066554,0.49550202143074207,1244.1,7.163725287357725,112.34714673913044,False,True,False,False,False,A,LOW,0.0,False
61.953897541970946,3.7172,Dead_Flowers,0.23276406526565552,1.1493197592378779,0.14126402804787108,0.014208868921779924,0.514519039625527,1334.51,2.8250442814928207,112.34714673913044,False,False,False,False,False,A,LOW,0.0,False
62.04718879197026,3.8795,Dead_Flowers,0.1467970609664917,0.6207442478009993,0.11070368208988896,0.0082218694334316,0.4497739580078599,1050.98,2.367256071631561,112.34714673913044,False,False,False,False,False,A,LOW,0.0,False
62.13517312495969,4.3641,Dead_Flowers,0.13047665357589722,0.5515043763299164,0.10309393953949163,0.0071106886631885375,0.4447253666239322,1031.59,2.0088255334919194,112.34714673913044,False,False,False,False,False,A,LOW,0.0,False
62.23215745796915,3.5062,Dead_Flowers,0.13487514853477478,0.5362469058787868,0.10416408151073304,0.009031635260436387,0.4968403964554055,1250.25,2.6207329329912703,112.34714673913044,False,False,False,False,False,A,LOW,0.0,False
62.32307012495585,3.6335,Dead_Flowers,0.11988838762044907,0.47659308214554214,0.08787326468193066,0.010111154562648944,0.538369576407248,1457.24,2.0185967097055477,112.34714673913044,False,False,False,False,False,A,LOW,0.0,False
62.418214624980465,4.5887,Dead_Flowers,0.22083859145641327,0.7987525141690314,0.13045497949722276,0.004737773273319025,0.35556466136947495,742.45,5.58098417964057,112.34714673913044,False,False,False,False,False,A,LOW,0.0,False
62.5061797919916,2.8266,Dead_Flowers,0.17040275037288666,0.8282015341895063,0.08854663676692658,0.003912712578239583,0.3129589771441424,634.47,2.596745572017218,112.34714673913044,False,False,False,False,False,A,LOW,0.0,False
62.60065779200522,4.624,Dead_Flowers,0.17811539769172668,0.46673570933960506,0.17403610596491775,0.02877670241116766,0.6293266263321862,2038.21,4.147061216941566,112.34714673913044,True,True,False,True,False,A,LOW,0.0,False
62.6984109999612,5.0488,Dead_Flowers,0.1881360560655594,0.5159513944973916,0.20099289781176916,0.025469001338233873,0.6578647773845027,2264.48,3.5128866536547774,112.34714673913044,False,False,False,False,False,A,LOW,0.0,False
62.78859787498368,11.8675,Dead_Flowers,0.20608583092689514,0.5238848063801742,0.25636722809219165,0.017338045797323464,0.596966063776752,1808.86,3.1817881837584725,112.34714673913044,False,False,False,False,False,A,LOW,0.0,False
62.87880787497852,6.5074,Dead_Flowers,0.17556771636009216,0.47296714598296147,0.2171412544100756,0.013667255800732862,0.5995284468762495,1826.04,3.4957341655517546,112.34714673913044,False,False,False,False,False,A,LOW,0.0,False
62.97299933299655,2.5296,Dead_Flowers,0.27172672748565674,0.9320976908116944,0.24645654923243718,0.009271371618392478,0.49387167114802144,1236.64,3.6006456766879182,112.34714673913044,False,False,False,False,False,A,LOW,0.0,False
63.068476041953545,3.9577,Dead_Flowers,0.1461583524942398,0.5516718198190659,0.1866639480093244,0.009149261285883722,0.5516845687822608,1530.6,2.4326143369177826,112.34714673913044,False,False,False,False,False,A,LOW,0.0,False
63.15823016699869,4.4689,Dead_Flowers,0.1831105351448059,0.3761059757148434,0.21400003524164707,0.012209753882825487,0.6602559282875227,2284.54,2.9560295325432557,112.34714673913044,False,False,False,False,False,A,LOW,0.0,False
63.255152917001396,3.7614,Dead_Flowers,0.18608000874519348,0.40402323967918685,0.24275790331698482,0.023677084934653432,0.761777912397502,3322.34,2.416490551069373,112.34714673913044,False,False,False,False,False,A,LOW,0.0,False
63.34749474999262,4.9024,Dead_Flowers,0.1855679601430893,0.4359900710907624,0.22475256240101238,0.030181994134547353,0.7826468488661052,3588.2,3.380202727433682,112.34714673913044,False,False,False,False,False,A,LOW,0.0,False
63.43730816699099,3.5506,Dead_Flowers,0.16941997408866882,0.33511909833600506,0.22077887585749026,0.026424753416243257,0.7796901951651506,3549.28,2.0618247420071185,112.34714673913044,False,False,False,False,False,A,LOW,0.0,False
63.53078574995743,2.366,Dead_Flowers,0.14055132865905762,0.3158347476810944,0.22500383228352397,0.021734321777518436,0.753845832690257,3226.53,2.7323894970847196,112.34714673913044,False,False,False,False,False,A,LOW,0.0,False
63.6222930829972,2.1628,Dead_Flowers,0.11611086130142212,0.36769075336738355,0.10977966817238739,0.009301293595767092,0.6849846817070737,2502.74,2.421059259702878,112.34714673913044,False,False,False,False,False,A,LOW,0.0,False
63.714671041991096,2.0695,Dead_Flowers,0.17060887813568115,0.43133237251570117,0.17810703780198403,0.016809619681954335,0.6661523754893757,2334.78,4.127707838804819,112.34714673913044,False,False,False,False,False,A,LOW,0.0,False
63.81078449997585,2.2413,Dead_Flowers,0.16182580590248108,0.504699899969931,0.18319310219166116,0.01361706495139832,0.6026357932398348,1847.09,2.592719888574546,112.34714673913044,False,False,False,False,False,A,LOW,0.0,False
63.9018119579996,3.3873,Dead_Flowers,0.15447907149791718,0.4594978990261205,0.18158157846782436,0.01358460982966703,0.6037648627985044,1854.8,2.5937721507944147,112.34714673913044,False,False,False,False,False,A,LOW,0.0,False
63.994525541958865,3.9521,Dead_Flowers,0.17083632946014404,0.4872771504295441,0.14074574778444607,0.018701773298812327,0.6221529373851385,1984.98,3.638249946544705,112.34714673913044,False,False,False,False,False,A,LOW,0.0,False
64.08790237497305,3.4384,Dead_Flowers,0.1695191115140915,0.5068726755898671,0.21920431801529622,0.02865883614625392,0.6848936247731608,2501.9,2.339980667447196,112.34714673913044,False,False,False,False,False,A,LOW,0.0,False
64.17919479199918,2.8508,Dead_Flowers,0.1563464105129242,0.5208255650108709,0.14349061005137523,0.009921511290193325,0.6246608188963924,2003.43,2.0223944356882266,112.34714673913044,False,False,False,False,False,A,LOW,0.0,False
64.27219449996483,4.2851,Dead_Flowers,0.15846256911754608,0.5372943933327705,0.16041602190058918,0.008944147771293516,0.6169947610145268,1947.57,2.04106916879216,112.34714673913044,False,False,False,False,False,A,LOW,0.0,False
64.3663107919856,2.8164,Dead_Flowers,0.13423559069633484,0.5025960050408105,0.15138156481751378,0.011110462973200935,0.6556496294396956,2246.05,3.7981630725519326,112.34714673913044,False,False,False,False,False,A,LOW,0.0,False
64.45828320796136,4.4484,Dead_Flowers,0.0889737606048584,0.356401432194233,0.0713262917734536,0.01631539694941259,0.7533758228509707,3220.94,2.0055971679125,112.34714673913044,False,False,False,False,False,A,LOW,0.0,False
64.55313045799267,4.6545,Dead_Flowers,0.12226229161024094,0.37408085348837933,0.0725990529193938,0.008773937904384625,0.6609708685952567,2290.58,3.684962300363599,112.34714673913044,False,False,False,False,False,A,LOW,0.0,False
64.6438103329856,3.8419,Dead_Flowers,0.16159023344516754,0.38087464660160203,0.2063092471859729,0.01782544231529213,0.6390437829847678,2112.6,4.9877064987624244,112.34714673913044,False,False,False,False,False,A,LOW,0.0,False
64.73708533297759,4.7721,Dead_Flowers,0.2511932849884033,0.7428227763666405,0.2187316599215414,0.019273309167977894,0.6287202154158132,2033.66,5.3153774097051905,112.34714673913044,False,False,False,False,False,A,LOW,0.0,False
64.82985087495763,10.0008,Dead_Flowers,0.17827358841896057,0.7141817693462404,0.20471044087844892,0.01485808818881722,0.5911225638502183,1770.29,2.5294707934001037,112.34714673913044,False,False,False,False,False,A,LOW,0.0,False
64.92341179196956,3.1828,Dead_Flowers,0.14772313833236694,0.42126666064821616,0.18112773836713725,0.01027226738946512,0.5878461507514804,1749.02,4.272215947478403,112.34714673913044,False,False,False,False,False,A,LOW,0.0,False
65.01818887499394,4.8835,Dead_Flowers,0.14735689759254456,0.45844276098002207,0.15432483151086246,0.006316095075794697,0.5297184846097046,1411.47,2.4184731769852448,112.34714673913044,False,False,False,False,False,A,LOW,0.0,False
65.10692566697253,3.9741,Dead_Flowers,0.1580338329076767,0.482374452410234,0.15066655915825736,0.026606627763850952,0.6914538910616563,2563.19,3.4557607556957493,112.34714673913044,True,True,False,True,False,A,LOW,0.0,False
65.20273512497079,3.9442,Dead_Flowers,0.18117378652095795,0.4602402740666926,0.14012845232568416,0.07374525394228547,0.8699449121661907,4951.47,2.508296582904873,112.34714673913044,False,False,False,False,False,A,LOW,0.0,False
65.29781991697382,4.2674,Dead_Flowers,0.24353159964084625,0.8263199148289068,0.19681882648953072,0.046716436685833675,0.7672444699608203,3390.02,5.824375628131094,112.34714673913044,False,False,False,False,False,A,LOW,0.0,False
65.38818412495311,5.613,Dead_Flowers,0.19689485430717468,0.7405351354824548,0.1736932246829542,0.012859541938532844,0.6026973753558559,1847.51,2.511416083827901,112.34714673913044,False,False,False,False,False,A,LOW,0.0,False
65.48041879199445,3.2993,Dead_Flowers,0.19580386579036713,0.5495312301101016,0.22962648981276426,0.020473502771869857,0.630490259482458,2046.98,2.4724451428225547,112.34714673913044,False,False,False,False,False,A,LOW,0.0,False
65.57297479198314,4.5372,Dead_Flowers,0.15216730535030365,0.5120096684017698,0.1896828455890237,0.01319546046607718,0.5548369186804942,1548.5,2.584328603297486,112.34714673913044,False,False,False,False,False,A,LOW,0.0,False
65.66633899998851,4.6103,Dead_Flowers,0.16571968793869019,0.35753939803125867,0.19139000891273983,0.01822621361048052,0.6619734710776508,2299.06,4.319909455821117,112.34714673913044,False,True,False,False,False,A,LOW,0.0,False
65.76194404199487,4.2345,Dead_Flowers,0.21989504992961884,0.36784269058170355,0.23134586730200982,0.028510712973139823,0.6396945787036417,2117.67,3.2018303205639853,112.34714673913044,False,False,False,False,False,A,LOW,0.0,False
65.85231829195982,4.9463,Dead_Flowers,0.20063193142414093,0.9040969523760998,0.1748597194543616,0.013526281739571785,0.5007504262388885,1268.42,4.187144379225937,112.34714673913044,False,False,False,False,False,A,LOW,0.0,False
65.94530995795503,5.6484,Dead_Flowers,0.17166921496391296,0.6510683932873361,0.15549688770823317,0.016119815112647762,0.6679405771913991,2350.23,4.002984698534182,112.34714673913044,False,False,False,False,False,A,LOW,0.0,False
66.03711224999279,4.2017,Dead_Flowers,0.17663750052452087,0.41002917765956604,0.20829752005274896,0.025370159419652726,0.6650815346932653,2325.58,2.928788358347704,112.34714673913044,False,False,False,False,False,A,LOW,0.0,False
66.1283502499573,5.4222,Dead_Flowers,0.17776235938072205,0.30393896501648626,0.23480199597389526,0.032113504954567065,0.676191636960967,2422.87,3.3846785048129524,112.34714673913044,False,False,False,False,False,A,LOW,0.0,False
66.22311249998165,4.6852,Dead_Flowers,0.18253785371780396,0.2882879150858548,0.2507268000494286,0.038284624962798906,0.7084625524734621,2729.16,2.24855310565171,112.34714673913044,False,False,False,False,False,A,LOW,0.0,False
66.31641416699858,4.8943,Dead_Flowers,0.1432880312204361,0.3356855108862534,0.20290768966929904,0.026087684950294305,0.6990255964943826,2635.79,2.6770643961763807,112.34714673913044,False,False,False,False,False,A,LOW,0.0,False
66.41297733300598,4.7635,Dead_Flowers,0.16056759655475616,0.39706534208586275,0.1250694555380321,0.05031513663385326,0.8122488941242395,4002.22,2.5187268935425116,112.34714673913044,False,False,False,False,False,A,LOW,0.0,False
66.50075858295895,4.076,Dead_Flowers,0.16521716117858887,0.4546090858154132,0.13560187580527314,0.07453964506409547,0.8620226497390134,4808.86,2.405378406738094,112.34714673913044,False,False,False,False,False,A,LOW,0.0,False
66.59557287499774,3.8692,Dead_Flowers,0.17698705196380615,0.4333024091233675,0.19819728271291748,0.02656261518611792,0.6754793950958435,2416.51,2.745571110373513,112.34714673913044,False,False,False,False,False,A,LOW,0.0,False
66.68850854196353,5.2605,Dead_Flowers,0.1618804633617401,0.31160670632850757,0.2196275998778171,0.019522408432563167,0.6167677691422039,1945.94,2.1803245400698854,112.34714673913044,False,False,False,False,False,A,LOW,0.0,False
66.78316449996782,5.1695,Dead_Flowers,0.18399567902088165,0.3380150615132464,0.236086149244255,0.016404959411205747,0.6217958320743361,1982.37,2.664158211176692,112.34714673913044,False,False,False,False,False,A,LOW,0.0,False
66.87201337498846,14.9699,Dead_Flowers,0.190897598862648,0.4617509050613647,0.2352617885335437,0.025941071278867526,0.6738017313126198,2401.6,3.1571270517603556,112.34714673913044,False,False,False,False,False,A,LOW,0.0,False
66.96645866695326,4.6521,Dead_Flowers,0.14484690129756927,0.48279480449505624,0.1865951707556994,0.025496570245577412,0.6658170277906436,2331.89,2.3545885304404237,112.34714673913044,False,False,False,False,False,A,LOW,0.0,False
67.0579968749662,5.172,Dead_Flowers,0.15587790310382843,0.4330824227972383,0.1378399965865273,0.015080698584807336,0.6344543910380323,2077.13,4.326248472742267,112.34714673913044,False,False,False,False,False,A,LOW,0.0,False
67.15135545795783,3.4147,Dead_Flowers,0.190382719039917,0.3796953654563823,0.24778407772804872,0.0313413927264303,0.6395474626487798,2116.52,3.1527962150907554,112.34714673913044,False,False,False,False,False,A,LOW,0.0,False
67.24563220795244,2.746,Dead_Flowers,0.15894640982151031,0.3811762094332258,0.2349648291443949,0.023402403840024052,0.6068921979323816,1876.32,3.3396512869046653,112.34714673913044,False,False,False,False,False,A,LOW,0.0,False
67.33860870799981,3.6397,Dead_Flowers,0.12388641387224197,0.33758195191690366,0.13071935449190272,0.014019771204938483,0.6405526538180396,2124.39,2.100359925865201,112.34714673913044,False,False,False,False,False,A,LOW,0.0,False
67.42922004195862,4.2707,Dead_Flowers,0.17105714976787567,0.42786135072220927,0.17086387756364402,0.027445319244878003,0.6969039581857915,2615.24,3.299138062527029,112.34714673913044,False,False,False,False,False,A,LOW,0.0,False
67.52440724999178,5.2494,Dead_Flowers,0.19240419566631317,0.39718483145102423,0.22924553736152786,0.044675322301760766,0.629942689153999,2042.85,2.367287071041793,112.34714673913044,False,False,False,False,False,A,LOW,0.0,False
67.6195773750078,4.9936,Dead_Flowers,0.2772696316242218,0.799735266351682,0.26841641355738544,0.050775190935796785,0.638880462393392,2111.32,5.733182046221216,112.34714673913044,False,False,False,False,False,A,LOW,0.0,False
67.70742387499195,3.6941,Dead_Flowers,0.18547959625720978,0.6120244949136416,0.22869150895752077,0.038723161109188095,0.631100024583912,2051.59,2.436654217889315,112.34714673913044,False,False,False,False,False,A,LOW,0.0,False
67.8051182499621,4.1328,Dead_Flowers,0.16732019186019897,0.481015840928545,0.18126560037294082,0.029858864753134005,0.7133104783524646,2778.41,2.3995524656988234,112.34714673913044,False,False,False,False,False,A,LOW,0.0,False
67.89480879198527,4.4798,Dead_Flowers,0.18707430362701416,0.48562188186408334,0.13633603368829741,0.07850543123657594,0.869961170354566,4951.76,2.1924786944916854,112.34714673913044,False,False,False,False,False,A,LOW,0.0,False
67.98856099997647,6.9562,Dead_Flowers,0.16606871783733368,0.5102685256810002,0.14127236405537302,0.05133627533789724,0.7745561221511481,3482.69,3.3641503295140414,112.34714673913044,False,False,False,False,False,A,LOW,0.0,False
68.07887995796045,4.751,Dead_Flowers,0.22974394261837006,0.5598986946197759,0.21950056377758928,0.026573394160436463,0.6217609194098772,1982.11,3.401568340653199,112.34714673913044,False,False,False,False,False,A,LOW,0.0,False
68.17408029199578,4.2992,Dead_Flowers,0.23698069155216217,0.8564663772004973,0.2503036574040444,0.0199634180940774,0.5742249831243479,1663.31,5.031134565609793,112.34714673913044,False,False,False,False,False,A,LOW,0.0,False
68.27055562497117,5.684,Dead_Flowers,0.20697881281375885,0.6259066583140184,0.23075734632191425,0.022751236736234217,0.5952940907984057,1797.74,2.573607992466753,112.34714673913044,False,False,False,False,False,A,LOW,0.0,False
68.360738999967,2.4677,Dead_Flowers,0.203231081366539,0.5297246731962799,0.24665886893901617,0.04185218180591229,0.645514113060727,2163.63,2.39773746770948,112.34714673913044,False,False,False,False,False,A,LOW,0.0,False
68.45373366697459,4.4868,Dead_Flowers,0.1750071942806244,0.38485433566544697,0.22927442181728608,0.034613764656051885,0.6087719831141121,1889.38,2.3753078564082015,112.34714673913044,False,False,False,False,False,A,LOW,0.0,False
68.54748899996048,3.6801,Dead_Flowers,0.19238755106925964,0.3640163249063863,0.24027439542121232,0.031190637575491294,0.6000975860261645,1829.88,2.9031878259046877,112.34714673913044,False,False,False,False,False,A,LOW,0.0,False
68.64135916699888,4.9784,Dead_Flowers,0.2804316580295563,0.5189964252913662,0.25801745378560303,0.03201953615409248,0.6290392663542812,2036.05,4.174788477661643,112.34714673913044,False,False,False,False,False,A,LOW,0.0,False
68.73176412499743,4.2922,Dead_Flowers,0.2652716338634491,0.9850164903609875,0.30993426066692364,0.03650902466835036,0.600739910618869,1834.22,3.3714209388651932,112.34714673913044,False,False,False,False,False,A,LOW,0.0,False
68.82172054197872,5.1498,Dead_Flowers,0.22990423440933228,0.5265832995686076,0.29950422109125785,0.045982489315584116,0.6817520042576894,2473.08,3.6109881227288203,112.34714673913044,False,False,False,False,False,A,LOW,0.0,False
68.917520374991,15.7007,Dead_Flowers,0.21577464044094086,0.3937766140748191,0.2959511319204494,0.03880873770602395,0.659756851492105,2280.34,2.3809767437298186,112.34714673913044,False,False,False,False,False,A,LOW,0.0,False
69.01141608296894,4.4682,Dead_Flowers,0.26236221194267273,0.4287993708766108,0.3457001936816973,0.03656758663300554,0.6310992755825644,2051.58,3.4765123375344387,112.34714673913044,False,False,False,False,False,A,LOW,0.0,False
69.10511624999344,5.0751,Dead_Flowers,0.25106218457221985,0.45855825260474936,0.32817849789696996,0.04209887008989973,0.6531843741575788,2225.72,3.112536877892339,112.34714673913044,False,False,False,False,False,A,LOW,0.0,False
69.19469341699732,4.8691,Dead_Flowers,0.2586493194103241,0.47569791351193036,0.35132531291404057,0.03824705412932595,0.6266772067418038,2018.39,3.041311117164543,112.34714673913044,False,False,False,False,False,A,LOW,0.0,False
69.28885108296527,4.2993,Dead_Flowers,0.219772607088089,0.5107030673567593,0.28354853178301526,0.04538020020133643,0.6399851131824305,2119.94,3.2171066624743347,112.34714673913044,False,False,False,False,False,A,LOW,0.0,False
69.37899270799244,3.8196,Dead_Flowers,0.24125738441944122,0.5550389668665445,0.271972951575088,0.04668025573184895,0.6681807654739991,2352.32,2.6367766899341643,112.34714673913044,False,False,False,False,False,A,LOW,0.0,False
69.4744333329727,1.5855,Dead_Flowers,0.22418349981307983,0.5326462230510997,0.29415179805565245,0.04896600268991013,0.6715174455345205,2381.45,3.360215038883809,112.34714673913044,False,False,False,False,False,A,LOW,0.0,False
69.57035562495003,0.8953,Dead_Flowers,0.23101307451725006,0.4441156289161857,0.26894162970050467,0.04858096105641293,0.6862300349217578,2514.27,3.0624627084006346,112.34714673913044,False,False,False,False,False,A,LOW,0.0,False
69.66305379197001,1.1235,Dead_Flowers,0.22852858901023865,0.5299129926103912,0.29665065291356635,0.040232133297466305,0.66293302328037,2307.22,3.467047464104523,112.34714673913044,False,False,False,False,False,A,LOW,0.0,False
69.7556134169572,1.1447,Dead_Flowers,0.24958916008472443,0.47614931190317605,0.30012604298496715,0.06215223942395327,0.7225981210927873,2875.25,2.7637403220085406,112.34714673913044,False,False,False,False,False,A,LOW,0.0,False
69.84716954198666,0.9495,Dead_Flowers,0.2076530009508133,0.42688051589207776,0.27737117578257714,0.04735781457833057,0.7002809206538098,2648.02,2.258810290344213,112.34714673913044,False,False,False,False,False,A,LOW,0.0,False
69.94042195798829,1.1184,Dead_Flowers,0.19799962639808655,0.49229162305369767,0.24210924491190378,0.03231414142806841,0.6736833949649903,2400.55,2.734170111904939,112.34714673913044,False,False,False,False,False,A,LOW,0.0,False
70.03086108295247,1.3704,Dead_Flowers,0.18208438158035278,0.4766394916649439,0.23298473355893753,0.031272414391112745,0.676931063944288,2429.48,2.860121198882004,112.34714673913044,False,False,False,False,False,A,LOW,0.0,False
70.12568462500349,1.4843,Dead_Flowers,0.1715184599161148,0.43633140192788405,0.2048385060983979,0.03449513924935807,0.727352070206055,2926.12,3.304543737465058,112.34714673913044,False,False,False,False,False,A,LOW,0.0,False
70.2188598329667,1.9205,Dead_Flowers,0.18410244584083557,0.3608901697639397,0.21537615481589978,0.030254225510522564,0.7299881381468525,2954.71,2.2275546311299963,112.34714673913044,False,False,False,False,False,A,LOW,0.0,False
70.30957508296706,4.641,Dead_Flowers,0.18641291558742523,0.3968533057421015,0.2538890700988956,0.026979101134754026,0.7002997945488882,2648.21,3.8420773951992935,112.34714673913044,False,False,False,False,False,A,LOW,0.0,False
70.4042250419734,4.5078,Dead_Flowers,0.24267184734344482,0.5075216742030673,0.14934836776229474,0.10895773460418359,0.9163915735784397,5876.85,4.4138026904659835,112.34714673913044,True,True,False,True,False,A,LOW,0.0,False
70.49967433296843,5.2453,Dead_Flowers,0.23611558973789215,0.5031067286105395,0.2832663031469757,0.05303797460243922,0.7427390078471929,3097.01,5.238047590894917,112.34714673913044,False,False,False,False,True,B,MID,0.65,False
70.59153808298288,4.0472,Dead_Flowers,0.2114647477865219,0.4384495679499588,0.30401246182647557,0.03756786041552028,0.6997369916093704,2642.72,2.5726470592538573,112.34714673913044,False,False,False,False,False,B,HIGH,0.42250000000000004,False
70.68396329198731,4.9725,Dead_Flowers,0.2721543312072754,0.43252761802327533,0.24705841888501628,0.0979918907302347,0.7538194045710066,3226.22,2.370598667330552,112.34714673913044,False,False,False,False,False,B,HIGH,0.3025800479205064,False
70.77409741695737,2.2637,Dead_Flowers,0.2719143033027649,0.4252288863039847,0.20482612573938,0.14127565642122777,0.7776228026678429,3522.32,2.773415143020066,112.34714673913044,False,False,False,False,False,B,HIGH,0.3070415972633616,False
70.86818274995312,5.7045,Dead_Flowers,0.2773982882499695,0.4232830789731345,0.2296351383609552,0.15177047245179448,0.770608142418289,3432.34,2.9024417961431586,112.34714673913044,False,False,False,False,False,B,HIGH,0.3115448577804864,False
70.96317787497537,16.7756,Dead_Flowers,0.2522604763507843,0.4286617490174848,0.3296386476948373,0.07260261251900424,0.7786432519113857,3535.6,2.460764442090265,112.34714673913044,False,False,False,False,False,B,HIGH,0.31457180242970784,False
71.05329599999823,4.788,Dead_Flowers,0.1773727685213089,0.4234927850631664,0.27405770167341326,0.04367613452940282,0.7445745672885192,3118.05,4.594232386902188,112.34714673913044,False,False,False,False,False,B,HIGH,0.3129190020544419,False
71.14379520795774,4.4087,Dead_Flowers,0.338481068611145,0.521774765150812,0.21525099859928773,0.10240595275734724,0.8191232339445004,4105.01,8.881759668232698,112.34714673913044,False,True,False,False,False,B,HIGH,0.3172730519517198,False
71.23706262500491,3.6545,Dead_Flowers,0.3716907203197479,1.3240640503647796,0.35063819266854257,0.10101533557330956,0.7774470580755214,3520.03,3.1589197251315277,112.34714673913044,False,False,False,False,False,B,HIGH,0.3214093993541338,False
71.3355338749825,5.3184,Dead_Flowers,0.48231589794158936,1.5251487799745966,0.30898114325969067,0.0629235921449867,0.7321611695062998,2978.49,4.747782735581575,112.34714673913044,False,False,False,False,False,B,HIGH,0.3253389293864271,False
71.4234370419872,4.304,Dead_Flowers,0.4047897756099701,1.9397923905477623,0.24734742284812933,0.05196192018692334,0.6916337048807876,2564.89,2.9062591097930515,112.34714673913044,False,False,False,False,False,B,HIGH,0.3271726801017947,False
71.5185140829999,3.8394,Dead_Flowers,0.37886109948158264,1.219006117691646,0.37533216994781854,0.05624188120435737,0.7129343408718348,2774.56,2.6650359961976595,112.34714673913044,False,False,False,False,False,B,HIGH,0.3282234533182177,False
71.61346154200146,4.3768,Dead_Flowers,0.3332012891769409,1.174573532164283,0.27795418559965934,0.09612089626409347,0.7265243353201477,2917.2,2.0033594491985833,112.34714673913044,False,False,False,False,False,B,HIGH,0.32791688500880684,False
71.70201479195384,4.8812,Dead_Flowers,0.32437217235565186,1.1428292718012127,0.22307741632331948,0.08291190362977768,0.7887052235837592,3669.3,3.06339138143037,112.34714673913044,False,False,False,False,False,B,HIGH,0.32735834954024307,False
71.79598733299645,4.0784,Dead_Flowers,0.3122718334197998,1.094159233102783,0.18695104666925463,0.11887654182528742,0.8929945374004791,5390.89,2.0839004363244524,112.34714673913044,False,False,False,False,False,B,HIGH,0.3264523676611542,False
71.88800720800646,3.7635,Dead_Flowers,0.4704899191856384,1.6462998026140345,0.27406043300884886,0.07061980920830702,0.7672611372944106,3390.22,6.345450427647436,112.34714673913044,False,False,False,False,False,B,HIGH,0.3298541511590338,False
71.98255354195135,3.4905,Dead_Flowers,0.34114596247673035,1.5084198745644346,0.2927404468554231,0.05372483202432603,0.6727611092807051,2392.4,2.620359733052428,112.34714673913044,False,False,False,False,False,B,HIGH,0.3297020971277712,False
72.07498129195301,1.2485,Dead_Flowers,0.33741843700408936,1.093156616366383,0.30764239321715636,0.050349025331412466,0.7079048084538425,2723.55,2.2746503840104992,112.34714673913044,False,False,False,False,False,B,HIGH,0.329447407922775,False
72.16961545799859,2.6575,Dead_Flowers,0.3307190239429474,1.0983378619932316,0.3097066404267172,0.046581236717391124,0.7096298849951385,2740.94,2.905672288949326,112.34714673913044,False,False,False,False,False,B,HIGH,0.3290050331881056,False
72.26212554197991,3.6754,Dead_Flowers,0.3303748071193695,1.1067408836920882,0.31902112049023107,0.04979754668644457,0.7192607664981884,2840.07,2.823984328068391,112.34714673913044,False,False,False,False,False,B,HIGH,0.3285743982362337,False
72.35255424998468,5.1901,Dead_Flowers,0.31596532464027405,1.108537272042333,0.28331070529871805,0.05820108648121277,0.6958704952864226,2605.29,2.726309614023679,112.34714673913044,False,False,False,False,False,B,HIGH,0.3277233440147428,False
72.44780262495624,3.717,Dead_Flowers,0.3417215943336487,1.163442040320477,0.21088499786647258,0.09287111586434733,0.7047308533511633,2691.85,2.584878329995497,112.34714673913044,False,False,False,False,False,B,HIGH,0.32769477466337776,False
72.54080299998168,3.6802,Dead_Flowers,0.3493916392326355,1.2344660431510126,0.22952251276420965,0.07539113426832257,0.6850024929244676,2502.91,2.898288693059993,112.34714673913044,False,False,False,False,False,B,HIGH,0.3278914304208452,False
72.63545674999477,4.8617,Dead_Flowers,0.38886138796806335,1.2299556164230923,0.3479792348577367,0.11001896497042887,0.7807307006647576,3562.93,4.457561919442084,112.34714673913044,True,True,False,True,False,B,HIGH,1.0,False
72.72535054199398,2.8481,Dead_Flowers,0.35607799887657166,1.225895711022635,0.3307708007136777,0.062424608259715304,0.7367816146761623,3029.69,2.1816169866266133,112.34714673913044,False,False,False,False,False,B,HIGH,0.65,False
72.81855608295882,5.9374,Dead_Flowers,0.3480953872203827,1.3003821497794537,0.2648606705008712,0.04908974550252902,0.6997245719881044,2642.6,2.906308621622726,112.34714673913044,False,False,False,False,False,B,HIGH,0.42250000000000004,False
72.91133437497774,3.6672,Dead_Flowers,0.3595954477787018,1.356566162173425,0.2849990870672953,0.03964840881334258,0.6615049779023153,2295.09,2.5789499732080303,112.34714673913044,False,False,False,False,False,B,HIGH,0.3299563044780706,False
73.0041659999988,18.1105,Dead_Flowers,0.3665904700756073,1.3891920520473533,0.2794289753482018,0.04185381216424683,0.6899572462638158,2549.08,3.2398154090081515,112.34714673913044,False,False,False,False,False,B,HIGH,0.3305289783064565,False
73.09753358300077,4.9586,Dead_Flowers,0.37553685903549194,1.4568582334463136,0.27121103012120407,0.027781898942578886,0.6339205021633537,2073.04,2.9646360617666505,112.34714673913044,False,False,False,False,False,B,HIGH,0.33132090574935374,False
73.18854308297159,4.5203,Dead_Flowers,0.388009250164032,1.4757944501805367,0.28362967916064075,0.03117409129800665,0.6355230455926585,2085.34,2.725260543491776,112.34714673913044,False,False,False,False,False,B,HIGH,0.3324118795558364,False
73.28550424997229,3.7971,Dead_Flowers,0.4767032265663147,1.5405320919557215,0.31311659383183976,0.03483281955615702,0.6283556232916903,2030.92,5.207824068392167,112.34714673913044,False,True,False,False,False,B,HIGH,0.3356610571604389,False
73.37713129195618,5.2783,Dead_Flowers,0.4310453534126282,2.1174912974935913,0.25714339201986636,0.03996393768567404,0.6392875024632546,2114.5,2.2115307400047954,112.34714673913044,False,False,False,False,False,B,HIGH,0.3376478299960637,False
73.47149508295115,4.4406,Dead_Flowers,0.2670009136199951,1.076182483716781,0.26959479549391563,0.03286812766969726,0.6644931454969114,2320.53,2.5667927063637093,112.34714673913044,False,False,False,False,False,B,HIGH,0.334714248711662,False
73.56457879196387,2.743,Dead_Flowers,0.26735758781433105,0.9860687553703908,0.19940272965981368,0.02590461829826511,0.6342033979008932,2075.21,2.1632871853401867,112.34714673913044,False,False,False,False,False,B,HIGH,0.33194004237140645,False
73.65591495798435,2.3248,Dead_Flowers,0.2942865192890167,1.1048309016524709,0.21107780804256432,0.039548166133974404,0.690987314667322,2558.78,3.4018164984920345,112.34714673913044,True,True,False,True,False,B,HIGH,1.0,False
73.74876462499378,2.3843,Dead_Flowers,0.31618091464042664,1.1100140563028578,0.2727021561522873,0.036902045280003785,0.6659486618362017,2333.03,2.7482877351527577,112.34714673913044,False,False,False,False,False,B,MID,0.65,False
73.84067775000585,2.7027,Dead_Flowers,0.452892541885376,1.626967375928852,0.2987830613340876,0.030955290914396055,0.5874045920012096,1746.17,5.041765653148009,112.34714673913044,False,False,False,False,False,B,MID,0.42250000000000004,False
73.93256341695087,3.7934,Dead_Flowers,0.3868253827095032,1.6565449705260993,0.2976653462606855,0.02370818072787977,0.5486505443608473,1513.57,2.676037810969077,112.34714673913044,False,False,False,False,False,B,MID,0.33315782831586915,False
74.0267006669892,2.2093,Dead_Flowers,0.39524105191230774,1.1821157289425162,0.3472197313161689,0.0816384338598879,0.7244983131874357,2895.47,3.3571830562545437,112.34714673913044,False,True,False,False,False,B,MID,0.3343497883708347,False
74.11977758299327,2.7416,Dead_Flowers,0.3477408289909363,1.119153196412639,0.3745638796694218,0.08830034423752693,0.7389383267697087,3053.89,2.5243446477079896,112.34714673913044,False,False,False,False,False,B,MID,0.33416583292832186,False
74.21152849995997,2.0575,Dead_Flowers,0.31152722239494324,1.1126141781659225,0.225707421963831,0.07611785537699879,0.7996154105859837,3819.99,2.7084492265660867,112.34714673913044,False,False,False,False,False,B,MID,0.3328960194119575,False
74.3022584169521,3.2066,Dead_Flowers,0.31166213750839233,1.0927205048900173,0.16370864013609399,0.11118315320599642,0.8939526726530578,5409.98,2.9002852990760664,112.34714673913044,False,False,False,False,False,B,MID,0.3316939499718251,False
74.3974725419539,4.5972,Dead_Flowers,0.47818154096603394,1.749286171692089,0.3013385885915387,0.05194103345897648,0.7181340566896418,2828.29,5.494704347836911,112.34714673913044,False,False,False,False,False,B,MID,0.3350045362133616,False
74.49340287497034,1.4814,Dead_Flowers,0.38211163878440857,1.5935293324226614,0.2925298306408617,0.03525472545787314,0.6215468787421554,1980.55,2.9892178741722217,112.34714673913044,False,False,False,False,False,B,MID,0.33548491023878285,False
74.58139866695274,1.9197,Dead_Flowers,0.3230316638946533,1.1725445193669912,0.30916244727104836,0.03930241175000351,0.6791176468668306,2449.16,2.666480880027702,112.34714673913044,False,False,False,False,False,B,MID,0.33402205559981046,False
74.67475562496111,4.0792,Dead_Flowers,0.3120356798171997,1.1263131093291079,0.2606980510649901,0.02669822568889729,0.6456757592440399,2164.92,2.4139291657618602,112.34714673913044,False,False,False,False,False,B,MID,0.3322420987562661,False
74.7688794999849,3.978,Dead_Flowers,0.3932104706764221,1.2579271831464143,0.32710981962090074,0.04928840194663469,0.7178980442781321,2825.83,4.510580921868783,112.34714673913044,False,False,False,False,False,B,MID,0.33319336638805686,False
74.8650488749845,4.5415,Dead_Flowers,0.3389740288257599,1.3512631604886802,0.31123792255498856,0.03596926867821869,0.6379334509761674,2103.96,2.893600306530082,112.34714673913044,False,False,False,False,False,B,MID,0.3323905554986905,False
74.95638087496627,5.4388,Dead_Flowers,0.35093772411346436,1.1930853695629764,0.301264615793258,0.04160966853011567,0.6929365008737195,2577.25,2.1140750210038473,112.34714673913044,False,False,False,False,False,B,MID,0.3320228794962272,False
75.04916920798132,18.5684,Dead_Flowers,0.34574854373931885,1.3103380853091011,0.2609790395394022,0.04575770201167654,0.6794854793621588,2452.49,2.4877979343446475,112.34714673913044,False,False,False,False,False,B,MID,0.33150369031293364,False
75.13915283296956,3.3263,Dead_Flowers,0.3254455626010895,1.3685900070291603,0.20219318019346305,0.04810883881843885,0.7101763664506628,2746.47,2.6584414375331127,112.34714673913044,False,False,False,False,False,B,MID,0.33032398038798344,False
75.23267070797738,4.5597,Dead_Flowers,0.3250685930252075,1.3326340052047179,0.1796969647688127,0.021317191427681487,0.5990378716134371,1822.74,2.798985525768634,112.34714673913044,True,True,False,True,False,B,MID,1.0,False
75.32446245796746,4.7808,Dead_Flowers,0.3492315411567688,1.3056934441162893,0.2503419969754983,0.048215092018801996,0.7317004906797181,2973.43,4.2414417634530555,112.34714673913044,False,False,False,False,False,B,MID,0.65,False
75.42122516699601,3.9785,Dead_Flowers,0.3460152745246887,1.2012764018114621,0.270923692077666,0.05459370438460889,0.7075775989642558,2720.27,3.361853300309591,112.34714673913044,False,True,False,False,False,B,MID,0.42250000000000004,False
75.51474420796148,3.868,Dead_Flowers,0.38676735758781433,1.2152094971507463,0.34098283324254436,0.10968174134415078,0.77051732918441,3431.19,4.248784078977914,112.34714673913044,False,False,False,False,False,B,MID,0.3295138348631014,False
75.60730425000656,5.234,Dead_Flowers,0.4353427588939667,1.3347848012910568,0.29648662667892817,0.06118649660408325,0.7028795828578152,2673.53,5.0613370649495115,112.34714673913044,True,True,True,False,False,B,MID,1.0,True
75.69585741695482,3.4373,Dead_Flowers,0.42981913685798645,2.0937177196186108,0.2320880889900143,0.04930984750623301,0.6287442520991556,2033.84,2.1673755200222735,112.34714673913044,False,False,False,False,False,B,MID,0.65,False
75.79066862497712,4.8999,Dead_Flowers,0.33854031562805176,1.4276147080235837,0.25218653248306705,0.04844703183781323,0.6920351369190307,2568.69,2.8663184853947072,112.34714673913044,False,False,False,False,False,B,MID,0.42250000000000004,False
75.88613862497732,5.3693,Dead_Flowers,0.13804946839809418,0.5551857296593885,0.1953702362523253,0.0442466099211224,0.7957887562945694,3766.44,1.8654721529859084,112.34714673913044,False,False,False,False,False,B,MID,0.32092903332937917,False
75.97640845796559,4.4454,Dead_Flowers,0.30025991797447205,0.7044991601853171,0.16450569215369723,0.04275309070850603,0.7657843535928534,3371.81,12.569036177387568,112.34714673913044,False,True,False,False,False,B,MID,0.3193717499814628,False
76.07057895796606,4.2695,Dead_Flowers,0.3612804114818573,1.3493644235549522,0.3215414249805092,0.0534291384872985,0.6670935789869166,2342.9,3.8240491449583645,112.34714673913044,False,False,False,False,False,B,MID,0.31998743258500795,False
76.16135404200759,5.8736,Dead_Flowers,0.45095518231391907,1.535590876135256,0.3589688750804444,0.051522254530457785,0.6459136900797722,2166.82,3.922687620338167,112.34714673913044,False,False,False,False,False,B,MID,0.3231727672180193,False
76.2571457499871,3.9602,Dead_Flowers,0.37100809812545776,1.7194742981156734,0.19248656470822453,0.02610220160708467,0.6017031749973291,1840.75,2.8664403686463205,112.34714673913044,False,False,False,False,False,B,MID,0.32390391477461306,False
76.34765374998096,5.481,Dead_Flowers,0.27958184480667114,1.113677287374534,0.22026047656786213,0.03399906287983297,0.6612466187277685,2292.91,3.172055055954697,112.34714673913044,True,True,False,True,False,B,MID,1.0,False
76.4392437079805,4.7855,Dead_Flowers,0.2885946035385132,0.9411070552378129,0.28727768096071693,0.0387390550156189,0.6668465196284554,2340.77,2.1812951715595745,112.34714673913044,False,False,False,False,False,B,MID,0.65,False
76.53505770798074,4.4208,Dead_Flowers,0.28246158361434937,0.9232537065038319,0.2844981611699548,0.04091502729977062,0.692598284572807,2574.03,1.9848244215568787,112.34714673913044,False,False,False,False,False,B,MID,0.42250000000000004,False
76.62383537495043,4.5926,Dead_Flowers,0.2770651876926422,0.8781783546096434,0.27495337880876475,0.03425717121549752,0.6552657669750954,2242.87,2.4577728257014653,112.34714673913044,False,False,False,False,False,B,MID,0.31494052899852015,False
76.71793504199013,4.208,Dead_Flowers,0.5128723382949829,1.854868757570042,0.2732151113811043,0.033886409189524215,0.6263409206245047,2015.88,6.09138939441433,112.34714673913044,True,True,True,False,False,B,MID,1.0,True
76.814762916998,4.4105,Dead_Flowers,0.31249067187309265,1.5621162550593413,0.19399267552328006,0.0555968729553879,0.7886884057755341,3669.07,3.744408904024765,112.34714673913044,False,False,False,False,False,B,MID,0.65,False
76.90703708300134,5.6963,Dead_Flowers,0.33130350708961487,0.9961706143730311,0.3158430249186521,0.10953737211518745,0.8184587549689729,4094.96,3.7177400983471487,112.34714673913044,False,False,False,False,False,B,MID,0.42250000000000004,False
76.99584012496052,4.5961,Dead_Flowers,0.2718639373779297,0.9187172150283854,0.2338272793245271,0.051855466045652505,0.7290477275476266,2944.48,2.827101390909287,112.34714673913044,False,False,False,False,False,B,MID,0.31382366687628493,False
77.09244112495799,14.718,Dead_Flowers,0.2938929498195648,1.056454656362525,0.21310170076959353,0.038676341270603855,0.6968286286851921,2614.52,3.503433803080002,112.34714673913044,False,False,False,False,False,B,MID,0.3118613704640397,False
77.18612545798533,4.481,Dead_Flowers,0.3688828647136688,1.2597122887352472,0.18627083938981479,0.02335739294039932,0.5938625947197574,1788.27,3.1996681734171335,112.34714673913044,False,False,False,False,False,B,MID,0.3124777804904116,False
77.27880820800783,3.9274,Dead_Flowers,0.4761918783187866,2.085451810208828,0.2682682026863252,0.03863050194839229,0.6328907712825658,2065.19,5.427599846568982,112.34714673913044,False,False,False,False,False,B,MID,0.31593922686707904,False
77.37272562499857,3.7071,Dead_Flowers,0.3692525029182434,1.4693945309074592,0.2744435724835867,0.03832641676954277,0.6557754639460208,2247.1,2.353790368588388,112.34714673913044,False,False,False,False,False,B,MID,0.3161987906430134,False
77.45950029196683,2.0544,Dead_Flowers,0.32912907004356384,1.2428138428746982,0.2813530994383132,0.038145596725182515,0.6651663839725707,2326.3,2.9218683850703107,112.34714673913044,False,False,False,False,False,B,MID,0.31511281191837776,False
77.55342574999668,1.058,Dead_Flowers,0.3424593508243561,1.4229280653091512,0.14797455412787702,0.01823305635706585,0.563476527278844,1598.65,2.2699697573557067,112.34714673913044,True,True,False,True,False,B,MID,1.0,False
77.64641149999807,1.3657,Dead_Flowers,0.3655964136123657,1.4237266119482888,0.23488041488485287,0.046858478235845644,0.7058433975178166,2702.92,3.7256377384356476,112.34714673913044,False,False,False,False,False,B,MID,0.65,False
77.73873245797586,1.4812,Dead_Flowers,0.3803628981113434,1.4405154019856359,0.2391562339880677,0.051249837246380776,0.6732121671413217,2396.38,2.5527051541727,112.34714673913044,False,False,False,False,False,B,MID,0.42250000000000004,False
77.83613954199245,3.9761,Dead_Flowers,0.3904150724411011,1.5405842242854173,0.22518303707068238,0.07829083089021106,0.687395490815907,2525.1,2.506699379996374,112.34714673913044,False,False,False,False,False,B,MID,0.31635592721204087,False
77.92686679196777,5.05,Dead_Flowers,0.3927707076072693,1.5689014844505744,0.21191238564863665,0.07083211376130849,0.7463845371017371,3138.94,2.486216064874757,112.34714673913044,False,False,False,False,False,B,MID,0.3173174768997208,False
78.02059766696766,5.5255,Dead_Flowers,0.3833635151386261,1.5684448553232428,0.15767998992765908,0.09307332721116938,0.8657364624253261,4875.19,2.9473180296645185,112.34714673913044,False,False,False,False,False,B,MID,0.3179463824522669,False
78.11358033295255,4.7115,Dead_Flowers,0.35982033610343933,1.511163835461731,0.15365600751953395,0.0615692369521562,0.8014382120411322,3845.76,3.0477653273808345,112.34714673913044,False,False,False,False,False,B,MID,0.31780445757001163,False
78.2079379169736,4.8795,Dead_Flowers,0.3866991400718689,1.5837939550269635,0.18366976708752072,0.03170452068997102,0.6509989988918895,2207.85,2.214371371071255,112.34714673913044,False,False,False,False,False,B,MID,0.31851058663356585,False
78.29929820797406,4.2167,Dead_Flowers,0.4057103395462036,1.5309468735120921,0.2622081082282568,0.07707883226140574,0.714528429535689,2790.92,3.6842617707494174,112.34714673913044,False,True,False,False,False,B,MID,0.3197466158165107,False
78.39179333299398,2.2699,Dead_Flowers,0.3129253685474396,1.2926866566904933,0.27810594516684023,0.0860875213706128,0.755600404526249,3247.49,2.640758822754728,112.34714673913044,False,False,False,False,False,B,MID,0.31790196649198754,False
78.48494029196445,2.3908,Dead_Flowers,0.4480447769165039,1.5560927824639883,0.19141853829161362,0.042779889126756225,0.6933316919309108,2581.01,4.799351207288309,112.34714673913044,False,False,False,False,False,B,MID,0.32035294447307755,False
78.5787168329698,4.4167,Dead_Flowers,0.3331456184387207,1.6006246556905717,0.22467400870893361,0.04156586051481041,0.6305040897293804,2047.08,2.1130398648160744,112.34714673913044,False,False,False,False,False,B,MID,0.3191991428537786,False
78.67148229200393,4.5579,Dead_Flowers,0.19716548919677734,0.9727649867065451,0.23355982838642722,0.0383628226335315,0.7002856195026383,2648.07,2.828658380544248,112.34714673913044,False,False,False,False,False,B,MID,0.31187751175296485,False
78.76122604199918,4.6652,Dead_Flowers,0.09224821627140045,0.24174299961598553,0.13463404534169532,0.018902006779199412,0.6881846423364679,2532.46,2.691351313120708,112.34714673913044,False,False,False,False,False,B,MID,0.2962836361653166,False
78.85382095800014,4.0867,Dead_Flowers,0.37551459670066833,0.9832819594216992,0.2231119484249591,0.04375820371524531,0.7106861232490609,2751.64,7.764367679759107,112.34714673913044,True,True,True,True,False,B,MID,1.0,True
78.94914354197681,4.8798,Dead_Flowers,0.30947497487068176,1.3154892647426124,0.2675641732351041,0.05784180802617516,0.6594431496025572,2277.71,3.2149625219371547,112.34714673913044,False,False,False,False,False,B,MID,0.65,False
79.03919970797142,3.6547,Dead_Flowers,0.46384868025779724,1.8531040436983957,0.2513701663984506,0.047714584110687894,0.663661859943691,2313.43,4.5996050482570885,112.34714673913044,False,False,False,False,False,B,MID,0.42250000000000004,False
79.13327595795272,14.8785,Dead_Flowers,0.32813847064971924,1.5591828129326128,0.1647205859807026,0.01897424917883614,0.5458663134854841,1498.1,3.044026840354671,112.34714673913044,False,False,False,False,False,B,MID,0.3023545968714198,False
79.22961641696747,6.1405,Dead_Flowers,0.28008410334587097,0.9493802693374593,0.23956117599007598,0.04491885330299419,0.6742711002490703,2405.76,3.2195422465680177,112.34714673913044,False,False,False,False,False,B,MID,0.301100802837226,False
79.31912558298791,4.3128,Dead_Flowers,0.30120256543159485,0.9273308266034704,0.283855419311409,0.04590189271321215,0.6701452478130729,2369.42,2.073011588975049,112.34714673913044,False,False,False,False,False,B,MID,0.3005976609712661,False
79.41482920799172,5.6465,Dead_Flowers,0.2838078439235687,0.962527468466578,0.2875499407873836,0.054964226753876334,0.7214730901436104,2863.34,2.447958523842979,112.34714673913044,False,False,False,False,False,B,MID,0.2995559745076202,False
79.50386120798066,4.0878,Dead_Flowers,0.34178996086120605,0.9484000032629339,0.24242431407693013,0.03418351790322178,0.6326090928525996,2063.04,2.9563751503127604,112.34714673913044,False,False,False,False,False,B,MID,0.3003528854128904,False
79.59817808296066,5.0421,Dead_Flowers,0.5028402805328369,1.9609956468853436,0.232791790431473,0.04204056476980236,0.6690564105861965,2359.93,5.489121357027959,112.34714673913044,False,False,False,False,False,B,MID,0.3051169912851047,False
79.68980220798403,3.9618,Dead_Flowers,0.29405224323272705,1.5292673704322026,0.20224003753497505,0.06668507383473972,0.8104450819411141,3975.68,3.918102979528156,112.34714673913044,False,False,False,False,False,B,MID,0.3041845444027528,False
79.78726137499325,5.1851,Dead_Flowers,0.327785462141037,1.0411920014901448,0.3229761260840526,0.1011389954347861,0.7890601596079184,3674.11,4.126374480247075,112.34714673913044,False,False,False,False,False,B,MID,0.30434127833508284,False
79.87871733296197,4.4206,Dead_Flowers,0.3026483654975891,1.048940947100711,0.2138201659007343,0.045592288850004964,0.7298749099664084,2953.48,3.726520842800936,112.34714673913044,False,False,False,False,False,B,MID,0.3037217937776071,False
79.97318491700571,4.0025,Dead_Flowers,0.32399311661720276,1.2129404069912355,0.24796246348701814,0.04133345262731573,0.659669302642591,2279.61,3.4833029767985386,112.34714673913044,False,False,False,False,False,B,MID,0.3037887105845664,False
80.06603779195575,1.4854,Dead_Flowers,0.44278931617736816,1.4861472250005805,0.21643457409729774,0.025578506948072417,0.5880875835613634,1750.58,4.208557202463594,112.34714673913044,False,False,False,False,False,B,MID,0.3070091291113479,False
80.15473387495149,2.0032,Dead_Flowers,0.453521728515625,2.1317198251566207,0.2432641587075311,0.0405050225913531,0.6404075895703766,2123.25,2.767328338877495,112.34714673913044,False,False,False,False,False,B,MID,0.31032262459994164,False
80.2499022919801,2.909,Dead_Flowers,0.34108966588974,1.3572162303970194,0.2825323038806265,0.04781387810608528,0.6949839048414186,2596.78,2.70540535351047,112.34714673913044,False,False,False,False,False,B,MID,0.31056106532966177,False
80.34177399997134,5.0889,Dead_Flowers,0.3041701316833496,1.2489592086672008,0.20528588759707414,0.024021449752087434,0.5907414076346775,1767.8,2.60500175961995,112.34714673913044,False,False,False,False,False,B,MID,0.3096784881360397,False
80.43206233298406,4.1624,Dead_Flowers,0.324334055185318,1.2574771131260378,0.1531972546510585,0.03058845266652017,0.6371496445650463,2097.89,4.669115897182152,112.34714673913044,True,True,False,True,False,B,MID,1.0,False
80.52894029195886,6.4565,Dead_Flowers,0.33547279238700867,1.456755650948641,0.22177878424494574,0.06028282785376734,0.7149628243722098,2795.4,4.266063086720436,112.34714673913044,False,False,False,False,False,B,MID,0.65,False
80.62247745797504,4.1925,Dead_Flowers,0.2854086458683014,1.012580463020684,0.210094068383937,0.0645448146802285,0.7533417216181709,3220.54,2.1684769640654427,112.34714673913044,False,False,False,False,False,B,MID,0.42250000000000004,False
80.7108582079527,3.5983,Dead_Flowers,0.31449633836746216,1.1066771771883577,0.23806258918160403,0.06329485493047456,0.6956398703577342,2603.08,2.314786003557799,112.34714673913044,False,False,False,False,False,B,MID,0.30769785603139377,False
80.8079308749875,3.3024,Dead_Flowers,0.28662535548210144,0.961823248446994,0.20793887314798945,0.09996673207559503,0.8743254591043882,5032.13,2.2010917046889817,112.34714673913044,False,False,False,False,False,B,MID,0.30639430668968126,False
80.89705104200402,4.7369,Dead_Flowers,0.27054938673973083,0.9057684310275584,0.1612118701791179,0.10898522301646557,0.9061177821097325,5658.29,2.3834176819927166,112.34714673913044,False,False,False,False,False,B,MID,0.30461409462921696,False
80.99346929200692,4.8483,Dead_Flowers,0.28211382031440735,1.0659819620892907,0.16703180445743313,0.03701623379273778,0.749872301738835,3179.58,2.4838410990446507,112.34714673913044,False,False,False,False,False,B,MID,0.3033152220052364,False
81.08715708297677,4.7978,Dead_Flowers,0.29756492376327515,1.090076341905349,0.1981524630176151,0.04652868223147347,0.743658611971509,3107.53,2.6038200080583414,112.34714673913044,False,False,False,False,False,B,MID,0.30258565710072616,False
81.17626308300532,15.1134,Dead_Flowers,0.3391466438770294,0.9789830591381674,0.3023978414992454,0.09880980183057883,0.7954868000287347,3762.25,2.4725959165284666,112.34714673913044,False,True,False,False,False,B,MID,0.3031549102842376,False
81.27215245796833,4.4008,Dead_Flowers,0.32588404417037964,0.9584255582326339,0.21088253159330986,0.14828877595403897,0.8962083549471834,5455.19,2.955851867778962,112.34714673913044,False,False,False,False,False,B,MID,0.30330661737432246,False
81.36657708295388,5.5042,Dead_Flowers,0.4447011351585388,1.6799002125718767,0.23536417444236538,0.09088774127453642,0.7940642641709185,3742.56,5.950095380008983,112.34714673913044,False,False,False,False,False,B,MID,0.3065967118006697,False
81.45919849997154,5.4035,Dead_Flowers,0.3567696213722229,1.4767688781836592,0.265093892098067,0.03909917590887012,0.6558863258190097,2248.02,3.0921299646513036,112.34714673913044,False,False,False,False,False,B,MID,0.30746517405187646,False
81.54973654198693,3.9116,Dead_Flowers,0.2942501902580261,1.060045919250818,0.20476571779928054,0.056829834077615445,0.7949052386673606,3754.19,2.7647110073707784,112.34714673913044,False,False,False,False,False,B,MID,0.30642170252595113,False
81.64338983298512,4.9444,Dead_Flowers,0.3405512571334839,1.1098756228101434,0.15219192928059877,0.13702780476872906,0.9199485566744304,5954.47,3.12271844228897,112.34714673913044,False,False,False,False,False,B,MID,0.30683968585764365,False
81.73227499995846,4.4811,Dead_Flowers,0.3313981890678406,1.2098718614922879,0.26137869177637835,0.07666896147673817,0.7781618779128264,3529.33,3.751853814748972,112.34714673913044,False,False,False,False,False,B,MID,0.3069703484481666,False
81.82631983299507,3.9878,Dead_Flowers,0.345515638589859,1.1770914535704593,0.288653302043539,0.03981415933289724,0.671587576477365,2382.06,2.611185129339441,112.34714673913044,False,False,False,False,False,B,MID,0.3075031615485784,False
81.92087720800191,4.2072,Dead_Flowers,0.27073922753334045,0.7670341119681336,0.38138833508533876,0.04679791140898932,0.7032845944821957,2677.53,2.8955991177363556,112.34714673913044,False,False,False,False,False,B,MID,0.3056740574697242,False
82.01522825000575,5.2991,Dead_Flowers,0.18717238306999207,0.29320678673615486,0.2950243087288172,0.033782975309463274,0.7109067816141819,2753.88,3.23319937072514,112.34714673913044,False,False,False,False,False,B,MID,0.3005565501341516,False
82.1064281250001,4.2992,Dead_Flowers,0.25617313385009766,0.5100467246590469,0.20646592738647151,0.09180245786881462,0.7411786038550188,3079.23,5.064763488161776,112.34714673913044,False,False,False,False,False,B,MID,0.2985606194098347,False
82.19911612500437,5.073,Dead_Flowers,0.27632275223731995,0.31193914234077047,0.23728308513723015,0.1463338900420262,0.7705175508314942,3431.19,3.79429020132395,112.34714673913044,False,False,False,False,False,B,MID,0.2973696366558975,False
82.2945049169939,2.6979,Dead_Flowers,0.25668057799339294,0.4545701766442368,0.26579094701596523,0.1157232249262611,0.7553788236605771,3244.83,3.319531938663588,112.34714673913044,False,False,False,False,False,B,MID,0.2955513731464003,False
82.38506229198538,4.111,Dead_Flowers,0.2546199858188629,0.3154346262384803,0.31571805069234543,0.07632528978829718,0.7633985101509732,3342.26,2.9678856822049804,112.34714673913044,False,False,False,False,False,B,MID,0.29374943098794126,False
82.4764837079565,3.2986,Dead_Flowers,0.15808920562267303,0.2683248276804374,0.29259886393003937,0.04338733958062937,0.7116152734504564,2761.09,3.806665970775056,112.34714673913044,False,False,False,False,False,B,MID,0.2876707090091312,False
82.56837883300614,2.9093,Dead_Flowers,0.31573358178138733,0.3571421475823649,0.21052914428142366,0.08381803216630719,0.7799359482429022,3552.5,7.393375460378404,112.34714673913044,True,True,True,True,False,B,MID,1.0,True
82.66372462495929,4.3324,Dead_Flowers,0.37831902503967285,1.359921594985485,0.33064899287073535,0.10902484412127193,0.7807592006910304,3563.31,4.081451189797826,112.34714673913044,False,False,False,False,False,B,MID,0.65,False
82.75801824999508,3.4464,Dead_Flowers,0.4536607265472412,1.2596289175868027,0.31745078554945594,0.08132234114975939,0.7593108841858072,3292.24,4.907585915236061,112.34714673913044,False,False,False,False,False,B,MID,0.42250000000000004,False
82.84966874995735,5.3007,Dead_Flowers,0.393483430147171,1.8483437338916786,0.2620091718558044,0.0761957875011149,0.7381446087867162,3044.96,2.202557668353609,112.34714673913044,False,False,False,False,False,B,MID,0.2972398629748244,False
82.9402004169533,5.5721,Dead_Flowers,0.34992119669914246,1.1503553428969426,0.3341670770893987,0.08162092986652644,0.7648477675607485,3360.18,3.198262098077404,112.34714673913044,False,False,False,False,False,B,MID,0.2983841798920573,False
83.03748287499184,5.7127,Dead_Flowers,0.36528879404067993,1.0395961555130078,0.31045641353129,0.1270910006189604,0.7752394795003102,3491.48,1.944061276938019,112.34714673913044,False,False,False,False,False,B,MID,0.29989834804925286,False
83.12895149999531,5.6189,Dead_Flowers,0.33130720257759094,1.0772898540717628,0.26427589615725133,0.10936601306650762,0.7942202424144915,3744.71,3.5054680888494683,112.34714673913044,False,False,False,False,False,B,MID,0.3003734014841633,False
83.22007366700564,16.4847,Dead_Flowers,0.3268383741378784,1.0520878614762537,0.18090504205198402,0.1371159262158165,0.8954331129173576,5439.61,2.4055065512397187,112.34714673913044,False,False,False,False,False,B,MID,0.3006925771292264,False
83.31556095799897,5.4731,Dead_Flowers,0.44009360671043396,1.597206292331221,0.23002571433144967,0.08468095566541207,0.7887275938508512,3669.6,5.0438671534631085,112.34714673913044,False,False,False,False,False,B,MID,0.3040033148617699,False
83.40993266698206,5.0817,Dead_Flowers,0.36357319355010986,1.474753956873435,0.3016192274792652,0.06529172888607364,0.7075672032589226,2720.16,3.2302672876211913,112.34714673913044,False,False,False,False,False,B,MID,0.30518951098173724,False
83.49887045798823,3.738,Dead_Flowers,0.347353458404541,1.0745548712531532,0.3264308828245287,0.06477931452194967,0.7340862823621256,2999.72,2.682375808109169,112.34714673913044,False,False,False,False,False,B,MID,0.3058636453650716,False
83.59485041699372,4.5763,Dead_Flowers,0.3481922447681427,1.0990897291380528,0.32502993309733674,0.058356920155974074,0.7191338261199,2838.74,2.4334516842614393,112.34714673913044,False,False,False,False,False,B,MID,0.30652786522469444,False
83.68383029196411,3.872,Dead_Flowers,0.37197527289390564,1.0347707769964753,0.40176699445231556,0.059527197089315004,0.7145819175559767,2791.47,2.795187943625547,112.34714673913044,False,False,False,False,False,B,MID,0.3078165681398891,False
83.77922174998093,4.5059,Dead_Flowers,0.3297443985939026,1.1080174044152769,0.35487626875917244,0.05990055864942684,0.6857366845524925,2509.7,2.1666203067015926,112.34714673913044,False,False,False,False,False,B,MID,0.30784965920818536,False
83.87435812497279,5.3079,Dead_Flowers,0.36178046464920044,1.174483736061563,0.2524742530248203,0.09564724667413893,0.7009071215443187,2654.15,2.692248153287934,112.34714673913044,False,False,False,False,False,B,MID,0.30879423557389907,False
83.96473487495678,4.3135,Dead_Flowers,0.36491307616233826,1.263173910820028,0.2781227657922796,0.08417310001985925,0.6761810639836108,2422.77,2.6006168013967725,112.34714673913044,False,False,False,False,False,B,MID,0.30977761837217255,False
84.05769591697026,4.0187,Dead_Flowers,0.40126994252204895,1.245939782331731,0.3605385817287621,0.10608023465478035,0.7787382190244083,3536.84,3.212000521710342,112.34714673913044,True,True,False,True,False,B,MID,1.0,False
84.14956437499495,4.9339,Dead_Flowers,0.38373711705207825,1.4213080634858448,0.3303049670010001,0.061895980630898344,0.7234299256489071,2884.09,2.5583740860643345,112.34714673913044,False,False,False,False,False,B,MID,0.65,False
84.24060999997891,4.9321,Dead_Flowers,0.3658324182033539,1.3724961209552837,0.25541764077498025,0.05974054897199664,0.709593104782502,2740.57,2.563959610632315,112.34714673913044,False,False,False,False,False,B,MID,0.42250000000000004,False
84.33387816697359,3.0435,Dead_Flowers,0.3934202194213867,1.421749536271324,0.24648692282828005,0.10197506414826932,0.6871558112815846,2522.87,2.5414099899097224,112.34714673913044,False,False,False,False,False,B,MID,0.3153076711414596,False
84.42871462495532,2.6783,Dead_Flowers,0.39856821298599243,1.4912966042125113,0.2680884056687734,0.07747512894054041,0.7062589442633248,2707.07,3.4036041170892277,112.34714673913044,False,False,False,False,False,B,MID,0.3168576078668379,False
84.52110629196977,2.578,Dead_Flowers,0.4020787477493286,1.461881102092533,0.31869070111905323,0.04424873866920902,0.6634811518912566,2311.89,2.3021219448666095,112.34714673913044,False,False,False,False,False,B,MID,0.3184199673263633,False
84.61702316696756,0.928,Dead_Flowers,0.41411450505256653,1.4559169487693935,0.36547985703927305,0.07867743453398092,0.6882902406082912,2533.45,2.810247954195033,112.34714673913044,False,False,False,False,False,B,MID,0.3202083475259082,False
84.70819420798216,0.916,Dead_Flowers,0.4586995840072632,1.5615121176736089,0.27974419299860354,0.0716118274036729,0.6963647717279651,2610.05,5.298366866604482,112.34714673913044,True,True,True,False,False,B,MID,1.0,True
84.80191891698632,1.4649,Dead_Flowers,0.446776419878006,2.1968762086664952,0.23069686735665465,0.04982458593249639,0.6709873691730535,2376.8,2.4147510237327565,112.34714673913044,False,False,False,False,False,B,MID,0.65,False
84.89260129199829,0.9889,Dead_Flowers,0.3047066032886505,1.1538566788614686,0.19343032981226976,0.03734126615247889,0.685796298602604,2510.25,2.5170358758619793,112.34714673913044,False,False,False,False,False,B,MID,0.42250000000000004,False
84.98748004197842,1.0915,Dead_Flowers,0.32411468029022217,1.1661738697070931,0.31162663005723623,0.03953566797746097,0.6445350657703051,2155.83,2.6304983990421857,112.34714673913044,False,False,False,False,False,B,MID,0.32280392103835415,False
85.07764974999009,1.182,Dead_Flowers,0.2796047031879425,1.0251306989635731,0.19976179901241106,0.062257702267459206,0.797700647541251,3793.1,3.6528921663819762,112.34714673913044,False,False,False,False,False,B,MID,0.32051156597857977,False
85.16994895797689,1.7227,Dead_Flowers,0.29208043217658997,0.9165889114139991,0.2976917478924293,0.04223518481006839,0.6823612573352524,2478.64,2.861876968985686,112.34714673913044,False,False,False,False,False,B,MID,0.31874560506143385,False
85.26582158298697,29.0075,Dead_Flowers,0.4446749687194824,1.4771839571851266,0.3146589822848353,0.03957481745727871,0.6124740007025651,1915.36,5.665741199003609,112.34714673913044,False,True,False,False,False,B,MID,0.3212631272961414,False
85.35688187496271,3.9068,Dead_Flowers,0.374238520860672,1.64650897979587,0.2874372309908702,0.03127875987839704,0.5755804985438084,1671.65,2.4603943288645134,112.34714673913044,False,False,False,False,False,B,MID,0.3218760379853092,False
85.45080308296019,4.1479,Dead_Flowers,0.3801872432231903,1.0378492901909269,0.37882877807173887,0.07692682709608563,0.7194630954334389,2842.19,3.1184471201945327,112.34714673913044,True,True,False,True,False,B,MID,1.0,False
85.54460454196669,4.5624,Dead_Flowers,0.32730358839035034,0.8814855526052229,0.41049789904570166,0.08031371026807943,0.751231373197172,3195.57,2.5713723316918413,112.34714673913044,False,False,False,False,False,B,MID,0.65,False
85.63908241695026,5.18,Dead_Flowers,0.26852166652679443,0.8901492956972469,0.3011835017219846,0.048853686990492605,0.7344943794800997,3004.24,2.4342044682985526,112.34714673913044,False,False,False,False,False,B,MID,0.42250000000000004,False
85.72977325000102,4.3417,Dead_Flowers,0.2714203894138336,0.9510720377445013,0.2024122107045296,0.025036291197118945,0.6173045743244246,1949.8,2.726248854821229,112.34714673913044,False,False,False,False,False,B,MID,0.3168242397642351,False
85.82170241698623,3.6508,Dead_Flowers,0.47119519114494324,1.711122532222802,0.3161701881053676,0.04599991261829674,0.6544813431531875,2236.39,6.968847558658227,112.34714673913044,False,False,False,False,False,B,MID,0.32005659552506727,False
85.91305387497414,4.5095,Dead_Flowers,0.3822448253631592,1.557453969335255,0.2920363625589921,0.051216157135948265,0.638281786001396,2106.67,3.3616312166036457,112.34714673913044,False,False,False,False,False,B,MID,0.32094340347031913,False
86.00672262499575,3.7437,Dead_Flowers,0.3434200584888458,1.1702009205117863,0.2527980216879087,0.08182965940508055,0.6948061648127017,2595.08,2.2480659258404385,112.34714673913044,False,False,False,False,False,B,MID,0.3207176989209804,False
86.10179629200138,4.3895,Dead_Flowers,0.3455020487308502,1.2175179880500917,0.29445167169248415,0.0668393088277197,0.6773846705443907,2433.55,2.3736508230293314,112.34714673913044,False,False,False,False,False,B,MID,0.32056275714541493,False
86.19063241698314,5.24,Dead_Flowers,0.3879166841506958,1.204673483801181,0.3160775713793993,0.057763205930382006,0.7331170007737835,2989.01,4.2381123796428,112.34714673913044,False,False,False,False,False,B,MID,0.3215736157183515,False
86.28803900000639,4.2018,Dead_Flowers,0.3468589186668396,1.441705728476929,0.2935690234062612,0.04586668054699765,0.6766937369616663,2427.36,2.8254046946280678,112.34714673913044,False,False,False,False,False,B,MID,0.3214144972338059,False
86.37771091697505,5.3584,Dead_Flowers,0.34692633152008057,1.2388106446363956,0.31184284251175687,0.044744646039653946,0.693950398333042,2586.9,2.6660496859585803,112.34714673913044,False,False,False,False,False,B,MID,0.32126525044247684,False
86.4725440829643,5.1676,Dead_Flowers,0.35804039239883423,1.3239426078013568,0.25673406399276016,0.05478241566990524,0.7024869550759175,2669.66,2.4138837912580984,112.34714673913044,False,False,False,False,False,B,MID,0.3214356110085097,False
86.56715512496885,4.3656,Dead_Flowers,0.34358879923820496,1.3556672408912724,0.24360308955805265,0.05639371955741185,0.7153575789997768,2799.47,2.503898020272156,112.34714673913044,False,False,False,False,False,B,MID,0.3211901265980016,False
86.6568640829646,4.383,Dead_Flowers,0.3552011549472809,1.3672351278672255,0.19852711834944756,0.0259532883200381,0.6156412461530768,1937.87,3.3666676662184654,112.34714673913044,True,True,False,True,False,B,MID,1.0,False
86.75045137497364,4.2255,Dead_Flowers,0.3643607497215271,1.4176546304662363,0.26802550125696456,0.05685549888340326,0.7284726378006662,2938.24,3.4247125243701104,112.34714673913044,False,False,False,False,False,B,MID,0.65,False
86.84535020799376,3.8647,Dead_Flowers,0.36104822158813477,1.2904213760954446,0.2726307584323763,0.05308940881830551,0.7192254993472212,2839.7,3.665473501470486,112.34714673913044,False,True,False,False,False,B,MID,0.42250000000000004,False
86.9385452499846,2.694,Dead_Flowers,0.412948876619339,1.2114505019098776,0.41723916665284455,0.10591047261089394,0.7691862616419839,3414.39,4.7640253648705855,112.34714673913044,False,False,False,False,False,B,MID,0.32413357519893743,False
87.03139666700736,4.1125,Dead_Flowers,0.4449296295642853,1.3754312030367424,0.2876937282440808,0.06478491250548457,0.7129485925774691,2774.7,5.357682630935078,112.34714673913044,False,False,False,False,False,B,MID,0.32659143588492034,False
87.12072241696296,3.8604,Dead_Flowers,0.4444674253463745,2.0549545510719534,0.2801710435902322,0.05587961533464377,0.6407034714342126,2125.57,2.677774169888997,112.34714673913044,False,False,False,False,False,B,MID,0.32891528106688284,False
87.2140923749539,2.1951,Dead_Flowers,0.3431917726993561,1.499502701339034,0.285406794013135,0.05191638807864553,0.6896045859702699,2545.76,3.328397441386257,112.34714673913044,False,False,False,False,False,B,MID,0.32845892906180535,False
87.30482762499014,14.5563,Dead_Flowers,0.1455131322145462,0.6619218089455533,0.16280924615698447,0.04339198051392025,0.8006543199590511,3834.65,2.3605338611404503,112.34714673913044,False,False,False,False,False,B,MID,0.31994025921256436,False
87.40350779198343,5.6828,Dead_Flowers,0.3169553577899933,0.6840486369455253,0.21140327728699637,0.04832551823648907,0.76639854838059,3379.45,10.01363746684874,112.34714673913044,True,True,True,False,False,B,MID,1.0,True
87.49234579195036,4.8641,Dead_Flowers,0.3598211705684662,1.3537033457432746,0.30810745969404163,0.06509541267603779,0.6745798986174875,2408.5,2.8100977634757456,112.34714673913044,False,False,False,False,False,B,MID,0.65,False
87.58732058299938,5.0907,Dead_Flowers,0.4479837119579315,1.565189917607469,0.31798746801140687,0.05598320661834989,0.65463928056251,2237.7,5.381054069656918,112.34714673913044,False,False,False,False,False,B,MID,0.42250000000000004,False
87.67840666696429,3.4711,Dead_Flowers,0.36328521370887756,1.7268294543706022,0.16541021125687844,0.02344049636838447,0.5992822060254633,1824.38,2.145661082905456,112.34714673913044,False,False,False,False,False,B,MID,0.3228487335190354,False
87.7716865419643,3.0437,Dead_Flowers,0.2859271466732025,1.177551335645301,0.22185339969457263,0.03692287437150285,0.6500738959723529,2200.33,3.876628341854927,112.34714673913044,False,False,False,False,False,B,MID,0.32091973053642414,False
87.86728245799895,5.0875,Dead_Flowers,0.3226793110370636,1.0538134062881686,0.2837963107534514,0.04315891877853761,0.6571802096411387,2258.77,2.9173016485619803,112.34714673913044,False,False,False,False,False,B,MID,0.3202552344266203,False
87.95534812496044,4.183,Dead_Flowers,0.32422780990600586,1.075046161843746,0.310245119203487,0.048440818339199096,0.6891853713863192,2541.83,2.3989408797365748,112.34714673913044,False,False,False,False,False,B,MID,0.3196708608306983,False
88.04973687499296,4.7987,Dead_Flowers,0.31589803099632263,1.054098882432207,0.3189068315459673,0.04244727876574139,0.6615591162623176,2295.55,2.753659689760137,112.34714673913044,False,False,False,False,False,B,MID,0.3188613782428119,False
88.14610774995526,4.8165,Dead_Flowers,0.4763137996196747,1.7185625959575475,0.27096933703730625,0.030882009634048184,0.6209070910329973,1975.88,5.166809281794643,112.34714673913044,False,False,False,False,False,B,MID,0.3223202794761772,False
88.23816262499895,5.3879,Dead_Flowers,0.3472563326358795,1.6918831517441222,0.222272858427619,0.05626246989840308,0.7666786278633758,3382.95,2.525390871715965,112.34714673913044,False,False,False,False,False,B,MID,0.3223108810320644,False
88.32750024995767,4.0678,Dead_Flowers,0.3624747693538666,1.0318331430628205,0.30761778162526926,0.10758894058803288,0.8218875051997472,4147.09,5.664069531176721,112.34714673913044,False,False,False,False,False,B,MID,0.3227319676756464,False
88.42231004196219,6.5105,Dead_Flowers,0.28310394287109375,0.9622387347943916,0.2859144063018054,0.0638187428855005,0.7392537163798141,3057.45,2.32871419456429,112.34714673913044,False,False,False,False,False,B,MID,0.320714250637826,False
88.51371483295225,3.7309,Dead_Flowers,0.3050432801246643,1.0480921627834905,0.2766319594043374,0.044676760155691914,0.6950621125782692,2597.53,3.924129381785335,112.34714673913044,False,False,False,False,False,B,MID,0.319513295538021,False
88.60938187496504,4.2811,Dead_Flowers,0.3485257029533386,1.078416790556357,0.205672714893722,0.02715398201774818,0.6146222597360297,1930.6,2.5215233085055817,112.34714673913044,False,False,False,False,False,B,MID,0.31968064009626346,False
88.7022485419875,4.7633,Dead_Flowers,0.47723624110221863,1.9555397367302116,0.27694499599073397,0.041855798438928477,0.6408304806031536,2126.57,5.46196043368491,112.34714673913044,True,True,True,False,False,B,MID,1.0,True
88.79533508297754,4.9235,Dead_Flowers,0.3730776011943817,1.607961026637799,0.28334527329780657,0.04608017176846048,0.6681096124756438,2351.7,3.122448130108222,112.34714673913044,False,False,False,False,False,B,MID,0.65,False
88.88883437495679,4.4434,Dead_Flowers,0.3372515141963959,1.0878110521785085,0.34580192174703717,0.046315688140643616,0.6843225394733713,2496.64,2.4092016442017905,112.34714673913044,False,False,False,False,False,B,MID,0.42250000000000004,False
88.97664195799734,3.8708,Dead_Flowers,0.2977285087108612,1.1755804914758818,0.19371568395026745,0.020540891441270352,0.5790065663981866,1692.91,2.5643966139959575,112.34714673913044,True,True,False,True,False,B,MID,1.0,False
89.07235516695073,3.4873,Dead_Flowers,0.3386211395263672,1.2344638196847055,0.2751054229667129,0.05135787086684856,0.7157280497919289,2803.3,3.3036950045522904,112.34714673913044,False,False,False,False,False,B,MID,0.65,False
89.16261654195841,4.3224,Dead_Flowers,0.34662213921546936,1.1855496147985447,0.3021996084726415,0.06868045905808065,0.6999771615946336,2645.06,2.1924480095542953,112.34714673913044,False,False,False,False,False,B,MID,0.42250000000000004,False
89.2577559579513,3.6583,Dead_Flowers,0.370106965303421,1.2463465677765768,0.2731825812680436,0.08147868444798333,0.7071606238209985,2716.09,2.538931895394041,112.34714673913044,False,False,False,False,False,B,MID,0.3184450976207125,False
89.35153095796704,15.7205,Dead_Flowers,0.351944237947464,1.296887838798551,0.2782244724123277,0.07464164796229707,0.776214157690719,3504.06,2.3808456336429358,112.34714673913044,False,False,False,False,False,B,MID,0.3181081712824274,False
89.44552099995781,4.0757,Dead_Flowers,0.3572046756744385,1.3370370382534968,0.15776259657287156,0.11000015437450324,0.8966814802160991,5464.72,2.1668461512923027,112.34714673913044,False,False,False,False,False,B,MID,0.31796737895055815,False
89.53958841698477,2.3848,Dead_Flowers,0.38058599829673767,1.4358016811809977,0.16557374776857814,0.08296909742186183,0.835869685025349,4366.6,3.2366166173570607,112.34714673913044,False,False,False,False,False,B,MID,0.3191708235157508,False
89.62856166699203,4.6455,Dead_Flowers,0.3794792890548706,1.609938125976589,0.22152885610528836,0.037859610375848854,0.6450835240324299,2160.19,2.7630029186337217,112.34714673913044,False,False,False,False,False,B,MID,0.32027745132368474,False
89.7219019579934,3.8082,Dead_Flowers,0.38791507482528687,1.405889851253011,0.2759821045161174,0.07171846648168788,0.6890450692660521,2540.51,4.085602238927191,112.34714673913044,False,True,False,False,False,B,MID,0.32160572685557237,False
89.8170865830034,5.1892,Dead_Flowers,0.33518365025520325,1.3042640444060098,0.30310511090599024,0.09142798138087685,0.7572513816050289,3267.32,3.452867276542946,112.34714673913044,False,False,False,False,False,B,MID,0.32103778052583465,False
89.90785870800028,2.1047,Dead_Flowers,0.4567628800868988,1.5100386986094467,0.22120105209538019,0.04489888516432311,0.6916015069886867,2564.59,5.31986285156831,112.34714673913044,False,False,False,False,False,B,MID,0.3244150599886662,False
90.0023635829566,3.7599,Dead_Flowers,0.3879547715187073,1.807349550214761,0.298664077398493,0.05103629432646558,0.6216212405584168,1981.09,2.838802300239928,112.34714673913044,False,False,False,False,False,B,MID,0.32553774594703133,False
90.09281399997417,5.702,Dead_Flowers,0.23355062305927277,1.0289493697414995,0.26723390207112735,0.043096446703891206,0.7012863582304083,2657.86,3.559617632480443,112.34714673913044,False,False,False,False,False,B,MID,0.32020452114390546,False
90.1898207499762,5.4353,Dead_Flowers,0.1151382178068161,0.28345142886527536,0.15251749123403333,0.02342656506454043,0.6885230211281134,2535.63,2.2117872428382954,112.34714673913044,False,False,False,False,False,B,MID,0.3041942950867102,False
90.27947962499456,5.9056,Dead_Flowers,0.36129018664360046,0.9200409748802281,0.21713800364743108,0.049138733279068474,0.7126098022118288,2771.24,8.158047870136606,112.34714673913044,True,True,True,True,False,B,MID,1.0,True
90.37647595797898,3.6718,Dead_Flowers,0.3303601145744324,1.2830053729594124,0.30646820887254905,0.06817129988604746,0.660824506236099,2289.34,2.721504965410483,112.34714673913044,False,False,False,False,False,B,MID,0.65,False
90.46749037498375,5.4711,Dead_Flowers,0.45169150829315186,1.7194501126256003,0.285084246459127,0.06502501178577894,0.6770185655026217,2430.27,5.1106667835562725,112.34714673913044,False,False,False,False,False,B,MID,0.42250000000000004,False
90.5604817919666,4.9497,Dead_Flowers,0.33345040678977966,1.6009671307473243,0.15564067362734144,0.02288757310532946,0.5982942696092675,1817.75,2.4470103362867306,112.34714673913044,False,False,False,False,False,B,MID,0.31067451383410216,False
90.65384383295896,4.6935,Dead_Flowers,0.32283324003219604,1.0231846397056965,0.2868022582823863,0.042767619631951616,0.652191348053278,2217.58,3.5595624440658526,112.34714673913044,False,False,False,False,False,B,MID,0.3106754817826805,False
90.74431199999526,4.4989,Dead_Flowers,0.300774484872818,0.9027798119465876,0.3199798984546326,0.045217939295066185,0.657331156586218,2260.03,2.8304790147217127,112.34714673913044,False,False,False,False,False,B,MID,0.3099034484537133,False
90.83710629196139,5.5834,Dead_Flowers,0.30018240213394165,0.9136720191403302,0.33232418786588896,0.05073364450434693,0.7031084281112974,2675.79,1.804923016766802,112.34714673913044,False,False,False,False,False,B,MID,0.30914859712500364,False
90.92869416699978,10.5074,Dead_Flowers,0.328193336725235,0.8851047355187677,0.2768438927805905,0.04309779070216261,0.6813471501700256,2469.39,3.430011641164479,112.34714673913044,False,False,False,False,False,B,MID,0.30940682785561224,False
91.02536941698054,1.2433,Dead_Flowers,0.49955907464027405,1.989647782052693,0.25554186609232576,0.033861554951621055,0.6382043497967671,2106.06,6.332263659126743,112.34714673913044,False,True,False,False,False,B,MID,0.3139364864628316,False
91.11828233295819,1.881,Dead_Flowers,0.3215300440788269,1.4667726842748383,0.23207380179972342,0.05882428994921821,0.779908058001541,3552.14,3.1467391694325224,112.34714673913044,False,False,False,False,False,B,MID,0.3133144323554215,False
91.21106245799456,6.0696,Dead_Flowers,0.3156092166900635,1.0216281638709857,0.2892166425747449,0.10958488800883948,0.8065481676168043,3918.94,3.823090334672358,112.34714673913044,False,False,False,False,False,B,MID,0.3125253495607215,False
91.30357437499333,5.2627,Dead_Flowers,0.26606401801109314,0.9661785738557194,0.22601434557731706,0.05235893275521822,0.7388786339869093,3053.22,2.8993390677546103,112.34714673913044,False,False,False,False,False,B,MID,0.30997477729189704,False
91.39273337495979,15.2653,Dead_Flowers,0.320392906665802,1.1002490733767254,0.28898945459487907,0.04181016035298715,0.6796057084323325,2453.57,3.8318350181165624,112.34714673913044,False,False,False,False,False,B,MID,0.3095129990136665,False
91.4881782499724,4.6001,Dead_Flowers,0.4351971447467804,1.2616566466950045,0.2316426004026881,0.027120448227344194,0.603326993751299,1851.81,5.418866322739608,112.34714673913044,False,False,False,False,False,B,MID,0.3124390781706313,False
91.58260437496938,4.6699,Dead_Flowers,0.44962459802627563,2.151492890677938,0.25316440652659444,0.03475034569767482,0.6239605431676944,1998.26,2.210114176914436,112.34714673913044,False,False,False,False,False,B,MID,0.3155913698219685,False
91.67270095797721,7.1511,Dead_Flowers,0.3615216612815857,1.4605989705040219,0.29352632671026563,0.040648698747173515,0.6502621323657178,2201.86,2.850904280762081,112.34714673913044,False,False,False,False,False,B,MID,0.31615036575414335,False
91.76646358298603,3.7501,Dead_Flowers,0.34284868836402893,1.380025483017359,0.29366222847096374,0.03727200708043364,0.64347807476126,2147.44,2.9052461294138543,112.34714673913044,False,False,False,False,False,B,MID,0.31610645002894244,False
91.85633512499044,4.552,Dead_Flowers,0.2864094376564026,0.9772132735106355,0.16911877274875795,0.028278284976625524,0.6390124014480802,2112.35,3.7603996186024022,112.34714673913044,True,True,False,True,False,B,MID,1.0,False
91.95323958300287,4.8792,Dead_Flowers,0.32292306423187256,1.172788165489803,0.26178974862199306,0.05061064607551491,0.7109500995859125,2754.32,2.3486113404192617,112.34714673913044,False,False,False,False,False,B,MID,0.65,False
92.04230304196244,4.7275,Dead_Flowers,0.3095047175884247,1.062212006504672,0.2960329404851036,0.057431810295362797,0.7003427814783993,2648.63,2.2090785825693326,112.34714673913044,False,False,False,False,False,B,MID,0.42250000000000004,False
92.14015495800413,4.0272,Dead_Flowers,0.3036111295223236,1.00989123495162,0.2738239060743931,0.065304050612168,0.6904797952644293,2554.0,1.8649785660683658,112.34714673913044,False,False,False,False,False,B,MID,0.3113920456914542,False
92.22868041699985,3.9507,Dead_Flowers,0.28150641918182373,1.0337390721593909,0.21659701808121928,0.06408348013657496,0.7806352670691283,3561.68,2.338543410495147,112.34714673913044,False,False,False,False,False,B,MID,0.30949013491929117,False
92.32412116695195,3.742,Dead_Flowers,0.2875100076198578,0.9848577762042562,0.15138282884550464,0.10223965142894442,0.8908975727655538,5349.35,2.9320668179058105,112.34714673913044,False,False,False,False,False,B,MID,0.30790534176336015,False
92.41805779200513,5.0379,Dead_Flowers,0.2882404327392578,1.0638423672849542,0.17544886271732751,0.06440930688419658,0.8196836188044545,4113.51,3.2383198079324953,112.34714673913044,False,False,False,False,False,B,MID,0.3064265108840289,False
92.50811524997698,2.3227,Dead_Flowers,0.31013160943984985,1.0439923276751553,0.2816026059053004,0.0520907655376049,0.7173178538903191,2819.79,2.3478955403306303,112.34714673913044,False,False,False,False,False,B,MID,0.30579566182813767,False
92.60048737499164,4.0685,Dead_Flowers,0.3152367174625397,0.7846837789648369,0.3358650249480251,0.10637829861015863,0.7763624876585722,3505.98,2.8460090301894834,112.34714673913044,False,False,False,False,False,B,MID,0.30536994637534726,False
92.69323345797602,4.5073,Dead_Flowers,0.280998557806015,0.5786141630133601,0.3105522998483247,0.10001738574853838,0.7938850265172888,3740.08,2.937310274340906,112.34714673913044,False,False,False,False,False,B,MID,0.3037501599952735,False
92.78935408295365,4.1788,Dead_Flowers,0.2852061688899994,0.9056826182918747,0.2462221510638939,0.07058338605752407,0.7725892835097163,3457.52,2.8486729771868653,112.34714673913044,False,False,False,False,False,B,MID,0.3023676725627348,False
92.87764895800501,4.788,Dead_Flowers,0.23114123940467834,0.9143837517808365,0.20872264125823103,0.056455829210970004,0.7520134058736221,3204.8,2.641163824223579,112.34714673913044,False,False,False,False,False,B,MID,0.2988507553264382,False
92.97423166700173,4.3565,Dead_Flowers,0.18879008293151855,0.5563026962624955,0.2049173388101159,0.04478358665387323,0.7523931465821638,3209.29,3.849689301477919,112.34714673913044,False,False,False,False,False,B,MID,0.29334529752662936,False
93.06612420798047,2.2299,Dead_Flowers,0.1684601902961731,0.4368518174792437,0.19895074782300926,0.04470034359633879,0.7720493678499188,3450.64,2.4038973564340527,112.34714673913044,False,False,False,False,False,B,MID,0.28682648472754907,False
93.16081862495048,3.5757,Dead_Flowers,0.1899905502796173,0.36560838095387116,0.21540411983602525,0.048814482714211724,0.7456303635294691,3130.22,3.4725564683646537,112.34714673913044,False,False,False,False,False,B,MID,0.28199184904589536,False
93.24906249996275,4.2393,Dead_Flowers,0.20776455104351044,0.31627103283304353,0.27082759418893887,0.04888221635272615,0.7060507466390263,2704.99,3.040687990336601,112.34714673913044,False,False,False,False,False,B,MID,0.2783656631849362,False
93.34387516696006,3.9871,Dead_Flowers,0.2300596684217453,0.3715537575876535,0.30267059238673916,0.04606732674668757,0.6671478800439122,2343.37,5.618232807608192,112.34714673913044,False,False,False,False,False,B,MID,0.27599955353891126,False
93.43777091696393,15.3406,Dead_Flowers,0.19098706543445587,0.35186296027495256,0.25617028088179283,0.030774132184129756,0.6668324193248458,2340.64,1.998280694889116,112.34714673913044,False,False,False,False,False,B,MID,0.2717635857382389,False
93.52865308296168,2.102,Dead_Flowers,0.21013933420181274,0.18350478882091675,0.30751884571613325,0.035250541127777715,0.6497785234090834,2197.93,3.7210365234589493,112.34714673913044,False,False,False,False,False,B,MID,0.26877002546831563,False
93.62569791695569,2.7538,Dead_Flowers,0.21906472742557526,0.16857555248278472,0.2839334266336114,0.035660614858861475,0.6515157822512859,2212.06,2.3567120695495625,112.34714673913044,False,False,False,False,False,B,MID,0.26636752035806266,False
93.71652612497564,4.2708,Dead_Flowers,0.19388680160045624,0.20431538649261294,0.30989954704572686,0.030833277238001874,0.6331508198697842,2067.17,2.5452696376098256,112.34714673913044,False,False,False,False,False,B,MID,0.2627776530682631,False
93.8066392079927,4.0022,Dead_Flowers,0.17172783613204956,0.1663499031349662,0.2506240547730534,0.024259955674754353,0.6342237675609713,2075.37,3.1051036991662015,112.34714673913044,False,False,False,False,False,B,MID,0.25801052095019933,False
93.90072924998822,5.5272,Dead_Flowers,0.17333467304706573,0.2186852887621998,0.2546868527665323,0.025192494138203406,0.6205197747076815,1973.06,2.8524727464875075,112.34714673913044,False,False,False,False,False,B,MID,0.25358897167832584,False
93.99602333299117,5.3497,Dead_Flowers,0.19250641763210297,0.22755401592716912,0.2450307264961649,0.023391626406256326,0.6201033094871956,1970.03,2.7272598386363485,112.34714673913044,False,False,False,False,False,B,MID,0.25056014376496305,False
94.08924079197459,4.6005,Dead_Flowers,0.16123591363430023,0.18730387101131987,0.2688603333053033,0.02742758212798954,0.6223209609505245,1986.21,2.65998349786353,112.34714673913044,False,False,False,False,False,B,MID,0.24565881746882876,False
94.17924899997888,5.042,Dead_Flowers,0.1475682258605957,0.14413082031147745,0.20435228973976094,0.019433317799022926,0.616914955262982,1946.99,3.11493084884611,112.34714673913044,False,False,False,False,False,B,MID,0.23987585428128666,False
94.27396920800675,4.392,Dead_Flowers,0.1564079076051712,0.22448021564294582,0.21917344330823987,0.020008285492722898,0.5924230291242308,1778.8,3.0461707945960077,112.34714673913044,False,False,False,False,False,B,MID,0.23513469235719825,False
94.36968208296457,3.7674,Dead_Flowers,0.15955844521522522,0.38690424683926095,0.20644162274132014,0.017186054280938216,0.5781623105893872,1687.64,3.0459118708366524,112.34714673913044,False,False,False,False,False,B,MID,0.23087721241549328,False
94.45932429196546,5.6095,Dead_Flowers,0.15186259150505066,0.1677453885702996,0.2220272158021381,0.0159341307278578,0.5744994437732737,1664.99,2.413435645691393,112.34714673913044,False,False,False,False,True,C,MID,0.22621132781464223,False
94.55455291696126,6.5085,Dead_Flowers,0.15369313955307007,0.14452934820852426,0.23116353235555992,0.014333078013990808,0.5782123558085585,1687.96,2.729018530639781,112.34714673913044,False,False,False,False,False,C,LOW,0.0,False
94.64333304198226,1.6623,Dead_Flowers,0.13498102128505707,0.2711730109910287,0.1736562010514419,0.012977412741576998,0.5753455100663064,1670.2,3.613432409383262,112.34714673913044,False,False,False,False,False,C,LOW,0.0,False
94.73572491697269,3.5213,Dead_Flowers,0.1455625295639038,0.3845612480811547,0.1620512113085853,0.013675351653185414,0.5565025060470321,1558.05,3.9489636740609635,112.34714673913044,False,False,False,False,False,C,LOW,0.0,False
94.82973283296451,3.4431,Dead_Flowers,0.15197277069091797,0.16293808590076372,0.2352536527743974,0.012617169159053166,0.5464102736111822,1501.11,3.8332204173774533,112.34714673913044,False,False,False,False,False,C,LOW,0.0,False
94.92176170798484,3.2185,Dead_Flowers,0.13866029679775238,0.12219016344302605,0.2060608210195984,0.012030350520954717,0.5429878141513382,1482.28,2.7007204680458665,112.34714673913044,False,False,False,False,False,C,LOW,0.0,False
95.01689074997557,2.0991,Dead_Flowers,0.12861129641532898,0.2087786033104315,0.187795387955575,0.011916359999455022,0.5265072460560627,1394.85,2.849999409804188,112.34714673913044,False,False,False,False,False,C,LOW,0.0,False
95.10997779195895,2.1505,Dead_Flowers,0.1133851706981659,0.1550116253667268,0.1595469521322931,0.01077021185984607,0.5274374306803871,1399.64,2.9182002684331474,112.34714673913044,False,False,False,False,False,C,LOW,0.0,False
95.20557049999479,2.134,Dead_Flowers,0.10816304385662079,0.06798433506314938,0.16626253110916372,0.009407266235871937,0.5386419455965898,1458.7,2.5192785398509736,112.34714673913044,False,False,False,False,False,C,LOW,0.0,False
95.29416504199617,3.2241,Dead_Flowers,0.10026466846466064,0.09476029948946718,0.14412533875060796,0.008546727092981179,0.5291735805826144,1408.63,2.752296380178474,112.34714673913044,False,False,False,False,False,C,LOW,0.0,False
95.38683649996528,5.6356,Dead_Flowers,0.09637841582298279,0.21324959505176747,0.1372311451917837,0.008452333915044139,0.5100679375264333,1312.77,3.6662426348137553,112.34714673913044,False,False,False,False,False,C,LOW,0.0,False
95.4810878749704,13.5938,Dead_Flowers,0.10234851390123367,0.092135391411616,0.13827000972422065,0.01685260161124154,0.6494671769856558,2195.41,3.2696456746660902,112.34714673913044,True,True,False,True,False,C,LOW,0.0,False
95.57504349999363,4.3133,Dead_Flowers,0.09182725846767426,0.07617005253527384,0.1393591083433982,0.008028010669429358,0.546675994408685,1502.58,3.0746566975240754,112.34714673913044,False,False,False,False,False,C,LOW,0.0,False
95.6640363750048,4.5118,Dead_Flowers,0.08233515173196793,0.06748425476128578,0.12593880178976072,0.0067295406756868546,0.5179276164323771,1351.39,3.4024789562501403,112.34714673913044,False,False,False,False,False,C,LOW,0.0,False
95.75979499996174,5.6375,Dead_Flowers,0.08357341587543488,0.17831197769383705,0.11538661029763159,0.0063907061725855425,0.4920826923793398,1228.5,3.1109592680735143,112.34714673913044,False,False,False,False,False,C,LOW,0.0,False
95.85169195797062,3.4183,Dead_Flowers,0.08249286562204361,0.09921041660020252,0.11399102944892335,0.006442679000010363,0.5017880310225553,1273.28,2.4702422526164978,112.34714673913044,False,False,False,False,False,C,LOW,0.0,False
95.94564395799534,5.2368,Dead_Flowers,0.06884785741567612,0.08038955023221067,0.11095465820748067,0.005420006979378133,0.502152192323437,1274.99,2.495769797407055,112.34714673913044,False,False,False,False,False,C,LOW,0.0,False
96.0365616249619,3.7008,Dead_Flowers,0.0668320581316948,0.08923336819035818,0.09230397950605519,0.004725659677546966,0.4976146288812678,1253.83,3.1843155265066256,112.34714673913044,False,False,False,False,False,C,LOW,0.0,False
96.13210362498648,4.9961,Dead_Flowers,0.09362716227769852,0.16505303154591655,0.09713430661130151,0.005210804376132547,0.4911112889889097,1224.11,4.114404731429186,112.34714673913044,False,True,False,False,False,C,LOW,0.0,False
96.22578133299248,5.0069,Dead_Flowers,0.14789541065692902,0.3921064629232498,0.16769273447068364,0.008825479255973682,0.47967335561865415,1173.53,3.6318515558070454,112.34714673913044,False,False,False,False,False,C,LOW,0.0,False
96.31762079196051,3.8904,Dead_Flowers,0.09449945390224457,0.290662641108916,0.13935706146624122,0.005404123524017666,0.45293132842131123,1063.29,1.9005875483198607,112.34714673913044,False,False,False,False,False,C,LOW,0.0,False
96.41233637498226,4.6979,Dead_Flowers,0.07496659457683563,0.15998565468595163,0.11292662421315192,0.0047251145455931174,0.4614184061662553,1097.11,2.762475971341303,112.34714673913044,False,False,False,False,False,C,LOW,0.0,False
96.50146791699808,4.6972,Dead_Flowers,0.08373929560184479,0.12569644099201707,0.11080396845644133,0.004452597814581246,0.46627160150254204,1116.93,3.4080085941462808,112.34714673913044,False,False,False,False,False,C,LOW,0.0,False
96.59485208295519,4.5754,Dead_Flowers,0.06890331208705902,0.06574727355466092,0.10829428345032406,0.004165197626363588,0.47491887749034195,1153.13,2.082560551422421,112.34714673913044,False,False,False,False,False,C,LOW,0.0,False
96.68651554198004,4.2271,Dead_Flowers,0.05812109634280205,0.05579700754679827,0.09762795706721986,0.00347607373181813,0.48073536428311947,1178.14,2.5493921497510477,112.34714673913044,False,False,False,False,False,C,LOW,0.0,False
96.78154208295746,3.7355,Dead_Flowers,0.05408557876944542,0.07906868612274465,0.07737198349167132,0.002997390362192256,0.4741381735762728,1149.81,2.160554424530331,112.34714673913044,False,False,False,False,False,C,LOW,0.0,False
96.87599941698136,3.4144,Dead_Flowers,0.10618286579847336,0.06406879132011795,0.12904745872564283,0.02999617419627368,0.6494156649970422,2194.99,2.730268655911666,112.34714673913044,True,True,False,True,False,C,LOW,0.0,False
96.96621441695606,5.767,Dead_Flowers,0.060489848256111145,0.05905967810786258,0.1037208223235161,0.015469055904497838,0.6112130939073237,1906.47,2.53413059736108,112.34714673913044,False,False,False,False,False,C,LOW,0.0,False
97.06015987496357,5.5176,Dead_Flowers,0.058113567531108856,0.06036702560222834,0.08583726921021191,0.004544920148457,0.5056082200970331,1291.35,2.7871700277908555,112.34714673913044,False,False,False,False,False,C,LOW,0.0,False
97.15115299995523,4.5068,Dead_Flowers,0.05255013704299927,0.06783905957288432,0.07492673679055285,0.0026003272030903535,0.4665339687211673,1118.01,3.074118197491646,112.34714673913044,False,False,False,False,False,C,LOW,0.0,False
97.24669683299726,1.3077,Dead_Flowers,0.05484810471534729,0.07711839854412364,0.07453620995130344,0.0021595102242987934,0.4583193430200349,1084.64,2.1439714408893527,112.34714673913044,False,False,False,False,False,C,LOW,0.0,False
97.33866058295825,2.7485,Dead_Flowers,0.04916320741176605,0.07226917384449884,0.07644686081770707,0.0018562045329773502,0.4608516409663404,1094.82,2.496656675670194,112.34714673913044,False,False,False,False,False,C,LOW,0.0,False
97.43312245799461,2.6497,Dead_Flowers,0.04451804980635643,0.07019237817351147,0.06496694763077689,0.0014260501730246058,0.4528647318880808,1063.03,2.7441724669508907,112.34714673913044,False,False,False,False,False,C,LOW,0.0,False
97.5236953329877,16.1727,Dead_Flowers,0.047407060861587524,0.0795706072144634,0.0638760212104851,0.0014085490490980484,0.4480947714897488,1044.49,3.952721260261316,112.34714673913044,False,False,False,False,False,C,LOW,0.0,False
97.6196315419511,6.2708,Dead_Flowers,0.14328724145889282,0.11372826327874591,0.17301969235527964,0.010077185327036045,0.4996292774272453,1263.18,8.208977629872521,112.34714673913044,True,True,True,False,False,C,LOW,0.0,False
97.71101570798783,4.5803,Dead_Flowers,0.11811351776123047,0.11799679222409903,0.19048947675622518,0.005949577720559682,0.426022866994327,962.82,2.328953323707283,112.34714673913044,False,False,False,False,False,C,LOW,0.0,False
97.80557020800188,3.7987,Dead_Flowers,0.12314297258853912,0.11369627884222949,0.18160143522565378,0.003901254790060047,0.4103822130124992,908.84,2.168857820188273,112.34714673913044,False,False,False,False,False,C,LOW,0.0,False
97.89779479196295,4.3422,Dead_Flowers,0.0834994688630104,0.09716429890643709,0.14166051516158518,0.003419213377752998,0.4209605039774697,945.0,2.6892250209472595,112.34714673913044,False,False,False,False,False,C,LOW,0.0,False
97.9910590829677,4.8558,Dead_Flowers,0.08492796123027802,0.07314901671251321,0.11643116886345285,0.005604605364037632,0.4635262737365621,1105.67,2.834551676551229,112.34714673913044,False,False,False,False,False,C,LOW,0.0,False
98.08087199996226,4.3581,Dead_Flowers,0.08137813210487366,0.07703481737061847,0.132447660451489,0.002450612678620362,0.42833641217744367,971.07,3.2741068602892844,112.34714673913044,False,False,False,False,False,C,LOW,0.0,False
98.17650424997555,5.228,Dead_Flowers,0.06895693391561508,0.07391472623723445,0.10457986063535843,0.0024002024459024085,0.4338782884256436,991.13,2.1215804225672135,112.34714673913044,False,False,False,False,False,C,LOW,0.0,False
98.26561795797898,3.9102,Dead_Flowers,0.08874645084142685,0.06215689962989203,0.09741970665514003,0.005895050703503275,0.5089442452653348,1307.34,2.5867720418128908,112.34714673913044,True,True,False,True,False,C,LOW,0.0,False
98.36040083295666,3.873,Dead_Flowers,0.09542439877986908,0.0519758008214068,0.15512092732916188,0.029666398306242025,0.7145571043449198,2791.22,2.5258822844374627,112.34714673913044,False,True,False,False,False,C,LOW,0.0,False
98.45455537497764,4.7907,Dead_Flowers,0.06547831743955612,0.05139844637445765,0.09671580407876522,0.006042632605759666,0.5967101722405583,1807.16,2.419351915540422,112.34714673913044,False,False,False,False,False,C,LOW,0.0,False
98.54565833299421,4.9909,Dead_Flowers,0.05993088707327843,0.05675277576183123,0.08876193806028648,0.0024906739562686603,0.4891841850259842,1215.44,2.4691018803218214,112.34714673913044,False,False,False,False,False,C,LOW,0.0,False
98.64101304195356,6.0117,Dead_Flowers,0.06239309161901474,0.05232014400385637,0.09126922865727559,0.003786454431795333,0.48066664308908297,1177.84,2.8552505486880055,112.34714673913044,False,False,False,False,False,C,LOW,0.0,False
98.73135962500237,5.5266,Dead_Flowers,0.06773310899734497,0.08174833355351457,0.08998493569972439,0.002809542293834949,0.4548394731342361,1070.8,3.422204315029349,112.34714673913044,False,False,False,False,False,C,LOW,0.0,False
98.82715274998918,4.4974,Dead_Flowers,0.0889570489525795,0.20481791422241497,0.10260218851364003,0.0037120479309039004,0.42927452900371454,974.44,4.996130203857536,112.34714673913044,False,False,False,False,False,C,LOW,0.0,False
98.91547624999657,4.9481,Dead_Flowers,0.111402228474617,0.08031271765834587,0.15784177157317114,0.0023242813867819464,0.40007627867628126,874.94,2.849631987175572,112.34714673913044,False,False,False,False,False,C,LOW,0.0,False
99.01090433297213,5.1003,Dead_Flowers,0.1694144606590271,0.18416157451593676,0.18148707453815757,0.004911695799915893,0.4235065655443166,953.92,8.168277453707706,112.34714673913044,True,True,True,False,False,C,LOW,0.0,False
99.10461666696938,4.587,Dead_Flowers,0.1709073930978775,0.3737867741374556,0.2704052186046371,0.005612350947768155,0.37458752442572996,796.42,2.0350300927635168,112.34714673913044,False,False,False,False,False,C,LOW,0.0,False
99.1944101669942,3.5303,Dead_Flowers,0.13051514327526093,0.3113949032562146,0.16284465296676826,0.00317119481015393,0.35859474406114855,750.79,3.727262025474062,112.34714673913044,False,False,False,False,False,C,LOW,0.0,False
99.28880333295092,4.8023,Dead_Flowers,0.13437750935554504,0.19826290383864512,0.1986009752059335,0.0027055963913908783,0.3585989675145946,750.8,2.7683908654069938,112.34714673913044,False,False,False,False,False,C,LOW,0.0,False
99.3832514169626,5.0698,Dead_Flowers,0.12706120312213898,0.14270327175479486,0.19038656287340652,0.002896439122080202,0.3861307117865864,831.06,2.6196281579359013,112.34714673913044,False,False,False,False,False,C,LOW,0.0,False
99.47416791698197,4.5704,Dead_Flowers,0.1134745329618454,0.13061162055435258,0.17439911963306684,0.0017360309396108557,0.38568723703691127,829.71,3.2677584796024566,112.34714673913044,False,False,False,False,False,C,LOW,0.0,False
99.56825474998914,8.303,Dead_Flowers,0.09741196781396866,0.13447145288613452,0.14087305387320176,0.001651421187951221,0.39556961963136733,860.51,3.487494823682965,112.34714673913044,False,False,False,False,False,C,LOW,0.0,False
99.6610977499513,2.3206,Dead_Flowers,0.09322207421064377,0.1479167716327875,0.15876424427534924,0.0013802726429099283,0.3786387312281408,808.41,4.067649109332564,112.34714673913044,False,False,False,False,False,C,LOW,0.0,False
99.75336679199245,1.4312,Dead_Flowers,0.0,0.026974351106639278,0.03766703765677314,0.0006693395916672329,0.31485631834499006,638.92,0.48135162157837535,112.34714673913044,False,False,False,False,False,C,LOW,0.0,False
99.84860066697001,1.1879,Dead_Flowers,0.0,0.0,0.0,0.0,0.0,200.0,0.0,112.34714673913044,False,False,False,False,False,C,LOW,0.0,False
99.93981762498152,0.9424,Dead_Flowers,0.0,0.0,0.0,0.0,0.0,200.0,0.0,112.34714673913044,False,False,False,False,False,C,LOW,0.0,False
100.0330123329768,0.9733,Dead_Flowers,0.0,0.0,0.0,0.0,0.0,200.0,0.0,112.34714673913044,False,False,False,False,False,C,LOW,0.0,False
100.12746558297658,1.1137,Dead_Flowers,0.0,0.0,0.0,0.0,0.0,200.0,0.0,112.34714673913044,False,False,False,False,False,C,LOW,0.0,False
100.21876779198647,0.9278,Dead_Flowers,0.0,0.0,0.0,0.0,0.0,200.0,0.0,112.34714673913044,False,False,False,False,False,C,LOW,0.0,False
100.31194070796482,0.9162,Dead_Flowers,0.0,0.0,0.0,0.0,0.0,200.0,0.0,112.34714673913044,False,False,False,False,False,C,LOW,0.0,False
100.40362512500724,1.2211,Dead_Flowers,0.0,0.0,0.0,0.0,0.0,200.0,0.0,112.34714673913044,False,False,False,False,False,C,LOW,0.0,False
100.49577983299969,1.2832,Dead_Flowers,0.0,0.0,0.0,0.0,0.0,200.0,0.0,112.34714673913044,False,False,False,False,False,C,LOW,0.0,False
100.58845812495565,4.401,Dead_Flowers,0.0,0.0,0.0,0.0,0.0,200.0,0.0,112.34714673913044,False,False,False,False,False,C,LOW,0.0,False
100.68233733298257,4.127,Dead_Flowers,0.0,0.0,0.0,0.0,0.0,200.0,0.0,112.34714673913044,False,False,False,False,False,C,LOW,0.0,False
100.77797649998683,4.4198,Dead_Flowers,0.0,0.0,0.0,0.0,0.0,200.0,0.0,112.34714673913044,False,False,False,False,False,C,LOW,0.0,False
100.86704608297441,4.3896,Dead_Flowers,0.0,0.0,0.0,0.0,0.0,200.0,0.0,112.34714673913044,False,False,False,False,False,C,LOW,0.0,False
100.96135258296272,5.4365,Dead_Flowers,0.0,0.0,0.0,0.0,0.0,200.0,0.0,112.34714673913044,False,False,False,False,False,C,LOW,0.0,False
101.05394174996763,3.8503,Dead_Flowers,0.0,0.0,0.0,0.0,0.0,200.0,0.0,112.34714673913044,False,False,False,False,False,C,LOW,0.0,False
