timestamp,processing_time_ms,track_id,rms,rms_bass,rms_mid,rms_high,spectral_centroid,spectral_centroid_hz,onset_strength,bpm,is_beat,is_raw_beat,is_beat_bass,is_beat_high,is_section_boundary,current_section,energy_state,dimmer,strobe_bass
155.01798766700085,3.4537,Thunderstruck,0.02664407715201378,0.009883954148396398,0.01587855152503289,0.005500019306559032,0.5706863900703228,1641.74,56.39910499846929,120.0,False,False,False,False,False,A,LOW,0.0,False
155.1105774169555,2.4762,Thunderstruck,0.07023930549621582,0.062279246791289315,0.06855236850199294,0.022150305200210323,0.7855254936437254,3626.51,3.7439156290661755,120.0,False,False,False,False,False,A,LOW,0.0,False
155.20524158299668,2.2832,Thunderstruck,0.06809396296739578,0.06574324008841262,0.09007542320854221,0.026181793388920883,0.7282873080717485,2936.23,2.8807738136654097,120.0,False,False,False,False,False,A,LOW,0.0,False
155.29852066695457,1.1941,Thunderstruck,0.05768056958913803,0.049148149739223476,0.07816295472168704,0.02033029924656797,0.7063978136578062,2708.46,3.2655210957237415,120.0,False,False,False,False,False,A,LOW,0.0,False
155.38932908297284,3.1897,Thunderstruck,0.04890241101384163,0.062482648434262336,0.06601611199538772,0.016543419489556583,0.7125302249180007,2770.42,2.901974249841948,120.0,False,False,False,False,False,A,LOW,0.0,False
155.4819191249553,3.7963,Thunderstruck,0.040169574320316315,0.05900695940259375,0.050762351626684375,0.01648279445163717,0.6977990277555325,2623.89,3.3592876321732863,120.0,False,False,False,False,False,A,LOW,0.0,False
155.57419587497134,3.7106,Thunderstruck,0.07419750839471817,0.06413477886961703,0.07557013718875129,0.022709488848543655,0.7854553513448083,3625.57,3.3901152192311006,120.0,False,False,False,False,False,A,LOW,0.0,False
155.66956170799676,4.3552,Thunderstruck,0.07242722809314728,0.06826823551154351,0.09077592736448056,0.026892089551418575,0.7221171010371515,2870.15,3.1413449437806125,120.0,False,False,False,False,False,A,LOW,0.0,False
155.75816066697007,3.4403,Thunderstruck,0.06352385133504868,0.03594733345077141,0.08561020426993825,0.024132122965109505,0.7039258105896888,2683.87,2.6887904425753453,120.0,False,False,False,False,False,A,LOW,0.0,False
155.85158466699068,3.8817,Thunderstruck,0.059066060930490494,0.0475541179971493,0.07963199077235998,0.02075620882459097,0.6966397331396997,2612.69,2.756971785242369,120.0,False,False,False,False,False,A,LOW,0.0,False
155.94579629198415,4.6008,Thunderstruck,0.06189641356468201,0.038667161409229586,0.07395752539728392,0.018025063548032495,0.688762854102237,2537.87,3.497747634430976,120.0,False,False,False,False,False,A,LOW,0.0,False
156.03716608299874,4.9689,Thunderstruck,0.08320724964141846,0.07155645638827693,0.09602213762917151,0.025256230185288494,0.7791286040395978,3541.94,3.4433766130915844,120.0,False,False,False,False,False,A,LOW,0.0,False
156.13124433299527,3.753,Thunderstruck,0.07022346556186676,0.05061878718300646,0.10435116459424897,0.023326016176867262,0.7083687780784457,2728.22,3.5922917972655295,120.0,False,False,False,False,False,A,LOW,0.0,False
156.22587808297249,3.5107,Thunderstruck,0.06660296022891998,0.030547103951859285,0.08867484448394931,0.02068013387775577,0.7000584717783147,2645.85,2.9904088638932467,120.0,False,False,False,False,False,A,LOW,0.0,False
156.31986012496054,3.9629,Thunderstruck,0.056260041892528534,0.04635215789445863,0.0818355723982375,0.019356738266775118,0.6886368965978246,2536.69,3.9606123667016817,120.0,False,False,False,False,False,A,LOW,0.0,False
156.40739837498404,3.524,Thunderstruck,0.059425193816423416,0.06291046139452858,0.07581400464028897,0.012880637358661687,0.6913750231858128,2562.44,3.2594728058012308,120.0,False,False,False,False,False,A,LOW,0.0,False
156.50473975000205,3.1823,Thunderstruck,0.08047520369291306,0.049207624197185176,0.09132380722670565,0.02631177580068812,0.7725728779090997,3457.31,3.203290916352083,120.0,False,False,False,False,False,A,LOW,0.0,False
156.59696254198207,3.9704,Thunderstruck,0.07295490056276321,0.03453503156228637,0.10371403853688763,0.025879224530736492,0.7087037753156014,2731.59,2.1317488304828074,120.0,False,False,False,False,False,A,LOW,0.0,False
156.69204533298034,1.0184,Thunderstruck,0.06593170762062073,0.03793709252708649,0.08372061170369671,0.023996621105930697,0.7271534862159177,2923.97,3.0958263572536797,120.0,False,False,False,False,False,A,LOW,0.0,False
156.78052029199898,1.2276,Thunderstruck,0.06869827955961227,0.04050088772740593,0.08766980794417456,0.023372686166249892,0.7082235976008284,2726.76,3.444220241815415,120.0,False,False,False,False,False,A,LOW,0.0,False
156.87503199995263,1.7022,Thunderstruck,0.08543664216995239,0.038174094537959447,0.099366521424633,0.028788561197187063,0.7379592168927191,3042.88,4.622195322086337,120.0,False,False,False,False,False,A,LOW,0.0,False
156.96460645797197,7.4226,Thunderstruck,0.07573849707841873,0.07522238841136597,0.09776169875784958,0.02939172692064551,0.7503282664665973,3184.94,2.947337078983722,117.45383522727273,False,False,False,False,False,A,LOW,0.0,False
157.0603879999835,4.9862,Thunderstruck,0.062467701733112335,0.08527198622281162,0.08698532132993286,0.022749885496960897,0.7030091500440826,2674.81,3.6763399515902,117.45383522727273,False,False,False,False,False,A,LOW,0.0,False
157.15592287498293,5.6728,Thunderstruck,0.044526685029268265,0.07317618506112256,0.06047126714133197,0.017374485360184377,0.718953051904689,2836.85,3.3185003550481507,117.45383522727273,False,False,False,False,False,A,LOW,0.0,False
157.24602645798586,2.0387,Thunderstruck,0.033226173371076584,0.05587915717155929,0.04437151008350113,0.012431410379986664,0.6925018317937355,2573.12,3.7035881651077305,117.45383522727273,False,False,False,False,False,A,LOW,0.0,False
157.34134929196443,3.4473,Thunderstruck,0.03575880825519562,0.040407104878573914,0.03527879142649796,0.01588865197406732,0.8095270719579682,3962.24,2.595039703398357,117.45383522727273,False,False,False,False,False,A,LOW,0.0,False
157.4305557499756,3.5344,Thunderstruck,0.024795571342110634,0.020910105313491606,0.028323656228535457,0.015546640134073336,0.8414070559652026,4456.71,2.346742552590685,117.45383522727273,False,False,False,False,False,A,LOW,0.0,False
157.52744899998652,2.2286,Thunderstruck,0.021931223571300507,0.023206305298163983,0.02106024645589616,0.012313126651509687,0.7430006152343953,3100.0,3.560503374922867,117.45383522727273,False,False,False,False,False,A,LOW,0.0,False
157.61472883296665,1.9588,Thunderstruck,0.02303837239742279,0.012803804368339248,0.022428970923095808,0.010813891828702349,0.7808930832350833,3565.07,3.8250336161241427,117.45383522727273,False,False,False,False,False,A,LOW,0.0,False
157.71114083298016,1.9165,Thunderstruck,0.02196948230266571,0.012161489158675523,0.025241177794124898,0.009217395117423925,0.68798386389721,2530.59,3.8754153777205933,117.45383522727273,False,False,False,False,False,A,LOW,0.0,False
157.80308258300647,2.7507,Thunderstruck,0.03025680221617222,0.011253183600116165,0.02364222826667954,0.015970267480330043,0.8465583604296316,4542.21,3.8636145451439527,117.45383522727273,False,False,False,False,False,A,LOW,0.0,False
157.8934540419723,4.2295,Thunderstruck,0.022539453580975533,0.017417114958591873,0.0214369482455975,0.012293212875461059,0.8445452953218427,4508.61,5.996503452846125,117.45383522727273,False,False,False,False,False,A,LOW,0.0,False
157.98761533299694,4.5824,Thunderstruck,0.022494424134492874,0.02023385132492686,0.024645245063984494,0.00959271791504712,0.7422455613555815,3091.38,3.701180919915163,117.45383522727273,False,False,False,False,False,A,LOW,0.0,False
158.084323166986,4.2947,Thunderstruck,0.02339123748242855,0.00913033612926129,0.028008538017457462,0.011733174586704045,0.7557420804217215,3249.18,6.212532187954378,117.45383522727273,False,False,False,False,False,A,LOW,0.0,False
158.17213074996835,4.8668,Thunderstruck,0.022229570895433426,0.015202869020338065,0.027542570903431627,0.009423016732003152,0.6610160490223951,2290.96,5.05329733423445,117.45383522727273,False,False,False,False,False,A,LOW,0.0,False
158.26599416695535,4.4257,Thunderstruck,0.03408508002758026,0.00978900705051778,0.022923796861298078,0.0186879527663607,0.8828078539091045,5192.08,3.24045746394097,117.45383522727273,False,False,False,False,False,A,LOW,0.0,False
158.36078745796112,3.7973,Thunderstruck,0.022966379299759865,0.021514242213320593,0.021550564067398872,0.013119870908173315,0.8047835487674277,3893.51,6.443143158969192,117.45383522727273,False,False,False,False,False,A,LOW,0.0,False
158.45082187495427,3.6829,Thunderstruck,0.04058834910392761,0.04980501326440891,0.0342823016528737,0.010873861876119153,0.7320281575228167,2977.03,5.741032414066651,117.45383522727273,False,False,False,False,False,A,LOW,0.0,False
158.5446156669641,4.3418,Thunderstruck,0.057158298790454865,0.08463887605878807,0.06124108991192331,0.019804932449471416,0.7460465391549472,3135.03,2.929668918375536,117.45383522727273,False,False,False,False,False,A,LOW,0.0,False
158.6393922919524,4.022,Thunderstruck,0.06389743834733963,0.0793832425131373,0.07152572367617074,0.022943366524768877,0.7206866079768958,2855.05,3.221364329076681,117.45383522727273,False,False,False,False,False,A,LOW,0.0,False
158.7313040419831,5.564,Thunderstruck,0.08037013560533524,0.09876657413503999,0.08329651921011184,0.02794926725837685,0.7834143421832813,3598.38,3.312663088224632,117.45383522727273,False,False,False,False,False,A,LOW,0.0,False
158.82829974999186,3.7822,Thunderstruck,0.07851674407720566,0.031668869237432555,0.10081058338500389,0.032383755615202785,0.7105294173354721,2750.05,3.4698721303354563,117.45383522727273,False,False,False,False,False,A,LOW,0.0,False
158.9180613749777,4.0109,Thunderstruck,0.0637928768992424,0.0705731970222601,0.0888340959037338,0.022948845682035878,0.7042468427459193,2687.05,4.457954048936205,117.45383522727273,False,False,False,False,False,A,LOW,0.0,False
159.01227558299433,9.53,Thunderstruck,0.054843731224536896,0.07444692587366464,0.07401507909552998,0.018531083573329728,0.6988078803632678,2633.67,2.438310133835367,126.72650642942585,False,False,False,False,False,A,LOW,0.0,False
159.10359354200773,5.6285,Thunderstruck,0.05496896058320999,0.03592160081239963,0.06383166720254427,0.01747700134380815,0.7184932870294115,2832.04,3.3816102052735717,126.72650642942585,False,False,False,False,False,A,LOW,0.0,False
159.19603520800592,4.914,Thunderstruck,0.07734263688325882,0.06373916089046539,0.09119422251386894,0.0248148726372804,0.7764546986349815,3507.17,2.8339991787827272,126.72650642942585,False,False,False,False,False,A,LOW,0.0,False
159.28748133295448,2.7928,Thunderstruck,0.07153906673192978,0.06648210006268376,0.09462168838634498,0.025897152680164716,0.7026100736287116,2670.87,3.2684304856580204,126.72650642942585,False,False,False,False,False,A,LOW,0.0,False
159.38081062497804,3.362,Thunderstruck,0.06450393795967102,0.0719705325891097,0.07961971976623752,0.023317485074750184,0.7131449784749184,2776.71,3.0185012579865225,126.72650642942585,False,False,False,False,False,A,LOW,0.0,False
159.47290508297738,4.4214,Thunderstruck,0.06682596355676651,0.04157947284089815,0.08262191300922458,0.02375431658465833,0.7059543784301138,2704.03,2.8076814331486286,126.72650642942585,False,False,False,False,False,A,LOW,0.0,False
159.5682958329562,3.4285,Thunderstruck,0.07175882160663605,0.047995322301349626,0.0838721071485795,0.024973264531682988,0.7464342727103533,3139.51,3.3313149060933718,126.72650642942585,False,False,False,False,False,A,LOW,0.0,False
159.66212154197274,5.1253,Thunderstruck,0.08343555778265,0.061243904885369016,0.10570921784602427,0.02690313101483713,0.749043499798178,3169.88,3.8716734917116864,126.72650642942585,False,False,False,False,False,A,LOW,0.0,False
159.7571009999956,2.1805,Thunderstruck,0.066365085542202,0.04206223190096198,0.09651804856664678,0.02640789251620322,0.7033360862953256,2678.04,2.6195443660002673,126.72650642942585,False,False,False,False,False,A,LOW,0.0,False
159.8438370829681,0.946,Thunderstruck,0.06888153403997421,0.07123830361877655,0.08475305340451929,0.022165680705491523,0.7240543589930443,2890.74,2.751999687403814,126.72650642942585,False,False,False,False,False,A,LOW,0.0,False
159.93719349999446,1.2458,Thunderstruck,0.06409682333469391,0.06721687095651273,0.07907085258657898,0.022979339716234035,0.70213120590061,2666.16,3.4568723508567496,126.72650642942585,False,False,False,False,False,A,LOW,0.0,False
160.0329942079843,1.1352,Thunderstruck,0.06799846142530441,0.04990892554891698,0.08425598407924327,0.023289878993952566,0.7603341724173361,3304.69,3.4608085345329473,126.72650642942585,False,False,False,False,False,A,LOW,0.0,False
160.12483549996978,2.328,Thunderstruck,0.08324598520994186,0.04673610478158298,0.10864753784363258,0.02486805154837957,0.7382351810535429,3045.98,3.793020410319727,126.72650642942585,False,False,False,False,False,A,LOW,0.0,False
160.2185372079839,1.746,Thunderstruck,0.07730463892221451,0.030794525800307573,0.10162562316899308,0.02737017337705379,0.7042611380351026,2687.19,3.3340201740466537,126.72650642942585,False,False,False,False,False,A,LOW,0.0,False
160.31323004199658,1.1905,Thunderstruck,0.07322971522808075,0.03178001934927889,0.08767074823730452,0.02940586801802918,0.7301470198348506,2956.44,2.6941579152227577,126.72650642942585,False,False,False,False,False,A,LOW,0.0,False
160.40182179195108,1.591,Thunderstruck,0.07350976020097733,0.03430098276536517,0.08525865346343836,0.028341122164879023,0.7186310334625058,2833.48,5.210641591490568,126.72650642942585,False,False,False,False,False,A,LOW,0.0,False
160.49975949997315,5.1305,Thunderstruck,0.08898084610700607,0.05751478245289595,0.10490939842847462,0.032951536051251784,0.7690192426381068,3412.28,4.023817245721935,126.72650642942585,False,False,False,False,False,A,LOW,0.0,False
160.58925999997882,3.085,Thunderstruck,0.07662378996610641,0.05824098766648558,0.10496273000739047,0.028435465313252927,0.7296640622323253,2951.18,3.874724353964648,126.72650642942585,False,False,False,False,False,A,LOW,0.0,False
160.68272316700313,5.2067,Thunderstruck,0.05812768638134003,0.06745785902780298,0.07616505131106112,0.023501514223951702,0.7157715452385741,2803.75,2.618165987951612,126.72650642942585,False,False,False,False,False,A,LOW,0.0,False
160.77368258300703,4.7465,Thunderstruck,0.045796871185302734,0.06576796247244122,0.0639632737781632,0.018238654310294866,0.7180309046110697,2827.21,2.870887690494302,126.72650642942585,False,False,False,False,False,A,LOW,0.0,False
160.86859799997183,3.7347,Thunderstruck,0.036911699920892715,0.04971657628493571,0.04913010744350286,0.011963842781303613,0.700417819975288,2649.36,2.6053500181526617,126.72650642942585,False,False,False,False,False,A,LOW,0.0,False
160.96237266698154,5.3058,Thunderstruck,0.03266332671046257,0.028839562462708385,0.028572361337560866,0.020193648979055963,0.8637642150475648,4839.85,2.1397163407786675,126.72650642942585,False,False,False,False,False,A,LOW,0.0,False
161.0551015829551,11.6578,Thunderstruck,0.025677645578980446,0.023175043293679202,0.024275373694910642,0.012856887347289816,0.7829653248587767,3592.42,3.7986233527345044,135.99917763157896,False,False,False,False,False,A,LOW,0.0,False
161.1503967079916,4.2593,Thunderstruck,0.02364044450223446,0.011961823766952696,0.024278458466855588,0.011909126498560579,0.7698866524690369,3423.22,3.183324565112868,135.99917763157896,False,False,False,False,False,A,LOW,0.0,False
161.23908720799955,5.2398,Thunderstruck,0.023776067420840263,0.010311170738461002,0.02192526148863078,0.012692680076131805,0.7404845155141191,3071.36,3.7785627236386246,135.99917763157896,False,False,False,False,False,A,LOW,0.0,False
161.33045595797012,3.9598,Thunderstruck,0.02976454421877861,0.012777739321857216,0.02609733011914288,0.012707461195143138,0.7263321275126382,2915.13,3.5023614473549296,135.99917763157896,False,False,False,False,False,A,LOW,0.0,False
161.42787862499245,1.6618,Thunderstruck,0.02745741605758667,0.00970001731803151,0.020986233163499166,0.019121721050434193,0.8879525880713124,5291.55,5.166787814003688,135.99917763157896,False,False,False,False,False,A,LOW,0.0,False
161.51680899999337,3.3612,Thunderstruck,0.024261482059955597,0.010615842619958845,0.023870232443597157,0.01195215878567669,0.7615627082777693,3319.7,5.002203723870852,135.99917763157896,False,False,False,False,False,A,LOW,0.0,False
161.61416533298325,3.0645,Thunderstruck,0.02343803644180298,0.009279519963701363,0.024579387873004212,0.011207766069430278,0.7736223709605397,3470.72,4.070617529318785,135.99917763157896,False,False,False,False,False,A,LOW,0.0,False
161.70216774998698,4.8104,Thunderstruck,0.021821776404976845,0.007956148140896076,0.018827503322122754,0.012600993307109398,0.7225462783043924,2874.7,7.014320922819202,135.99917763157896,False,False,False,False,False,A,LOW,0.0,False
161.79758224997204,2.863,Thunderstruck,0.02915859967470169,0.012376536566478443,0.025254522572213195,0.01192758350179902,0.7657498191837879,3371.38,3.9074757900880823,135.99917763157896,False,False,False,False,False,A,LOW,0.0,False
161.8921309169964,5.0073,Thunderstruck,0.028280312195420265,0.006106591690048141,0.025824795016466454,0.01812330386267692,0.87232839508103,4995.19,3.798697582303546,135.99917763157896,False,False,False,False,False,A,LOW,0.0,False
161.98165479197633,3.4664,Thunderstruck,0.02596774883568287,0.019232718207735044,0.023589119611755655,0.011310691874355202,0.7521500599928957,3206.41,5.5365252651470085,135.99917763157896,False,False,False,False,False,A,LOW,0.0,False
162.07754020800348,4.2437,Thunderstruck,0.05030352994799614,0.05560791823726318,0.04892797330121633,0.01639214626269131,0.7489231688758791,3168.47,5.4124626174103385,135.99917763157896,False,False,False,False,False,A,LOW,0.0,False
162.1659776669694,5.8785,Thunderstruck,0.05141155794262886,0.044012835181349026,0.06211345664349161,0.018861582458257267,0.7342095842595148,3001.08,3.293216805607043,135.99917763157896,False,False,False,False,False,A,LOW,0.0,False
162.2629439579905,4.6043,Thunderstruck,0.06602982431650162,0.09096040745596853,0.06588577915357417,0.02207833359404211,0.7620665527169663,3325.88,3.6637155109148853,135.99917763157896,False,False,False,False,False,A,LOW,0.0,False
162.3527791670058,4.8505,Thunderstruck,0.0733160451054573,0.08195118833130074,0.09260791139442438,0.027564301107587574,0.7516825532409921,3200.89,2.849380593804634,135.99917763157896,False,False,False,False,False,A,LOW,0.0,False
162.45064166700467,4.0401,Thunderstruck,0.06564189493656158,0.050486966179605706,0.08440876314030557,0.02254907019933296,0.7082973614346715,2727.5,3.1599074188993512,135.99917763157896,False,False,False,False,False,A,LOW,0.0,False
162.5391633749823,3.0977,Thunderstruck,0.06144557520747185,0.052951024740916945,0.08529742642804534,0.02150949507619489,0.7104647365428224,2749.39,3.4915630862839375,135.99917763157896,False,False,False,False,False,A,LOW,0.0,False
162.63612037495477,4.3596,Thunderstruck,0.04935832321643829,0.04097481534641181,0.06574629811822158,0.01643213113522827,0.695571771617765,2602.42,3.0469316310716437,135.99917763157896,False,False,False,False,False,A,LOW,0.0,False
162.72814049996668,5.4075,Thunderstruck,0.05928630754351616,0.041225264246660516,0.06944775698620402,0.019590938647772446,0.7656939113953506,3370.68,4.057901008615877,135.99917763157896,False,False,False,False,False,A,LOW,0.0,False
162.81941920798272,4.539,Thunderstruck,0.06946320086717606,0.05466011652661807,0.08767090580796395,0.023274997961867744,0.7435276472322083,3106.03,3.0429774273529264,135.99917763157896,False,False,False,False,False,A,LOW,0.0,False
162.90994091698667,4.3473,Thunderstruck,0.06280714273452759,0.053150828235645965,0.08068077953818895,0.02151720663709398,0.7060587349760845,2705.07,3.2172598775261902,135.99917763157896,False,False,False,False,False,A,LOW,0.0,False
163.0059249170008,4.0271,Thunderstruck,0.05857554078102112,0.07797371953473693,0.07586326654759366,0.021075024808059617,0.7106332473202585,2751.1,3.3048637571817197,135.99917763157896,False,False,False,False,False,A,LOW,0.0,False
163.09977004199754,12.4282,Thunderstruck,0.05981772765517235,0.04761824182401944,0.07180760084133057,0.01993608355007264,0.6978419362135836,2624.31,4.198438744641731,135.99917763157896,False,False,False,False,False,A,LOW,0.0,False
163.1905222919886,4.8871,Thunderstruck,0.0793081670999527,0.08058774982770966,0.09178850977983039,0.02472793263901676,0.7624086062469249,3330.08,3.7050251625812614,135.99917763157896,False,False,False,False,False,A,LOW,0.0,False
163.2858522500028,5.0481,Thunderstruck,0.06942268460988998,0.04201008225283835,0.09628755799656948,0.024848278517505994,0.7281249022246508,2934.47,3.280530209244879,135.99917763157896,False,False,False,False,False,A,LOW,0.0,False
163.37797824997688,3.9014,Thunderstruck,0.06628987938165665,0.030491286007581577,0.08314443732400308,0.021462328447073256,0.7074417493930834,2718.91,2.9023735471239216,135.99917763157896,False,False,False,False,False,A,LOW,0.0,False
163.47145395795815,2.5713,Thunderstruck,0.06391521543264389,0.044889003256511205,0.08704016030331195,0.023506968248764516,0.7009634853634622,2654.7,2.7316203405509785,135.99917763157896,False,False,False,False,False,A,LOW,0.0,False
163.56180337496335,3.9213,Thunderstruck,0.06087317317724228,0.03979286105194431,0.08221542587591474,0.016716152152767918,0.6779683176162059,2438.8,4.178344944341187,135.99917763157896,False,False,False,False,False,A,LOW,0.0,False
163.65690775000257,4.9795,Thunderstruck,0.078056201338768,0.0666614986399326,0.09117585226557157,0.02418609870529886,0.7593917055213565,3293.22,3.3291332079387335,135.99917763157896,False,False,False,False,False,A,LOW,0.0,False
163.74492475000443,4.3603,Thunderstruck,0.08028906583786011,0.053620609616590445,0.10784369571139035,0.025982395394340788,0.7171829138856107,2818.38,3.1404552297708834,135.99917763157896,False,False,False,False,False,A,LOW,0.0,False
163.8409886249574,5.0181,Thunderstruck,0.07354734092950821,0.035869448944683566,0.10238413450833637,0.02224054845063163,0.7092355250148773,2736.96,3.2993875604276535,135.99917763157896,False,False,False,False,False,A,LOW,0.0,False
163.93283691699617,4.1498,Thunderstruck,0.06830765306949615,0.036430137390433395,0.0885515790811742,0.02314251926271684,0.7122004049746263,2767.05,4.289129835585854,135.99917763157896,False,False,False,False,False,A,LOW,0.0,False
164.0267362499726,3.6099,Thunderstruck,0.07988835871219635,0.039718362066457964,0.09443156973478434,0.02349809503665408,0.7115639854371807,2760.57,3.8831972599672753,135.99917763157896,False,False,False,False,False,A,LOW,0.0,False
164.12110129196662,5.0643,Thunderstruck,0.08675406873226166,0.07085200010775988,0.10780738334203294,0.03174561709881921,0.7698120260020697,3422.28,2.6314814435483207,135.99917763157896,False,False,False,False,False,A,LOW,0.0,False
164.21329987497302,4.6411,Thunderstruck,0.06676526367664337,0.05273965941779305,0.09584318364881206,0.028554064031407658,0.7198616345381975,2846.37,3.710714475546905,135.99917763157896,False,False,False,False,False,A,LOW,0.0,False
164.3036475830013,4.3615,Thunderstruck,0.05081072449684143,0.06681270092863859,0.06578662915460445,0.020997995985187163,0.725695486596141,2908.29,2.702269384985186,135.99917763157896,False,False,False,False,False,A,LOW,0.0,False
164.39904470799956,4.7342,Thunderstruck,0.03835273161530495,0.04495188554682787,0.04974803237727155,0.01577786172577511,0.726018889373124,2911.76,2.589851510397392,135.99917763157896,False,False,False,False,False,A,LOW,0.0,False
164.48938495799666,2.2231,Thunderstruck,0.17002129554748535,0.11893451710468886,0.05586709734695233,0.02001553024746607,0.7893940983567116,3678.63,15.60401296746067,135.99917763157896,True,True,True,False,False,A,LOW,0.0,False
164.5859336249996,2.2775,Thunderstruck,0.14671318233013153,0.7336129144824214,0.15680467027465309,0.044918453155699485,0.7354579798198949,3014.93,6.332142868136864,135.99917763157896,False,False,False,False,False,A,LOW,0.0,False
164.67875058297068,4.741,Thunderstruck,0.1234121099114418,0.43064117409109787,0.11878352534757194,0.03180305912448236,0.7423317056327704,3092.36,3.090732368102532,135.99917763157896,False,False,False,False,False,A,LOW,0.0,False
164.77046974998666,4.2101,Thunderstruck,0.08983872085809708,0.2931164680848139,0.06463900403823629,0.02468997560080291,0.758229617578376,3279.14,2.153284316252228,135.99917763157896,False,False,False,False,False,A,LOW,0.0,False
164.8647879579803,4.5433,Thunderstruck,0.06134446710348129,0.31462713657330127,0.04659817916641859,0.016011580068174054,0.7197390705167115,2845.08,2.601020193491917,135.99917763157896,False,False,False,False,False,A,LOW,0.0,False
164.9525002919836,3.2765,Thunderstruck,0.21448683738708496,0.5354143462631487,0.10180806753076699,0.04606053663213988,0.7322487288728892,2979.45,10.383310554523394,135.99917763157896,False,False,False,False,False,A,LOW,0.0,False
165.04976299998816,2.2255,Thunderstruck,0.1525397002696991,0.7485388539801493,0.1343474038247002,0.05177506603862155,0.7576996610423528,3272.73,1.9561512527184373,135.99917763157896,False,False,False,False,False,A,LOW,0.0,False
165.1437208749703,11.948,Thunderstruck,0.13092540204524994,0.41835789186403144,0.11165526559758479,0.03327780088572436,0.7537138865810017,3224.96,2.6926074862206897,135.99917763157896,False,False,False,False,False,A,LOW,0.0,False
165.23260454199044,5.059,Thunderstruck,0.13295473158359528,0.4500403218127806,0.09545650504333003,0.03019258215328412,0.7463899921587465,3139.0,2.627784200637402,135.99917763157896,False,False,False,False,False,A,LOW,0.0,False
165.32637445797445,2.5587,Thunderstruck,0.07339401543140411,0.3803042605137855,0.07230650268243456,0.020949192792807478,0.7174290055026606,2820.94,2.8992013895286757,135.99917763157896,False,False,False,False,False,A,LOW,0.0,False
165.41959766700165,2.6882,Thunderstruck,0.07144157588481903,0.29100037497014003,0.0561476852296148,0.016450990653636623,0.736000012706605,3020.97,3.2373149331513273,135.99917763157896,False,False,False,False,False,A,LOW,0.0,False
165.51213962497422,3.4633,Thunderstruck,0.05795786902308464,0.1700429034139331,0.03438018803032835,0.016942223675332962,0.7992273515661518,3814.52,3.8395460366629224,135.99917763157896,False,False,False,False,False,A,LOW,0.0,False
165.6078187499661,4.0537,Thunderstruck,0.06443675607442856,0.2969799562687239,0.02900761280208865,0.012477065672593489,0.6949248059789481,2596.22,2.374687046251334,135.99917763157896,False,False,False,False,False,A,LOW,0.0,False
165.69794691697462,2.7569,Thunderstruck,0.06691799312829971,0.17767633067649716,0.05083570833328528,0.01849892361393821,0.7322538778092467,2979.51,4.168240717652493,135.99917763157896,False,False,False,False,False,A,LOW,0.0,False
165.79075937496964,4.8522,Thunderstruck,0.05559082329273224,0.1794727241797156,0.06086235908903548,0.01714948223135954,0.7026972317248773,2671.73,2.794847591724033,135.99917763157896,False,False,False,False,False,A,LOW,0.0,False
165.88692954200087,4.4478,Thunderstruck,0.2238215208053589,0.6884614049841733,0.10358851400689993,0.052233162866257024,0.7427231963768847,3096.83,9.792356741752306,135.99917763157896,False,True,False,False,False,A,LOW,0.0,False
165.9747590829502,3.403,Thunderstruck,0.11661557853221893,0.6436264602837434,0.10166416057836763,0.03352492586018074,0.7215969752765949,2864.65,2.124772668478994,135.99917763157896,False,False,False,False,False,A,MID,0.29021707295055704,False
166.06998366699554,4.696,Thunderstruck,0.07524852454662323,0.16706457571133332,0.09016165923404094,0.025351221353964455,0.7135481773884784,2780.85,2.6527054753941357,135.99917763157896,False,False,False,False,False,A,MID,0.2866328972223017,False
166.1652654169593,4.9679,Thunderstruck,0.06462229788303375,0.12672918628538574,0.08319502939387606,0.021239710998549276,0.7064577842721594,2709.05,3.902918624516816,135.99917763157896,False,False,False,False,False,A,MID,0.28218020751873885,False
166.25555258296663,5.5047,Thunderstruck,0.050510648638010025,0.1295050152845864,0.06217799110150349,0.016187531595902024,0.6786126531522999,2444.6,2.3900181791591035,135.99917763157896,False,False,False,False,False,A,MID,0.27630765146097924,False
166.35047124995617,3.8876,Thunderstruck,0.07150540500879288,0.08892050690084154,0.06769065153872672,0.020349661838599636,0.7559242786278733,3251.37,3.045320009575488,135.99917763157896,False,False,False,False,False,A,MID,0.2730640778796508,False
166.44129395799246,3.6936,Thunderstruck,0.07696111500263214,0.09414184793087711,0.10468810686621224,0.02900589262338659,0.7387928675317104,3052.25,2.689878919347591,135.99917763157896,False,False,False,False,False,A,MID,0.2704953889044483,False
166.53659058298217,4.2171,Thunderstruck,0.06388228386640549,0.05888549709060491,0.08326306489134931,0.021820214366850464,0.7097858730848254,2742.52,2.878443905821648,135.99917763157896,False,False,False,False,False,A,MID,0.26677156634825105,False
166.63020254200092,4.8147,Thunderstruck,0.06830941140651703,0.06395454548065274,0.08093064478788851,0.024290435331210197,0.7081071531056881,2725.59,4.145262089864202,135.99917763157896,False,False,False,False,False,A,MID,0.26369007220634527,False
166.72000862495042,4.4788,Thunderstruck,0.06544098258018494,0.06625238624652582,0.07887571113607637,0.020446168297361986,0.6922990175555779,2571.19,3.199969462553395,135.99917763157896,False,False,False,False,False,A,MID,0.2604699726781559,False
166.8110627499991,4.2649,Thunderstruck,0.2373184859752655,0.8513282712849314,0.12132523191431922,0.052597062715735776,0.7484402207106856,3162.83,8.6858903612661,135.99917763157896,False,False,False,False,False,A,MID,0.2674464740442481,False
166.9066657499643,5.5359,Thunderstruck,0.09183003753423691,0.4106248268802804,0.10982400975069964,0.02743545898953612,0.7147599607312082,2793.3,2.5678539175023682,135.99917763157896,False,False,False,False,False,A,MID,0.2660713360333281,False
166.9958956670016,3.3861,Thunderstruck,0.08706910163164139,0.18983684796301073,0.0961025900851906,0.02363141230919922,0.7119748527988485,2764.75,3.9298813766972662,135.99917763157896,False,False,False,False,False,A,MID,0.26438697360973146,False
167.09041212499142,4.6081,Thunderstruck,0.076834537088871,0.20757416058623898,0.09243065299550497,0.023386275600845403,0.6868044837533472,2519.6,2.955032813217389,135.99917763157896,False,False,False,False,False,A,MID,0.26191976474351886,False
167.18755258299643,17.9746,Thunderstruck,0.06581428647041321,0.13535716782066357,0.08266013042408497,0.01822199833577354,0.6801669400781721,2458.66,3.327374851651787,135.99917763157896,False,False,False,False,False,A,MID,0.2585370472693744,False
167.27946416696068,4.4357,Thunderstruck,0.08158870041370392,0.14057406934974248,0.08122262434808021,0.024762079492505047,0.7748447873816734,3486.4,2.485567245200205,135.99917763157896,False,False,False,False,False,A,MID,0.25677516045318954,False
167.37116179196164,5.9197,Thunderstruck,0.07987648993730545,0.10255159510420168,0.10933032409245885,0.024779796365445264,0.7057400862763367,2701.89,3.3451729242044337,135.99917763157896,False,False,False,False,False,A,MID,0.25495482616062803,False
167.461434249999,3.8692,Thunderstruck,0.07439397275447845,0.08527298019783144,0.09718749608459087,0.025261382356812027,0.704501454990569,2689.57,2.5056961624428835,135.99917763157896,False,False,False,False,False,A,MID,0.25273971977465093,False
167.55530062498292,6.2672,Thunderstruck,0.07511790096759796,0.06721398486246988,0.09384687811642226,0.027285891571720074,0.7264781974528985,2916.7,2.421578933911969,135.99917763157896,False,False,False,False,False,A,MID,0.2507010484109356,False
167.64974658295978,3.2715,Thunderstruck,0.2124553620815277,0.33159052468262173,0.11948885954652745,0.03934847668389192,0.7418148516149866,3086.47,12.36748372697481,135.99917763157896,False,True,False,False,False,A,MID,0.2570820017739519,False
167.7445319169783,3.5018,Thunderstruck,0.1444055438041687,0.8474446035757726,0.13272552816787872,0.047594586492247085,0.7330132916462359,2987.87,3.905835073487683,135.99917763157896,False,False,False,False,False,A,LOW,0.0,False
167.83250416698866,4.1754,Thunderstruck,0.07903966307640076,0.20668204351227337,0.10535718502009181,0.027527939387964703,0.7182432999335556,2829.43,2.2816596303375407,135.99917763157896,False,False,False,False,False,A,LOW,0.0,False
167.9257328749518,2.1201,Thunderstruck,0.07075195014476776,0.19198705939662145,0.07199310364684929,0.021886500411580426,0.7196227532760101,2843.86,2.8506827536538264,135.99917763157896,False,False,False,False,False,A,LOW,0.0,False
168.0233608749695,2.0268,Thunderstruck,0.052417609840631485,0.165976405679515,0.05650295603365509,0.01778267763224863,0.7132200817281112,2777.48,2.738952163630822,135.99917763157896,False,False,False,False,False,A,LOW,0.0,False
168.11538191698492,2.0968,Thunderstruck,0.18298578262329102,0.31255853917689896,0.10365907045785647,0.03584303490273175,0.8016599289054779,3848.91,8.635190829343678,135.99917763157896,False,False,False,False,False,A,LOW,0.0,False
168.20512149995193,2.3152,Thunderstruck,0.1537606567144394,0.584870704736882,0.19161208112929867,0.05715708902816801,0.7529462028193578,3215.84,2.5007015040721416,135.99917763157896,False,False,False,False,False,A,LOW,0.0,False
168.30156687495764,5.0255,Thunderstruck,0.13115112483501434,0.41302529302243435,0.12251922721875688,0.0383086398172214,0.7434327483960318,3104.94,3.7036664435178084,135.99917763157896,False,False,False,False,False,A,LOW,0.0,False
168.3899112920044,6.1297,Thunderstruck,0.10005845129489899,0.30190984685305056,0.08254897198626676,0.028484490359566794,0.7601949643253935,3303.0,2.974672979754359,135.99917763157896,False,False,False,False,False,A,LOW,0.0,False
168.48284299997613,4.2883,Thunderstruck,0.07461089640855789,0.3622104108683629,0.05162256943715654,0.018690509333512323,0.7138472446068365,2783.92,2.6961559700650137,135.99917763157896,False,False,False,False,False,A,LOW,0.0,False
168.57759166695178,4.2003,Thunderstruck,0.25603169202804565,0.6374683912256858,0.10861142935882873,0.05037870036302559,0.7408679240205919,3075.71,7.828935300068482,135.99917763157896,False,False,False,False,False,A,MID,0.2647175246226471,False
168.67318537499523,4.6841,Thunderstruck,0.16135382652282715,0.8580751931117435,0.162670324284409,0.05361089214727556,0.7528187369481955,3214.33,2.464635214538983,135.99917763157896,False,False,False,False,True,B,HIGH,0.2672864298359786,False
168.76100804196903,4.2418,Thunderstruck,0.14014948904514313,0.5173315291330461,0.11588577711923156,0.03846771611249401,0.7486879774096219,3165.72,3.069658373552967,135.99917763157896,False,False,False,False,False,B,HIGH,0.26858598230738684,False
168.85480895795627,2.1966,Thunderstruck,0.11374522745609283,0.3456125424314115,0.09186123691167142,0.03192128519313894,0.763391163942499,3342.17,2.8418848596175286,135.99917763157896,False,False,False,False,False,B,HIGH,0.2682305241345177,False
168.94726349995472,4.4983,Thunderstruck,0.08632999658584595,0.3788766922336647,0.05869918609182027,0.027160191206188834,0.75598400235974,3252.08,3.1434744403917976,135.99917763157896,False,False,False,False,False,B,HIGH,0.26594883962993254,False
169.0421740830061,5.8273,Thunderstruck,0.09653019905090332,0.3775330248040433,0.04625064335141229,0.02577829950512183,0.7796625565278458,3548.92,2.6066966444469664,135.99917763157896,False,False,False,False,False,B,HIGH,0.264549242709016,False
169.1347271669656,3.0033,Thunderstruck,0.052444227039813995,0.21689574341070195,0.035840552462196376,0.020401765554600437,0.7998676380493759,3823.54,2.635781404917508,135.99917763157896,False,False,False,False,False,B,HIGH,0.2592542679401966,False
169.22835412499262,15.0361,Thunderstruck,0.06627164036035538,0.3006532712948201,0.029501640278758432,0.012129505642353053,0.7072536151553088,2717.02,3.038942467761665,135.99917763157896,False,False,False,False,False,B,HIGH,0.25568811049388274,False
169.32378891698318,2.4603,Thunderstruck,0.06473488360643387,0.1491179582584787,0.048875066213146356,0.017426997621357125,0.7293093176426234,2947.32,3.7390450616785302,135.99917763157896,False,False,False,False,False,B,MID,0.25215117715664903,False
169.4108670419664,1.2098,Thunderstruck,0.06621818244457245,0.1830641576080034,0.07256804292638619,0.019925059230428956,0.6937437080633748,2584.93,2.8014135289574216,135.99917763157896,False,False,False,False,False,B,MID,0.2489350358233299,False
169.50609583297046,1.7412,Thunderstruck,0.23910899460315704,0.8587759126223823,0.09883741774189013,0.054134772532647965,0.7603978639155696,3305.47,9.08310873673193,135.99917763157896,False,True,False,False,False,B,MID,0.25581797679949975,False
169.60000191698782,4.2015,Thunderstruck,0.10250268131494522,0.4819729860252641,0.10884296543704274,0.030946747400222255,0.7133213759792563,2778.52,2.5349615823163556,135.99917763157896,False,False,False,False,False,B,MID,0.2553482116449382,False
169.6900449169916,3.3217,Thunderstruck,0.08522835373878479,0.220906640990316,0.09417640132843355,0.02623023483106571,0.7152535531039999,2798.4,2.1926632199963456,135.99917763157896,False,False,False,False,False,B,MID,0.2536238411088736,False
169.78630183299538,4.3497,Thunderstruck,0.07393878698348999,0.22254767442285428,0.07643266367477056,0.021909220767520148,0.7003170769860776,2648.38,2.9734042081794443,135.99917763157896,False,False,False,False,False,B,MID,0.2510440570682183,False
169.87654979195213,4.2814,Thunderstruck,0.0693870261311531,0.18993165093487474,0.07556680359128644,0.01600711700733413,0.6733635721926343,2397.72,2.6645194313268625,135.99917763157896,False,False,False,False,False,B,MID,0.24818224148404713,False
169.97159229195677,4.2649,Thunderstruck,0.08048483729362488,0.15765049813009607,0.08213821060539685,0.023349071924952735,0.7623688361529504,3329.59,3.7743494449787933,135.99917763157896,False,False,False,False,False,B,MID,0.24643267847431266,False
170.06085658300435,4.6823,Thunderstruck,0.07968474924564362,0.12073717024711114,0.1007349092495494,0.02807270570428418,0.7117322802828187,2762.28,2.7920725649547067,135.99917763157896,False,False,False,False,False,B,MID,0.2447042631492826,False
170.15477120800642,4.3388,Thunderstruck,0.07509195059537888,0.12236217709597626,0.08877266713679541,0.024403466979575704,0.7005633858948627,2650.79,2.5991057287445836,135.99917763157896,False,False,False,False,False,B,MID,0.24267144643651387,False
170.24773724999977,4.605,Thunderstruck,0.07284555584192276,0.08743466451491386,0.096082127522377,0.02631804580251737,0.6940397867428797,2587.76,2.657957283343366,135.99917763157896,False,False,False,False,False,B,MID,0.24054241058071837,False
170.34460524999304,5.5122,Thunderstruck,0.18327663838863373,0.13089828109350812,0.08426697591356969,0.027210796883066938,0.7098508268176882,2743.18,8.373914572201707,135.99917763157896,False,False,False,False,False,B,MID,0.24540399277072664,False
170.4382813749835,5.4805,Thunderstruck,0.17720955610275269,0.91675588878417,0.12468545235131966,0.05604804991290325,0.7405564462784741,3072.17,7.549048707125604,135.99917763157896,False,False,False,False,False,B,MID,0.2497310097010176,False
170.52806479198625,7.7848,Thunderstruck,0.08371364325284958,0.27502676394440645,0.10151859417772252,0.029368950305734973,0.7228337341448651,2877.75,2.425791099363176,135.99917763157896,False,False,False,False,False,B,MID,0.24816679663321944,False
170.62016904196935,4.6531,Thunderstruck,0.07799945026636124,0.16440047906709815,0.08431661218615034,0.025376743015306066,0.7220201022087012,2869.13,2.787729080185295,135.99917763157896,False,False,False,False,False,B,MID,0.2462103012776641,False
170.71332404197892,1.4747,Thunderstruck,0.07236884534358978,0.20427089928372683,0.08215184109312296,0.02275294650927583,0.690013772538582,2549.61,2.9948168757823437,135.99917763157896,False,False,False,False,False,B,MID,0.2438617268649947,False
170.80711737496313,1.9773,Thunderstruck,0.06999064236879349,0.14864152515133217,0.07127517384370104,0.01978694603200548,0.7014574179448229,2659.54,2.3611791635361072,135.99917763157896,False,False,False,False,False,B,MID,0.24141473272618075,False
170.9019481249852,5.4087,Thunderstruck,0.09258008003234863,0.11119900455976447,0.10768712551469861,0.02818817538909319,0.7622777434033643,3328.47,2.9779910472206934,135.99917763157896,False,False,False,False,False,B,MID,0.2409516540514444,False
170.99069470795803,4.4477,Thunderstruck,0.0859733521938324,0.09506222633540722,0.1155239014840004,0.029154745462358803,0.7033849901228376,2678.52,3.0787796416831283,135.99917763157896,False,False,False,False,False,B,MID,0.24000590113219114,False
171.0853107079747,4.5981,Thunderstruck,0.07862965017557144,0.08065543335850947,0.10096393990281051,0.026243126360541286,0.7101027657372375,2745.73,3.1432980902844916,135.99917763157896,False,False,False,False,False,B,MID,0.23851058323519936,False
171.17906141700223,15.3946,Thunderstruck,0.07454461604356766,0.06066797293700911,0.09459202178075427,0.027612263835065532,0.7199927726276932,2847.75,2.683768873325908,135.99917763157896,False,False,False,False,False,B,MID,0.23673966789350379,False
171.26987862499664,18.4011,Thunderstruck,0.21066497266292572,0.4455183762682802,0.11581950464365239,0.04616450897836127,0.7474261171496603,3151.02,8.95770294680141,135.99917763157896,False,True,False,False,False,B,MID,0.24303812909653857,False
171.36181941698305,5.3783,Thunderstruck,0.1381710320711136,0.7956040394639662,0.11386618911217536,0.044826671004662685,0.7372543013816522,3034.98,2.8026938486905677,135.99917763157896,False,False,False,False,False,B,MID,0.24543813754559904,False
171.4590965419775,4.951,Thunderstruck,0.07930005341768265,0.18595032908584608,0.09392723837651451,0.028564876985531833,0.7238740314983896,2888.81,2.7336804926233675,135.99917763157896,False,False,False,False,False,B,MID,0.24372737834543595,False
171.55072887497954,4.182,Thunderstruck,0.07349275052547455,0.1960190636678567,0.08150283306628477,0.023828285687671924,0.7147065331936979,2792.75,2.880643394838456,135.99917763157896,False,False,False,False,False,B,MID,0.24160302915692305,False
171.6405022079707,5.779,Thunderstruck,0.05280691012740135,0.1792536897649529,0.05216393123651068,0.016733123427701106,0.7270078285393513,2922.4,3.1101318983720985,135.99917763157896,False,False,False,False,False,B,MID,0.2370547490983796,False
171.7354898749618,3.7802,Thunderstruck,0.23674970865249634,0.4527224279014461,0.13630516750463872,0.04313462210771119,0.8136065509499669,4022.32,9.604277085577435,135.99917763157896,False,False,False,False,False,B,MID,0.24442187940376459,False
171.82615658297436,3.807,Thunderstruck,0.21728657186031342,0.9545580137735634,0.17888394926375376,0.04800293117312077,0.7173334662170006,2819.95,1.8044636272014702,135.99917763157896,False,False,False,False,False,B,MID,0.25059262034242313,False
171.92102479195455,5.405,Thunderstruck,0.13950911164283752,0.689594244277409,0.11670525586527543,0.032864378673264916,0.7231127519706045,2880.71,2.976833126539054,135.99917763157896,False,False,False,False,False,B,MID,0.25218012973155357,False
172.01588183298009,4.5063,Thunderstruck,0.13615825772285461,0.5305755047805766,0.07572089508063465,0.024367732294289846,0.7093150774595036,2737.76,3.7526105631279196,135.99917763157896,False,False,False,False,False,B,MID,0.25347374752472435,False
172.10944570798893,4.2829,Thunderstruck,0.1089484691619873,0.4557452934640577,0.052897666526676615,0.018561906739484497,0.6917450165392387,2565.94,2.6522008386639033,135.99917763157896,False,False,False,False,False,B,MID,0.252787874457432,False
172.1987684170017,4.1706,Thunderstruck,0.30125147104263306,1.0232797782378042,0.16286842516090475,0.0672406890209975,0.7453362811780692,3126.82,9.590831509771656,135.99917763157896,False,False,False,False,False,B,MID,0.26014848073456043,False
172.29282695800066,4.4022,Thunderstruck,0.16035008430480957,0.7243915978405887,0.15882039735883208,0.042144927379073056,0.7212348535263252,2860.83,3.086428085453022,135.99917763157896,False,False,False,False,False,B,MID,0.2612491143033423,False
172.38784874998964,3.6933,Thunderstruck,0.14409542083740234,0.39098268758682,0.11433436202696495,0.03551441582422595,0.756785663771446,3261.72,2.271319491070622,135.99917763157896,False,False,False,False,False,B,MID,0.2614069164535373,False
172.48030079196906,3.1428,Thunderstruck,0.18540555238723755,0.7204283112248451,0.10018846522812282,0.02929139106302837,0.7236129179527789,2886.03,4.871350062537641,135.99917763157896,False,False,False,False,False,B,MID,0.2636948051087325,False
172.57358804199612,3.6181,Thunderstruck,0.09089002013206482,0.535125418264242,0.0694593438896622,0.02586836799013992,0.7209472343720204,2857.79,2.3177342095374738,135.99917763157896,False,False,False,False,False,B,MID,0.2601296619482573,False
172.6662074169726,3.5066,Thunderstruck,0.13843639194965363,0.48493906969560274,0.06189559409858382,0.023605788974831628,0.7580635393724904,3277.13,4.363518230513532,135.99917763157896,False,False,False,False,False,B,MID,0.260017014238822,False
172.75928795797518,4.5641,Thunderstruck,0.1408056914806366,0.6407325690242642,0.03487497612314236,0.01621311320998049,0.6808808969972038,2465.14,2.6357204720465273,135.99917763157896,False,False,False,False,False,B,MID,0.260047858541403,False
172.85007112496532,5.5317,Thunderstruck,0.09515279531478882,0.39346604168712895,0.038310191123618505,0.013622516008564003,0.6842269528579867,2495.76,5.879667702545118,135.99917763157896,False,False,False,False,False,B,MID,0.25701230393730434,False
172.94603458297206,4.6955,Thunderstruck,0.1264609396457672,0.5418304245993251,0.07487480467758298,0.019858162903952484,0.6643711654651219,2319.49,2.541861747984798,135.99917763157896,False,False,False,False,False,B,MID,0.2563298366371177,False
173.03697812499013,2.9838,Thunderstruck,0.19410200417041779,0.3827747934270313,0.09136045885289143,0.03252115015175147,0.6970168627727052,2616.33,7.798317428577267,135.99917763157896,False,True,False,False,False,B,MID,0.25927796148709714,False
173.12630445795367,5.2942,Thunderstruck,0.1947624385356903,0.9743509920270367,0.11533294508012501,0.05324841550688818,0.7223887482306256,2873.03,4.875061831828397,135.99917763157896,False,False,False,False,False,B,MID,0.2621090303904883,False
173.22186770796543,4.6001,Thunderstruck,0.11051036417484283,0.42089387412718826,0.10352637259844487,0.03401305626780812,0.7032566606115365,2677.25,2.5777777243379716,135.99917763157896,False,False,False,False,False,B,MID,0.260115774847868,False
173.31647074996727,14.7676,Thunderstruck,0.12339212000370026,0.36182440729548326,0.09007937388499944,0.027592389062402106,0.6942781358200548,2590.03,5.709052101062688,135.99917763157896,False,False,False,False,False,B,MID,0.25908362588629785,False
173.42189833300654,3.9871,Thunderstruck,0.08957775682210922,0.4171224871056721,0.0775761186125644,0.020420917383935266,0.6552234927615589,2242.53,2.6119671613460196,135.99917763157896,False,False,False,False,False,B,MID,0.25563907164626776,False
173.49767679197248,5.5602,Thunderstruck,0.10070397704839706,0.2295699023382627,0.06350156180104746,0.016471571347178072,0.6916900985627282,2565.42,3.6673750645760532,135.99917763157896,False,False,False,False,False,B,MID,0.25325547753777145,False
173.5954934579786,3.9709,Thunderstruck,0.1543932855129242,0.5959807211624037,0.09929215532314799,0.029109618725587094,0.7059291370596772,2703.78,5.206401183002736,135.99917763157896,False,False,False,False,False,B,MID,0.2543833660704999,False
173.6845434999559,2.5295,Thunderstruck,0.09114860743284225,0.3820220549502618,0.10529995032078557,0.02562018592238567,0.6655590161864735,2329.68,2.3229513740436776,135.99917763157896,False,False,False,False,False,B,MID,0.2513052876049213,False
173.7777945830021,4.8782,Thunderstruck,0.12302663922309875,0.3620946887232849,0.09807670402561267,0.02401255637343361,0.6639652940461837,2316.02,5.027701890572792,135.99917763157896,False,False,False,False,False,B,MID,0.2506902445741813,False
173.87304966698866,5.2194,Thunderstruck,0.0934002697467804,0.35102929180615994,0.09702031457634522,0.02470594188385189,0.6588977140926899,2273.13,2.497068095134787,135.99917763157896,False,False,False,False,False,B,MID,0.24798159367615588,False
173.96297666698229,3.8137,Thunderstruck,0.20692749321460724,0.4910787695700684,0.12143633580050021,0.05175598089921233,0.7261363914955461,2913.02,9.676988974168383,135.99917763157896,False,True,False,False,False,B,MID,0.2519244898304234,False
174.05561091698473,4.5132,Thunderstruck,0.16247330605983734,0.7928149621141538,0.12342049295837042,0.04148061850480204,0.7009055389361969,2654.13,2.406521989055017,135.99917763157896,False,False,False,False,False,B,MID,0.25354740440247564,False
174.14756245800527,3.8092,Thunderstruck,0.10603543370962143,0.3179564484833233,0.10914405233929325,0.027350259058559225,0.7030305217439392,2675.02,3.1814592073100436,135.99917763157896,False,False,False,False,False,B,MID,0.25166351299585,False
174.2450818750076,3.9447,Thunderstruck,0.14153455197811127,0.5138312222241321,0.09518711230098098,0.02499007967261019,0.6795058808188776,2452.67,4.054402584984652,135.99917763157896,False,False,False,False,False,B,MID,0.25215409124699223,False
174.33700095798122,4.2246,Thunderstruck,0.09964515268802643,0.4249499815239557,0.08503854674646734,0.02072376083543333,0.6637933187611158,2314.55,3.4470568247793434,135.99917763157896,False,False,False,False,False,B,MID,0.2490806081769808,False
174.43142908299342,5.3865,Thunderstruck,0.15065130591392517,0.3011771357122963,0.09523755324096873,0.02450351498494879,0.7210964468955238,2859.37,5.698998454153408,135.99917763157896,False,False,False,False,False,B,MID,0.24980433605704747,False
174.52020400000038,4.0351,Thunderstruck,0.15285657346248627,0.6790753136613701,0.1255525754996357,0.02983061026714029,0.6774356963526349,2434.01,2.356527257449366,135.99917763157896,False,False,False,False,False,B,MID,0.25062300174612756,False
174.61552766698878,2.6183,Thunderstruck,0.11673212796449661,0.38472564894508665,0.1151164831665019,0.026739330206434375,0.6830371946988578,2484.83,2.6694185069797673,135.99917763157896,False,False,False,False,False,B,MID,0.2490112804236028,False
174.70834987499984,4.2595,Thunderstruck,0.14172019064426422,0.48533532488588077,0.11416762397146754,0.03097364779912589,0.6708237727500295,2375.36,6.791879497445987,135.99917763157896,False,False,False,False,False,B,MID,0.24919063508326886,False
174.80117783299647,0.9079,Thunderstruck,0.11900196224451065,0.38618856685651554,0.1236118046626663,0.033134052645223414,0.6879024705300103,2529.83,3.1983533076346857,135.99917763157896,False,False,False,False,False,B,MID,0.24781909592738793,False
174.89095404196996,0.9852,Thunderstruck,0.2747684419155121,0.895092573409873,0.14679125023503567,0.06051958686384413,0.7350715065776948,3010.64,8.968112471010919,135.99917763157896,False,True,False,False,False,B,MID,0.2544386948908065,False
174.98391537496354,1.5463,Thunderstruck,0.14209678769111633,0.7705482026558967,0.11138193371043038,0.03701321019443345,0.7008218057682126,2653.31,2.318489931950825,135.99917763157896,False,False,False,False,False,B,MID,0.2543703558026753,False
175.08105945796706,1.3238,Thunderstruck,0.13160723447799683,0.29353846014503193,0.10482985981779305,0.028814184057708924,0.6900595566138511,2550.04,6.688431889696076,135.99917763157896,False,False,False,False,False,B,MID,0.2536247998399278,False
175.1698451669654,1.4342,Thunderstruck,0.12375854700803757,0.5799396410025299,0.07928649323711326,0.024162829870193286,0.6634201132980523,2311.37,2.190412630831105,135.99917763157896,False,False,False,False,False,B,MID,0.25237516785728076,False
175.2634138329886,1.2336,Thunderstruck,0.08644768595695496,0.42131876133130697,0.05672325553305785,0.017891034012668595,0.7555537468165107,3246.93,2.963726263239288,135.99917763157896,False,False,False,False,False,B,MID,0.2480270248513183,False
175.36099625000497,6.7622,Thunderstruck,0.2594393491744995,0.7745842700446315,0.190724431249453,0.05203091424143242,0.7796737299442608,3549.07,9.422820385038271,135.99917763157896,True,True,True,False,False,B,MID,1.0,True
175.45291662495583,1.24,Thunderstruck,0.17500600218772888,0.6455425064876873,0.1620255054645099,0.042710455789637884,0.7254103780928526,2905.23,2.876597732889786,135.99917763157896,False,False,False,False,False,B,MID,0.65,False
175.54073120799148,3.5021,Thunderstruck,0.17685873806476593,0.6137961054520179,0.12618944963000472,0.03403833266042107,0.7093043466069485,2737.65,3.343994449995893,135.99917763157896,False,False,False,False,False,B,MID,0.42250000000000004,False
175.63356424996164,3.9765,Thunderstruck,0.1856583058834076,0.810302633015274,0.07679722735206151,0.02360974814535565,0.6753217176548483,2415.1,2.2872501204879456,135.99917763157896,False,False,False,False,False,B,MID,0.27462500000000006,False
175.72931508295005,4.26,Thunderstruck,0.20337334275245667,0.634193537228475,0.06536672401960235,0.021287676871826557,0.6826650334250474,2481.42,3.697212577573297,135.99917763157896,False,False,False,False,False,B,MID,0.2629219422055317,False
175.824398458004,4.2448,Thunderstruck,0.24724608659744263,1.0569863261444585,0.19028665823635096,0.06888145709338478,0.7338505728631682,2997.11,8.842112321574568,135.99917763157896,False,False,False,False,False,B,MID,0.26768796814639456,False
175.91354654199677,4.742,Thunderstruck,0.15574082732200623,0.5156419252665001,0.14066938972716098,0.039471161189348826,0.7328980176991973,2986.6,2.7158090483379342,135.99917763157896,False,False,False,False,False,B,MID,0.2677816439090657,False
176.00889512500726,4.2229,Thunderstruck,0.18216575682163239,0.6035053684322976,0.11213119397675396,0.03672414521557277,0.7316015352764486,2972.35,4.155544288097548,135.99917763157896,False,False,False,False,False,B,MID,0.2693154860092235,False
176.0978860000032,3.757,Thunderstruck,0.14859899878501892,0.7340031516232274,0.10122087209098352,0.029762199032736983,0.692984438014954,2577.7,2.462294202512864,135.99917763157896,False,False,False,False,False,B,MID,0.2689040182464165,False
176.192908832978,4.8145,Thunderstruck,0.12633606791496277,0.30938616204016417,0.06985110347958236,0.02023863228521223,0.7004915961766149,2650.08,3.5281482166295874,135.99917763157896,False,False,False,False,False,B,MID,0.26697777994342836,False
176.28788774996065,4.3469,Thunderstruck,0.15478655695915222,0.7647708142971341,0.06622674572819368,0.02158594139659269,0.7249006533318822,2899.78,4.583247053351401,135.99917763157896,False,False,False,False,False,B,MID,0.2669854032156032,False
176.3773386249668,3.5701,Thunderstruck,0.0609247088432312,0.31691393836054454,0.03525707647301276,0.014230096514973074,0.7052748215768536,2697.26,2.3105562425823267,135.99917763157896,False,False,False,False,False,B,MID,0.2579474324311672,False
176.47080020798603,5.0143,Thunderstruck,0.131759375333786,0.44911463812992275,0.05249747354710517,0.015087730538173702,0.6647050221794807,2322.35,6.698952143849131,135.99917763157896,False,False,False,False,False,B,MID,0.25694576535487956,False
176.5671370420023,5.2541,Thunderstruck,0.10850250720977783,0.4851869321658079,0.08826520996855336,0.021397959125882424,0.667646625801603,2347.69,2.485927842367559,135.99917763157896,False,False,False,False,False,B,MID,0.25425886292777694,False
176.6601066669682,4.3583,Thunderstruck,0.23711831867694855,0.49291126428547893,0.10416788192139315,0.04071634567274992,0.7148722556854646,2794.46,6.343165244491564,135.99917763157896,True,True,False,True,False,B,MID,1.0,False
176.74807899998268,4.897,Thunderstruck,0.19904620945453644,1.077311492069208,0.12521561887187518,0.04396029030506325,0.6906756837107866,2555.84,3.2235575956467284,135.99917763157896,False,False,False,False,False,B,MID,0.65,False
176.84349779196782,4.6928,Thunderstruck,0.10135727375745773,0.4422632398232334,0.1021775903640713,0.03113879349763242,0.6889345200400042,2539.48,2.972114018565341,135.99917763157896,False,False,False,False,False,B,MID,0.42250000000000004,False
176.93809899996268,5.121,Thunderstruck,0.16450335085391998,0.5554884346317189,0.09486230080098094,0.024472199745344942,0.671485075731851,2381.16,4.6013692998294164,135.99917763157896,False,False,False,False,False,B,MID,0.27462500000000006,False
177.03089729195926,5.3835,Thunderstruck,0.11777748167514801,0.5727465734961424,0.08643733661616851,0.0198461192478558,0.6362748114613702,2091.13,2.108225042749783,135.99917763157896,False,False,False,False,False,B,MID,0.25718405264582683,False
177.12048349995166,3.638,Thunderstruck,0.1460597962141037,0.3044569060640807,0.09364563580770116,0.020245342775007058,0.687849223327935,2529.33,5.1984343395260275,135.99917763157896,False,False,False,False,False,B,MID,0.25715121701495286,False
177.21484029199928,4.7724,Thunderstruck,0.16730396449565887,0.6791964692399279,0.1350708652058066,0.033875398314014926,0.6853272975969796,2505.91,2.327428552693167,135.99917763157896,False,False,False,False,False,B,MID,0.2583692229415702,False
177.30538941698615,5.0844,Thunderstruck,0.12252763658761978,0.4369179578173842,0.1147911825442157,0.031070580377113813,0.6544895193985202,2236.46,2.536405425584006,135.99917763157896,False,False,False,False,False,B,MID,0.2566960658375886,False
177.39960383297876,18.0526,Thunderstruck,0.1457134336233139,0.5142598292960909,0.11832160446211694,0.028316602278098697,0.6421404824957839,2136.87,5.4815185247993705,135.99917763157896,False,False,False,False,False,B,MID,0.25666604320132536,False
177.49276608298533,3.426,Thunderstruck,0.10775428265333176,0.4221074104148288,0.10072439665776715,0.027524199628700105,0.65187303571233,2214.98,2.4328506717358,135.99917763157896,False,False,False,False,False,B,MID,0.25393128798339015,False
177.584556124988,4.758,Thunderstruck,0.2686120867729187,0.8222402114872606,0.13754283677275786,0.05681855802811833,0.737063897915913,3032.85,9.019146529142125,135.99917763157896,True,True,True,True,False,B,MID,1.0,True
177.6778407919919,2.5598,Thunderstruck,0.14920684695243835,0.7941874359687628,0.12544807513331693,0.03556830157714357,0.6869166008737968,2520.64,2.6091974161111278,135.99917763157896,False,False,False,False,False,B,MID,0.65,False
177.7726907079923,4.1183,Thunderstruck,0.12429364770650864,0.36698760051478346,0.10794236848128297,0.033515005550335264,0.6972725270050925,2618.8,4.530665972128742,135.99917763157896,False,False,False,False,False,B,MID,0.42250000000000004,False
177.86736124998424,4.5228,Thunderstruck,0.14072054624557495,0.5381849203726041,0.10022800290737686,0.03098606178546202,0.6689053749902879,2358.61,3.135699950947002,135.99917763157896,False,False,False,False,False,B,MID,0.27462500000000006,False
177.96076374995755,5.1878,Thunderstruck,0.09612838923931122,0.3868496482493525,0.10573159701815811,0.025867182965034107,0.6545382252614894,2236.86,3.307099949792122,135.99917763157896,False,False,False,False,False,B,MID,0.25413063268899205,False
178.051204999967,5.0384,Thunderstruck,0.18561524152755737,0.510390881167295,0.12332476499445999,0.028515979726342067,0.6831307802453559,2485.69,4.8838579800779875,135.99917763157896,False,False,False,False,False,B,MID,0.25647776186805865,False
178.14579279196914,4.9318,Thunderstruck,0.15887491405010223,0.661733051553579,0.1391475334810621,0.032415209943337804,0.6680786113973363,2351.43,2.326757229816138,135.99917763157896,False,False,False,False,False,B,MID,0.2572493798944145,False
178.23620758298784,4.5506,Thunderstruck,0.1296352595090866,0.3599408575839959,0.11994176013150158,0.03172444212841671,0.6765779721100535,2426.32,5.677792184435467,135.99917763157896,False,False,False,False,False,B,MID,0.2561355153329136,False
178.33148195798276,2.1692,Thunderstruck,0.1447901725769043,0.5530675286851846,0.11606257604366617,0.03408431376483423,0.6727342308423991,2392.16,3.2298770092694147,135.99917763157896,False,False,False,False,False,B,MID,0.25607471543523697,False
178.4217809169786,2.19,Thunderstruck,0.11889167129993439,0.39337911469436043,0.12224048102843457,0.033679586134203146,0.6931489054538356,2579.27,3.9198375210463245,135.99917763157896,False,False,False,False,False,B,MID,0.2542458795879887,False
178.51828774996102,3.6417,Thunderstruck,0.2799423933029175,0.9048605491354209,0.15925095196477612,0.06344116411717302,0.7346140914956948,3005.56,8.487251112010814,135.99917763157896,True,True,True,False,False,B,MID,1.0,True
178.6058569169836,2.5505,Thunderstruck,0.14776897430419922,0.7226238499875041,0.12755713589631373,0.03957003701485608,0.6886365133744046,2536.69,2.297615102369686,135.99917763157896,False,False,False,False,False,B,MID,0.65,False
178.70448741695145,3.733,Thunderstruck,0.14285972714424133,0.3911011936803993,0.1109720525505203,0.03023718994086383,0.6957030840169137,2603.68,4.292691464970448,135.99917763157896,False,False,False,False,False,B,MID,0.42250000000000004,False
178.7933849999681,5.0963,Thunderstruck,0.1361718773841858,0.633367803815478,0.09108278746107491,0.025765756333935193,0.6582962565618022,2268.09,3.0993650447982244,135.99917763157896,False,False,False,False,False,B,MID,0.27462500000000006,False
178.890327333007,3.697,Thunderstruck,0.08206450194120407,0.356288911308803,0.06390915959896327,0.02250088196622563,0.784645410175989,3614.76,2.1059720672401965,135.99917763157896,False,False,False,False,False,B,MID,0.25403418360076896,False
178.98185733298305,1.9673,Thunderstruck,0.3014141619205475,0.9537201236971138,0.21959553776213386,0.06435773340151194,0.7705309427827594,3431.36,10.028840074426547,135.99917763157896,False,True,False,False,False,B,MID,0.2613324744207305,False
179.07096829195507,4.4078,Thunderstruck,0.2046317160129547,0.7307204001892283,0.16513860141774675,0.04189588558140939,0.7312135575540323,2968.1,3.41576904921499,135.99917763157896,False,False,False,False,False,B,MID,0.26424963148563974,False
179.1640453329892,3.643,Thunderstruck,0.16290335357189178,0.631563493463397,0.12551171297198663,0.032258105476825664,0.7298640942145074,2953.36,4.054522094032577,135.99917763157896,False,False,False,False,False,B,MID,0.2648485866313718,False
179.2580816669506,5.3299,Thunderstruck,0.18122944235801697,0.8390511670349745,0.0823221323676934,0.02434902049664162,0.6799990309792805,2457.14,1.9939837202546122,135.99917763157896,False,False,False,False,False,B,MID,0.266418828261229,False
179.35367916699033,5.2928,Thunderstruck,0.2596391439437866,0.6327635029739457,0.08995083871908298,0.03700746960059198,0.7100152810976462,2744.84,6.476554442040755,135.99917763157896,True,True,False,True,False,B,MID,1.0,False
179.44436699996004,17.2683,Thunderstruck,0.250613272190094,1.1465877307977796,0.21368667550045087,0.06726601398457038,0.7203051798590805,2851.03,7.013803869825193,135.99917763157896,False,False,False,False,False,B,MID,0.65,False
179.53502087498782,1.863,Thunderstruck,0.15646043419837952,0.5860532357070853,0.13256684183396786,0.043175467900283274,0.7287130883057773,2940.84,2.9220413159931966,135.99917763157896,False,False,False,False,False,B,MID,0.42250000000000004,False
179.63343195797643,1.9133,Thunderstruck,0.18808045983314514,0.6816068322540748,0.11458974770869156,0.03622357257320944,0.7198927989884666,2846.7,3.002283094369823,135.99917763157896,False,False,False,False,False,B,MID,0.2769732994127069,False
179.72138674999587,1.6174,Thunderstruck,0.16994421184062958,0.8118684241525651,0.08556311029010771,0.02954615010556259,0.6876210607756186,2527.2,3.426393878930312,135.99917763157896,False,False,False,False,False,B,MID,0.27733077466278216,False
179.81419683300192,2.4025,Thunderstruck,0.14285390079021454,0.4742668983007671,0.06343232041885688,0.01761530920510918,0.6845936697345697,2499.14,4.849177376052037,135.99917763157896,False,False,False,False,False,B,MID,0.27606959386963903,False
179.9103228749591,5.0457,Thunderstruck,0.1530410498380661,0.7544403797734919,0.05551228643008473,0.02178249247408385,0.7254981236356407,2906.17,3.537679820507201,135.99917763157896,False,False,False,False,False,B,MID,0.2755007704342334,False
180.0040342079592,3.6052,Thunderstruck,0.12523511052131653,0.5993965624590305,0.037345203741993335,0.01275900440311334,0.6540320743953548,2232.69,4.1499868001085805,135.99917763157896,False,False,False,False,False,B,MID,0.27314327550164585,False
180.09381770796608,3.8497,Thunderstruck,0.15487559139728546,0.5507721945111032,0.07457841139652022,0.015703397600082374,0.6442419725692552,2153.5,6.281265959482376,135.99917763157896,False,False,False,False,False,B,MID,0.2728303272020955,False
180.18834387499373,4.9737,Thunderstruck,0.1174638569355011,0.4773412350073578,0.0933558768618373,0.025132895150579867,0.6730123896240557,2394.62,2.1892729712161643,135.99917763157896,False,False,False,False,False,B,MID,0.27003224871861814,False
180.27790670795366,5.4455,Thunderstruck,0.25432851910591125,0.7062812697996194,0.11471909441455312,0.0450058051238193,0.7166011994900543,2812.34,6.432928332797936,135.99917763157896,True,True,False,True,False,B,MID,1.0,False
180.37336012499873,5.6962,Thunderstruck,0.16961312294006348,0.9402004037916629,0.1352684721422503,0.04393118194544636,0.6918599983529782,2567.03,1.756634572591925,135.99917763157896,False,False,False,False,False,B,MID,0.65,False
180.46859583299374,4.2736,Thunderstruck,0.10637744516134262,0.35558422812951673,0.11857350877931845,0.033021670612133854,0.6903682651139299,2552.94,2.1906792902497125,135.99917763157896,False,False,False,False,False,B,MID,0.42250000000000004,False
180.55906499997946,5.5783,Thunderstruck,0.13734960556030273,0.46436080133545227,0.10409856896180056,0.028182965769664,0.663500246377272,2312.05,4.017819098316398,135.99917763157896,False,False,False,False,False,B,MID,0.27462500000000006,False
180.65254083299078,4.3699,Thunderstruck,0.09296488016843796,0.4100630291795129,0.07919713367048993,0.022316439618339925,0.6602009481319163,2284.08,2.0476488491138607,135.99917763157896,False,False,False,False,False,B,MID,0.2652709290452152,False
180.74675808299799,3.7031,Thunderstruck,0.16684874892234802,0.36947322519290426,0.09147181639079312,0.02276950093612249,0.6983700923545753,2629.42,7.103449350593912,135.99917763157896,False,False,False,False,False,B,MID,0.26604163479673243,False
180.8371299999999,2.5409,Thunderstruck,0.19079427421092987,0.80711686609603,0.1410710158682118,0.0332293753788345,0.6573041203988809,2259.8,2.4923995569430315,135.99917763157896,False,False,False,False,False,B,MID,0.2680438831975752,False
180.92974516696995,3.8148,Thunderstruck,0.12403317540884018,0.5029368666594297,0.12130944226519343,0.029270537999875803,0.6401993915051976,2121.62,2.8203533259833007,135.99917763157896,False,False,False,False,False,B,MID,0.2659727156457942,False
181.02452624996658,4.8061,Thunderstruck,0.163593128323555,0.5582997200671601,0.11990142711529465,0.032229247654039915,0.6373782591085219,2099.66,4.280327635163272,135.99917763157896,False,False,False,False,False,B,MID,0.2665247819687249,False
181.11852408299455,4.7324,Thunderstruck,0.1186157837510109,0.4730393732265848,0.11210924628687555,0.029639098248082675,0.6471499481367697,2176.72,2.7424823039981607,135.99917763157896,False,False,False,False,False,B,MID,0.26412936997749387,False
181.20802658295725,4.6107,Thunderstruck,0.27706271409988403,0.9126424329287831,0.1418780378873292,0.05908155687544335,0.7315591083016274,2971.88,7.230331533735157,135.99917763157896,True,True,True,True,False,B,MID,1.0,True
181.3048602079507,4.1709,Thunderstruck,0.17435407638549805,0.8146352485765811,0.13493622953130843,0.03880872635186678,0.6709774381297946,2376.71,3.2200819676204446,135.99917763157896,False,False,False,False,False,B,MID,0.65,False
181.39467904198682,4.4407,Thunderstruck,0.13276194036006927,0.3839745716598445,0.12317352717696457,0.03580071003855651,0.6889489586766473,2539.61,3.5075756032612406,135.99917763157896,False,False,False,False,False,B,MID,0.42250000000000004,False
181.48648716695607,28.8497,Thunderstruck,0.16336789727210999,0.5884213709423934,0.12327659462779969,0.034535869649607163,0.659448787596911,2277.75,4.380808972642628,135.99917763157896,False,False,False,False,False,B,MID,0.27462500000000006,False
181.5779818329611,1.3497,Thunderstruck,0.11923174560070038,0.5093131666867361,0.10814290554648766,0.02791255786790016,0.656356708820586,2251.92,2.8657105097165827,135.99917763157896,False,False,False,False,False,B,MID,0.26673599660266667,False
181.67530800000532,3.6103,Thunderstruck,0.21118316054344177,0.5828643032352764,0.14607138835114278,0.03590596430198013,0.7028006818613218,2672.75,5.477427019329594,135.99917763157896,False,False,False,False,False,B,MID,0.26954969215100205,False
181.76560983300442,5.5152,Thunderstruck,0.18117696046829224,0.7012336029377938,0.1732360248446612,0.046915892420658904,0.6628003536339289,2306.09,2.908423329472315,135.99917763157896,False,False,False,False,False,B,MID,0.270667423758388,False
181.8608364999527,5.2678,Thunderstruck,0.17137503623962402,0.39967793037868415,0.15359363926857966,0.042386845660741745,0.6662057942832249,2335.24,6.844544656805941,135.99917763157896,False,False,False,False,False,B,MID,0.27117595310584647,False
181.9513576249592,5.0449,Thunderstruck,0.16916386783123016,0.6257313725871282,0.16474675241975553,0.04441282871258329,0.6590086315908567,2274.06,1.8480043862666162,135.99917763157896,False,False,False,False,False,B,MID,0.2715305724714192,False
182.0450541669852,5.0437,Thunderstruck,0.18663887679576874,0.412466286675093,0.16007494403500092,0.04201166849089648,0.6843022938436096,2496.45,3.7282068150529146,135.99917763157896,False,False,False,False,False,B,MID,0.27284694041273505,False
182.13988529198105,4.9185,Thunderstruck,0.262669175863266,0.9854518490805044,0.18122965618049727,0.06477286789317123,0.7239957694103718,2890.11,8.403288522396315,135.99917763157896,True,True,True,True,False,B,MID,1.0,True
182.2305183329736,4.3775,Thunderstruck,0.1572956144809723,0.6486339822461656,0.15757628617474959,0.04058930568551997,0.678164704398211,2440.57,2.3678300722485877,135.99917763157896,False,False,False,False,False,B,MID,0.65,False
182.32143854198512,4.3689,Thunderstruck,0.1564594954252243,0.4442700826489595,0.11651961788303912,0.03039970727325865,0.6791327838004725,2449.3,3.822272785311847,135.99917763157896,False,False,False,False,False,B,MID,0.42250000000000004,False
182.41763687500497,5.3767,Thunderstruck,0.12797600030899048,0.6179522697957749,0.09156937555343692,0.027066485435611663,0.6612213548472903,2292.69,1.98299132961431,135.99917763157896,False,False,False,False,False,B,MID,0.27462500000000006,False
182.5095222920063,3.6716,Thunderstruck,0.12169419974088669,0.36214489369834935,0.055573905043076584,0.031035310676183727,0.8273253754245543,4231.12,2.720867583449703,135.99917763157896,False,False,False,False,False,B,MID,0.27067791019258003,False
182.60541266697692,3.4851,Thunderstruck,0.2697070240974426,0.8617148173933777,0.2124847211380939,0.07091032795576273,0.7734216383475542,3468.15,9.30775684357349,135.99917763157896,False,False,False,False,False,B,MID,0.27589913470656796,False
182.69352641695878,5.082,Thunderstruck,0.2045123428106308,0.649674310823432,0.18941492022935957,0.046435215102653984,0.7362012608173762,3023.21,2.4196086791116342,135.99917763157896,False,False,False,False,False,B,MID,0.2779247200938807,False
182.79050954198465,4.0707,Thunderstruck,0.16341878473758698,0.6117522285880475,0.12602603420731545,0.03923496534810203,0.744133050118421,3112.98,3.7640102450306556,135.99917763157896,False,False,False,False,False,B,MID,0.27760122628140715,False
182.8825012499583,4.966,Thunderstruck,0.15662942826747894,0.7025416108883453,0.08449922624239783,0.02616430538756015,0.6928443946316271,2576.37,2.5762973851432878,135.99917763157896,False,False,False,False,False,B,MID,0.2768775891779435,False
182.9716284580063,6.0167,Thunderstruck,0.24388815462589264,0.6639136440933527,0.09326414046028798,0.035856351573985465,0.714486869024609,2790.49,8.49271756614461,135.99917763157896,True,True,False,True,False,B,MID,1.0,False
183.0668498330051,3.7211,Thunderstruck,0.24890293180942535,1.0556661125052493,0.21401988837095656,0.07044143775693863,0.7302637504898929,2957.72,3.8658397423381445,135.99917763157896,False,False,False,False,False,B,MID,0.65,False
183.16039341699798,5.9248,Thunderstruck,0.1868608295917511,0.6304179668909577,0.1593945887917105,0.04417862886631777,0.7276619245260569,2929.46,2.11335363312256,135.99917763157896,False,False,False,False,False,B,MID,0.42250000000000004,False
183.2511552500073,4.3354,Thunderstruck,0.14894942939281464,0.6056963407463595,0.12430068376794387,0.039268332457566835,0.7244968286089447,2895.46,3.537047287324478,135.99917763157896,False,False,False,False,False,B,MID,0.2836252595975393,False
183.34351291699568,2.4719,Thunderstruck,0.1212679073214531,0.5153171303273264,0.0893798919884583,0.029659996176486892,0.7165840308387732,2812.16,2.417958000352351,135.99917763157896,False,False,False,False,False,B,MID,0.2801121715422902,False
183.4362962919986,2.9349,Thunderstruck,0.16309581696987152,0.41943266660686074,0.07136911712743685,0.02016448866091196,0.7128757162891831,2773.96,7.291860287151903,135.99917763157896,False,False,False,False,False,B,MID,0.2796598480171061,False
183.5285092080012,13.6895,Thunderstruck,0.1589219570159912,0.8414575459029547,0.05780304812237181,0.021857843033718058,0.7138033978809812,2783.47,1.6735832145499738,135.99917763157896,False,False,False,False,False,B,MID,0.27897560600870247,False
183.62190408300376,4.59,Thunderstruck,0.07329384237527847,0.40106127927919477,0.031127281880135665,0.013023176244293744,0.6984626100779363,2630.32,3.210090018591107,135.99917763157896,False,False,False,False,False,B,MID,0.27021759193062,False
183.7176696669776,5.4389,Thunderstruck,0.1978980153799057,0.6390784757560088,0.10067277856932845,0.023093656319525844,0.6481241035718562,2184.56,6.913549779342273,135.99917763157896,False,False,False,False,False,B,MID,0.27219173233715616,False
183.80845424998552,4.4421,Thunderstruck,0.13602522015571594,0.6588948704087998,0.12175044692500898,0.028986454976649194,0.6609424082776804,2290.34,2.6854899137881296,135.99917763157896,False,False,False,False,False,B,MID,0.2703657613560499,False
183.9033012499567,5.1041,Thunderstruck,0.2309952974319458,0.596576481361189,0.14203576886201538,0.04909859204642671,0.7208205488753667,2856.46,7.739074328885494,135.99917763157896,True,True,False,True,False,B,MID,1.0,False
183.99671974999364,5.3191,Thunderstruck,0.20198705792427063,0.875669085279417,0.17438618673826725,0.048380108606566705,0.6872210406496346,2523.48,2.969781993910897,135.99917763157896,False,False,False,False,False,B,MID,0.65,False
184.08655766700394,2.2837,Thunderstruck,0.1356286257505417,0.4439086433300248,0.13413967997556114,0.03338933634330564,0.6773858816973841,2433.56,2.981468228392571,135.99917763157896,False,False,False,False,False,B,MID,0.42250000000000004,False
184.1791544999578,2.4208,Thunderstruck,0.17532087862491608,0.6280912677781314,0.12657810922653898,0.029520859342531413,0.6531836404739532,2225.71,4.070896734508403,135.99917763157896,False,False,False,False,False,B,MID,0.27462500000000006,False
184.2718067499809,3.9595,Thunderstruck,0.12462331354618073,0.5752215235941556,0.10233791181275678,0.020332612562494506,0.6468329829804221,2174.18,2.9021323539322914,135.99917763157896,False,False,False,False,False,B,MID,0.27167290482706846,False
184.37019950000104,3.72,Thunderstruck,0.20691697299480438,0.60597131392564,0.1358276994937489,0.028091849332547828,0.6777310087367198,2436.66,5.542922616802269,135.99917763157896,False,False,False,False,False,B,MID,0.27402968505193076,False
184.46120487496955,4.2169,Thunderstruck,0.18457850813865662,0.6947097142178014,0.1847515611864081,0.04038158844363935,0.6611040772794029,2291.7,3.0579814595046644,135.99917763157896,False,False,False,False,False,B,MID,0.2751096498003867,False
184.5514659580076,3.881,Thunderstruck,0.14435487985610962,0.3759642958186668,0.13811575524092376,0.033931130000330816,0.6531507851618499,2225.44,4.275356704131318,135.99917763157896,False,False,False,False,False,B,MID,0.2737148458907842,False
184.64656595798442,6.0538,Thunderstruck,0.16795454919338226,0.6406813753505819,0.1325922495677778,0.03567951973963412,0.6416790928384117,2133.23,2.788799387127609,135.99917763157896,False,False,False,False,False,B,MID,0.2738716450694987,False
184.73785279196454,4.3764,Thunderstruck,0.12627218663692474,0.42940128259848376,0.12786625599420515,0.03538443251610601,0.6610359507527609,2291.13,2.803603882190857,135.99917763157896,False,False,False,False,False,B,MID,0.27123965466540023,False
184.8315731670009,5.3008,Thunderstruck,0.26652923226356506,0.7500645973694332,0.18047469885896836,0.05795209310913021,0.7212054772733801,2860.52,9.104439211391707,135.99917763157896,True,True,True,True,False,B,MID,1.0,True
184.92640895798104,5.4722,Thunderstruck,0.15190815925598145,0.7467288078572605,0.1631254576004966,0.04006087281502389,0.676359254780049,2424.37,2.702592231100721,135.99917763157896,False,False,False,False,False,B,MID,0.65,False
185.01525491697248,4.605,Thunderstruck,0.15610069036483765,0.36780634353843117,0.14186876464420656,0.03611941449810748,0.6880128479187576,2530.86,5.745717367929344,135.99917763157896,False,False,False,False,False,B,MID,0.42250000000000004,False
185.11093716695905,5.0898,Thunderstruck,0.16065870225429535,0.6150964821548986,0.1416863486376891,0.030743469639343112,0.6492354857480722,2193.53,2.632027306150944,135.99917763157896,False,False,False,False,False,B,MID,0.27462500000000006,False
185.20312320796074,4.3182,Thunderstruck,0.1149667277932167,0.4685073592501677,0.11815070317508682,0.029037771653841214,0.6551210499337953,2241.68,2.410167518307814,135.99917763157896,False,False,False,False,False,B,MID,0.2707991377984905,False
185.29882729199016,4.7033,Thunderstruck,0.2223341315984726,0.659107725483547,0.16154544056720926,0.03690842225390455,0.6796857444408367,2454.3,5.386424458633656,135.99917763157896,False,False,False,False,False,B,MID,0.2739438521873508,False
185.39002583298134,4.8021,Thunderstruck,0.16762928664684296,0.6311817130616054,0.16650884286053128,0.04367093376573111,0.6701577839590935,2369.53,2.7445465892438623,135.99917763157896,False,False,False,False,False,B,MID,0.2740700636616642,False
185.48415741696954,4.5958,Thunderstruck,0.17164170742034912,0.40754840755041777,0.16044568703011955,0.041122827330124206,0.6727797487161254,2392.56,4.3112547698187065,135.99917763157896,False,False,False,False,False,B,MID,0.2744238612216572,False
185.57615774997976,13.892,Thunderstruck,0.17471422255039215,0.6066504327956728,0.16299200325881577,0.04470248817635498,0.6751012164672101,2413.14,2.4458394596573334,135.99917763157896,False,False,False,False,False,B,MID,0.2749359662256757,False
185.6652662080014,5.011,Thunderstruck,0.20395761728286743,0.4059374674970785,0.16633020265545612,0.044672477808952525,0.6960175123190986,2606.7,5.3518008686586,135.99917763157896,False,False,False,False,False,B,MID,0.2769818989443933,False
185.76233708299696,3.0119,Thunderstruck,0.2369944006204605,0.8977520188281581,0.20939012452077474,0.06669652977126646,0.730329334012286,2958.43,6.0430360147003555,135.99917763157896,False,False,False,False,False,B,MID,0.2804899911139404,False
185.8527932500001,3.4726,Thunderstruck,0.15723277628421783,0.545416137359763,0.17224255625629778,0.04549420523861322,0.6850751018838539,2503.58,3.4902338384367697,135.99917763157896,False,False,False,False,False,B,MID,0.27965955188474617,False
185.9476052079699,4.1498,Thunderstruck,0.1845567375421524,0.580291790275972,0.15051622593222166,0.03273576348764734,0.6576937690576817,2263.05,4.65124613400972,135.99917763157896,False,False,False,False,False,B,MID,0.2804568403098048,False
186.0371369579807,3.8023,Thunderstruck,0.13898473978042603,0.6245182498028055,0.09702426594446564,0.02299388966001808,0.6645055847507625,2320.64,2.3847740401406066,135.99917763157896,False,False,False,False,False,B,MID,0.27842646409281196,False
186.1325624579913,4.7423,Thunderstruck,0.276596337556839,0.43291011341905006,0.16807250819478975,0.04633146224094274,0.7924561099849425,3720.42,7.640787857145571,135.99917763157896,False,False,False,False,False,B,MID,0.28353907775480264,False
186.22183524997672,4.4349,Thunderstruck,0.2978680729866028,0.9821768570523186,0.36845688153060874,0.0820534804433786,0.7249081958817837,2899.86,4.380922674157374,135.99917763157896,False,False,False,False,False,B,MID,0.28922753249173827,False
186.31760416697944,4.8448,Thunderstruck,0.24539832770824432,0.6568590094179405,0.264991730575654,0.06661372029463636,0.7130786924872522,2776.03,2.6459977568143236,135.99917763157896,False,False,False,False,False,B,MID,0.2923618521974173,False
186.41266129194992,3.5748,Thunderstruck,0.2261776328086853,0.7406690027809874,0.19509927465830004,0.05871373858282806,0.7162209204856325,2808.4,3.053074291348435,135.99917763157896,False,False,False,False,False,B,MID,0.2944173391346313,False
186.50602079200326,7.056,Thunderstruck,0.1914156675338745,0.8185488072602092,0.16060815445115842,0.044971224257558354,0.7085724704008415,2730.27,2.4461189055555983,135.99917763157896,False,False,False,False,False,B,MID,0.29452525589620904,False
186.59345066698734,5.1714,Thunderstruck,0.32837599515914917,0.7108292118235552,0.19177782823386919,0.06764095600811645,0.7434839891856981,3105.53,5.72782373876582,135.99917763157896,False,False,False,False,False,B,MID,0.29979899310139857,False
186.689168916957,6.4352,Thunderstruck,0.2414844036102295,1.1486755100226609,0.247421212484007,0.07565514573729822,0.71050295340682,2749.78,2.486386879553956,135.99917763157896,False,False,False,False,True,C,MID,0.3013595967250762,False
186.78026133298408,4.5085,Thunderstruck,0.22011902928352356,0.6691011257707085,0.2104431239784764,0.05581069006362097,0.7266290566406061,2918.32,3.0188655032117273,135.99917763157896,False,False,False,False,False,C,MID,0.3018510530182385,False
186.87721687497105,3.0363,Thunderstruck,0.22412529587745667,0.7516206262180831,0.19944996419268202,0.04385998846509209,0.7241200887202818,2891.44,3.444609706005164,135.99917763157896,False,False,False,False,False,C,MID,0.30250949944007577,False
186.97028462495655,0.9932,Thunderstruck,0.20558962225914001,0.8807185096138314,0.13931608901166243,0.03745043920574466,0.6919320514442414,2567.71,3.0795793155911957,135.99917763157896,False,False,False,False,False,C,MID,0.3022236722938905,False
187.05899237497943,0.9528,Thunderstruck,0.19727198779582977,0.5960560490658947,0.14296282005359046,0.03247443751463556,0.6848238396489733,2501.26,4.845815234914852,135.99917763157896,False,False,False,False,False,C,MID,0.3015205326034043,False
187.1539065829711,1.4657,Thunderstruck,0.18996913731098175,0.8503454007635683,0.07823423586453326,0.028203470518190405,0.7049057908263425,2693.59,2.897355714613688,135.99917763157896,False,False,False,False,False,C,MID,0.3004603861064359,False
187.24847841699375,2.1225,Thunderstruck,0.14021208882331848,0.6167550222189299,0.11338191329321937,0.03675051818381167,0.6643878395980521,2319.63,2.392342768347113,135.99917763157896,False,False,False,False,False,C,MID,0.29632359630420874,False
187.34129391697934,3.8925,Thunderstruck,0.25451260805130005,0.7836864262158593,0.19956239286957594,0.02176940974507649,0.5723101638793737,1651.6,6.047508465410777,135.99917763157896,False,False,False,False,False,C,MID,0.29862886456587145,False
187.43203183298465,4.1226,Thunderstruck,0.18627960979938507,0.7614217635930394,0.1936840609049205,0.013820861770753153,0.4919087619397738,1227.71,3.4518882823806636,135.99917763157896,False,False,False,False,False,C,MID,0.2975100748149852,False
187.526413124986,4.6878,Thunderstruck,0.3114817440509796,1.1130871383989172,0.14699329923208676,0.062538712580562,0.7235627685071141,2885.5,7.377305045028765,135.99917763157896,True,True,False,True,False,C,MID,1.0,False
187.61527624999871,17.5038,Thunderstruck,0.20665018260478973,0.9256858761171081,0.13269913874595443,0.04815041355014695,0.6733643822486125,2397.73,3.113620232930524,135.99917763157896,False,False,False,False,False,C,MID,0.65,False
187.70818391698413,3.3855,Thunderstruck,0.1679893583059311,0.632706201187474,0.0955670137021971,0.031190293013804275,0.6603222443562851,2285.1,6.446802912091321,135.99917763157896,False,False,False,False,False,C,MID,0.42250000000000004,False
187.80345683300402,4.8582,Thunderstruck,0.20998460054397583,0.8325783202014946,0.1578046275839417,0.017693660384345448,0.5717969037653479,1648.48,2.862700679956383,135.99917763157896,False,False,False,False,False,C,MID,0.2995585251380433,False
187.8974998749909,4.7305,Thunderstruck,0.1639087051153183,0.6918117135215848,0.155003652764953,0.015824432858943773,0.5171487168030217,1347.51,2.056453441982131,135.99917763157896,False,False,False,False,False,C,MID,0.29707514876727864,False
187.98740729200654,6.2313,Thunderstruck,0.24149827659130096,0.8022523191099005,0.1542728699005957,0.036847638842555194,0.6890137729451233,2540.22,9.613790229801404,135.99917763157896,False,True,False,False,False,C,MID,0.2987725651168843,False
188.0831444169744,4.0938,Thunderstruck,0.18966753780841827,0.7928436580943715,0.142967431071645,0.03794814465310606,0.6598638696761213,2281.24,3.000254827705485,135.99917763157896,False,False,False,False,False,C,MID,0.29783333704465,False
188.17322125000646,9.4165,Thunderstruck,0.21306513249874115,0.5534140658963279,0.17476475803081043,0.04406068037110166,0.6383184724043321,2106.95,5.664135656915234,135.99917763157896,False,False,False,False,False,C,MID,0.29815675914637024,False
188.26902058295673,3.8278,Thunderstruck,0.21950975060462952,0.8086674339327463,0.22410342198227343,0.033087814468986225,0.5859231212725532,1736.66,1.894381829702204,135.99917763157896,False,False,False,False,False,C,MID,0.29877897548644894,False
188.36253941699397,3.7134,Thunderstruck,0.2167178839445114,0.614196496560542,0.141664604205352,0.01847300259011418,0.5630992476071266,1596.43,5.884673979479195,135.99917763157896,True,True,False,True,False,C,MID,1.0,False
188.45523666695226,3.9408,Thunderstruck,0.2747032344341278,1.177183314323193,0.16931216240062144,0.06946506102204608,0.7119773683781495,2764.78,8.520371150184381,135.99917763157896,False,True,False,False,False,C,MID,0.65,False
188.54575908300467,3.3488,Thunderstruck,0.15889675915241241,0.7396432017091895,0.11972458863235586,0.03861501363568134,0.6673151762300215,2344.82,2.439473172035488,135.99917763157896,False,False,False,False,False,C,MID,0.42250000000000004,False
188.64133279200178,3.6873,Thunderstruck,0.20998133718967438,0.5921365328029591,0.126492761026829,0.022569643212854592,0.6516302305015063,2213.0,6.461649966505519,135.99917763157896,False,False,False,False,False,C,MID,0.2993967443680197,False
188.72946441697422,2.6955,Thunderstruck,0.20122554898262024,0.868150133579859,0.16189251657312145,0.016481650742208236,0.5540852981749019,1544.22,5.881059851166364,135.99917763157896,False,False,False,False,False,C,MID,0.29904200974283807,False
188.82666312495712,2.3087,Thunderstruck,0.1989041119813919,0.5950616895958852,0.16048621532534432,0.026207719692364212,0.5570254109059434,1561.05,4.403001604581115,135.99917763157896,False,False,False,False,False,C,MID,0.29858386221829697,False
188.9182869999786,2.2225,Thunderstruck,0.20428042113780975,0.958150525962843,0.1125927506435759,0.019526299944092298,0.6901964121182292,2551.33,3.8351406335845954,135.99917763157896,False,False,False,False,False,C,MID,0.2984273843120477,False
189.013318082958,2.2778,Thunderstruck,0.15589775145053864,0.6981980817229444,0.10531516559163306,0.043739011229674066,0.66436191490474,2319.41,5.484430452567474,135.99917763157896,False,False,False,False,False,C,MID,0.2954857833489999,False
189.10228937497595,4.3604,Thunderstruck,0.22867323458194733,0.7023104934752343,0.15862837346270842,0.028359405149026663,0.5920723036989497,1776.5,7.564578725145688,135.99917763157896,False,False,False,False,False,C,MID,0.2966766229256847,False
189.1984046669677,5.2121,Thunderstruck,0.2048688679933548,0.8176478140152325,0.18131840089783566,0.015927930528288392,0.48228098886036236,1184.88,2.1329485439502154,135.99917763157896,False,False,False,False,False,C,MID,0.29664563613514794,False
189.29287704196759,3.9214,Thunderstruck,0.2618856132030487,0.7431409269338726,0.15357908459309746,0.03505514837042768,0.613724269868186,1924.21,9.00691092976877,135.99917763157896,True,True,False,True,False,C,MID,1.0,False
189.37991858297028,4.525,Thunderstruck,0.243414044380188,1.1472766570239172,0.13991041289418082,0.06189742774530671,0.6970482762692929,2616.64,2.528865627460263,135.99917763157896,False,False,False,False,False,C,MID,0.65,False
189.47635362495203,3.664,Thunderstruck,0.12154428660869598,0.6795723991949791,0.10602779058647922,0.026770741114860632,0.6544441252090492,2236.09,1.9008168377754149,135.99917763157896,False,False,False,False,False,C,MID,0.42250000000000004,False
189.57028112496482,3.7557,Thunderstruck,0.22355622053146362,0.7271755742661948,0.1374440241578275,0.024483582635565253,0.6281315537504197,2029.24,6.088325227133724,135.99917763157896,False,False,False,False,False,C,MID,0.29621948467421033,False
189.65845383296255,15.9841,Thunderstruck,0.18700425326824188,0.7507214661498772,0.1689962845726838,0.01675877391329129,0.6144303428871546,1929.23,2.2044154193964567,135.99917763157896,False,False,False,False,False,C,MID,0.29526136125346836,False
189.75216458295472,2.0906,Thunderstruck,0.30798301100730896,0.6785697336766253,0.1952255012841705,0.060048129617451436,0.8072271558252323,3928.77,11.467819812663475,135.99917763157896,False,False,False,False,False,C,MID,0.29975497024065945,False
189.84494437498506,1.0745,Thunderstruck,0.25738343596458435,1.0974413988886187,0.2790064547748238,0.07634531998489208,0.7118374020316734,2763.35,2.402128028167589,135.99917763157896,False,False,False,False,False,C,MID,0.3020114297270145,False
189.9383014999912,1.2467,Thunderstruck,0.22647041082382202,0.6728162197813978,0.19042493537446425,0.06430692781221563,0.7141616620933396,2787.15,2.567572986686565,135.99917763157896,False,False,False,False,False,C,MID,0.3027727050523786,False
190.0307622499531,1.4498,Thunderstruck,0.26441091299057007,0.9264625066091426,0.2185359845931645,0.04762105937354007,0.6716832088647426,2382.91,4.697642258131883,135.99917763157896,False,False,False,False,False,C,MID,0.3051744424882628,False
190.12327733298298,1.0737,Thunderstruck,0.21125516295433044,0.837134393750719,0.1879697186912519,0.031595801280225704,0.6449136531278749,2158.84,2.1202123534387276,135.99917763157896,False,False,False,False,False,C,MID,0.30504093275030875,False
190.21718620799948,1.14,Thunderstruck,0.3318175673484802,1.0008056521912627,0.22144399037834223,0.07999943521483806,0.7364179661286454,3025.63,5.3613677405399764,135.99917763157896,True,True,False,True,False,C,MID,1.0,False
190.3099217499839,1.406,Thunderstruck,0.2396867871284485,0.9418049074277628,0.23480429791086105,0.06319399119099181,0.6978952999172655,2624.82,2.5330263134769315,135.99917763157896,False,False,False,False,False,C,MID,0.65,False
190.40269845799776,1.8124,Thunderstruck,0.20645396411418915,0.6236353140143547,0.1714743937067908,0.04902127502265307,0.716981222871255,2816.29,4.1001243629179305,135.99917763157896,False,False,False,False,False,C,MID,0.42250000000000004,False
190.49813866696786,5.9838,Thunderstruck,0.245574951171875,0.8902982940571867,0.2058174245915409,0.04081795043169118,0.676050178299784,2421.6,3.443581058117193,135.99917763157896,False,False,False,False,False,C,MID,0.3110633559185568,False
190.58962466695812,4.7704,Thunderstruck,0.15448202192783356,0.7444724628709795,0.1344547834852543,0.03863635126260016,0.6592745543324398,2276.29,3.311782323469622,135.99917763157896,False,False,False,False,False,C,MID,0.30732400342667837,False
190.68232279195217,4.5004,Thunderstruck,0.21747663617134094,0.7463154094770917,0.14083296402841977,0.02826824025950364,0.6749171104845834,2411.5,5.448496777366958,135.99917763157896,False,False,False,False,False,C,MID,0.3072956075441543,False
190.7780288750073,2.9441,Thunderstruck,0.15209124982357025,0.7453244997450501,0.07965929259315584,0.02878561671365453,0.6821647627873483,2476.85,3.541323960173063,135.99917763157896,False,False,False,False,False,C,MID,0.30358522339602906,False
190.86686499998905,2.8129,Thunderstruck,0.14854058623313904,0.36273493388182704,0.11198076334789096,0.032451754051084344,0.6533626313267064,2227.18,6.296923562362527,135.99917763157896,False,False,False,False,False,C,MID,0.29981864806143527,False
190.96139512496302,4.691,Thunderstruck,0.17719301581382751,0.596077061723635,0.1694537719902668,0.028359416485147223,0.587486410765263,1746.7,2.828166338888782,135.99917763157896,False,False,False,False,False,C,MID,0.2980431293524996,False
191.05770854197908,5.0821,Thunderstruck,0.15002402663230896,0.5876338530254805,0.16255785572179487,0.010523899250430107,0.4878851832288131,1209.63,2.7255963223021564,135.99917763157896,False,False,False,False,False,C,MID,0.2946553842062462,False
191.15033074998064,6.4397,Thunderstruck,0.29603785276412964,1.0799004666969854,0.1415178945812197,0.05856293058108528,0.7192362843784127,2839.81,8.123629516189665,135.99917763157896,True,True,False,True,False,C,MID,1.0,False
191.2402692079777,5.465,Thunderstruck,0.1724952757358551,0.8485087471382617,0.1060176518946277,0.03159872624130282,0.6617557713775392,2297.22,2.726496866315723,135.99917763157896,False,False,False,False,False,C,MID,0.65,False
191.331599541998,4.885,Thunderstruck,0.18971598148345947,0.5660130830528436,0.0882225333018091,0.019506206682491232,0.6550747775245455,2241.3,4.756489572157866,135.99917763157896,False,False,False,False,False,C,MID,0.42250000000000004,False
191.42670858296333,4.2703,Thunderstruck,0.2188110053539276,0.8824186175479114,0.18977927169305486,0.015043019272904436,0.5599074231275434,1577.74,1.8301312608340459,135.99917763157896,False,False,False,False,False,C,MID,0.29632553141947215,False
191.5161396249896,2.686,Thunderstruck,0.16422560811042786,0.6606507904210961,0.14729453460380057,0.012121936707641801,0.5234169191301719,1379.04,2.9353940719995677,135.99917763157896,False,False,False,False,False,C,MID,0.293947645322787,False
191.61015308299102,4.2233,Thunderstruck,0.22307837009429932,0.8199101728805321,0.15821372361012415,0.03073121310180132,0.6771876477124029,2431.79,12.218860520281323,135.99917763157896,False,True,False,False,False,C,MID,0.29485611628754804,False
191.70509274996584,15.2748,Thunderstruck,0.1686018705368042,0.6700428943375414,0.12778205222495576,0.038410738940160116,0.6565443496511563,2253.48,5.435515475531397,135.99917763157896,False,False,False,False,False,C,MID,0.2928203158491024,False
191.79744204197777,5.0547,Thunderstruck,0.22968357801437378,0.6081844634849095,0.1744628128135289,0.03806571822053034,0.6216291651264886,1981.15,5.872335605588611,135.99917763157896,False,False,False,False,False,C,MID,0.29409428700725626,False
191.8884445419535,5.1882,Thunderstruck,0.2171618640422821,0.8937087158715813,0.20185269719144291,0.018659368893410255,0.4909677815558236,1223.46,2.223310214824936,135.99917763157896,False,False,False,False,False,C,MID,0.29471214756859904,False
191.98480483295862,3.9639,Thunderstruck,0.2511981129646301,0.653299977258895,0.1378714973777751,0.02961392244287141,0.587076186761116,1744.06,9.884035577865395,135.99917763157896,True,True,False,True,False,C,MID,1.0,False
192.07818216696614,5.4868,Thunderstruck,0.22988632321357727,1.0910531426564456,0.15336754580531467,0.08444398167542697,0.719344277321613,2840.94,6.521271862293043,135.99917763157896,False,False,False,False,False,C,MID,0.65,False
192.16997612500563,4.3139,Thunderstruck,0.1390957236289978,0.641113778628099,0.12344812865399847,0.038934057211868156,0.6664868110386294,2337.66,3.069867884579842,135.99917763157896,False,False,False,False,False,C,MID,0.42250000000000004,False
192.26437424996402,4.9144,Thunderstruck,0.18173496425151825,0.5502441255873762,0.10766060904066553,0.019492726185400943,0.6376003546448885,2101.38,4.295101367354581,135.99917763157896,False,False,False,False,False,C,MID,0.29256081589382193,False
192.3544777079951,4.5834,Thunderstruck,0.17825475335121155,0.6934620335876804,0.1295651262197347,0.028978677478028996,0.590482313024852,1766.11,5.787101200060449,135.99917763157896,False,False,False,False,False,C,MID,0.2912094037363981,False
192.44466483296128,3.6734,Thunderstruck,0.1951073259115219,0.5122553881304703,0.1664745204713988,0.044679550099666517,0.650077854317711,2200.36,5.296835618078047,135.99917763157896,False,False,False,False,False,C,MID,0.29085527501967984,False
192.53993237495888,2.8127,Thunderstruck,0.20060348510742188,0.8943879971901356,0.13171871934126853,0.026434264298482123,0.6630650896906534,2308.34,2.773271047631558,135.99917763157896,False,False,False,False,False,C,MID,0.2908067042244096,False
192.63444649998564,4.798,Thunderstruck,0.14114752411842346,0.6557873769096119,0.09595038395015876,0.041156750395866,0.6606319076822161,2287.72,5.1819371314637515,135.99917763157896,False,False,False,False,False,C,MID,0.28715497478247554,False
192.7279835829977,5.0745,Thunderstruck,0.20545485615730286,0.6357591368338442,0.14086595267022123,0.02820188130051658,0.5826748599234998,1715.97,7.5679464926219495,135.99917763157896,False,False,False,False,False,C,MID,0.2875399180974076,False
192.82213362498442,5.6142,Thunderstruck,0.19180156290531158,0.7214235243490211,0.17715824012457815,0.01394613642491854,0.4769115925771307,1161.64,1.9269451644871143,135.99917763157896,False,False,False,False,False,C,MID,0.287192707128582,False
192.91169845795957,5.032,Thunderstruck,0.2586528956890106,0.8754080518172795,0.15629440762347746,0.05561333346135596,0.7024458959808992,2669.26,8.968809575781059,135.99917763157896,True,True,False,True,False,C,MID,1.0,False
193.00646045798203,5.1822,Thunderstruck,0.18741615116596222,0.8611190589391856,0.1260557748934226,0.043069554980496846,0.6742962322351973,2405.99,2.1008867276290384,135.99917763157896,False,False,False,False,False,C,MID,0.65,False
193.09728754195385,4.3356,Thunderstruck,0.14329883456230164,0.5711176136659316,0.07221812391130904,0.019282710829977758,0.6746094505791697,2408.77,4.1256040945645305,135.99917763157896,False,False,False,False,False,C,MID,0.42250000000000004,False
193.19262920797337,3.843,Thunderstruck,0.214089035987854,0.7375199866160898,0.1790942517054438,0.025144981053581605,0.6000491536919534,1829.55,7.841189599382981,135.99917763157896,False,False,False,False,False,C,MID,0.2867728221259927,False
193.28368529200088,4.9249,Thunderstruck,0.16203787922859192,0.5699872902906076,0.18661594353099428,0.01665909795437531,0.6761200369461815,2422.23,3.008160122802447,135.99917763157896,False,False,False,False,False,C,MID,0.28473564252077715,False
193.37409754196415,3.8062,Thunderstruck,0.3678860664367676,0.9128248987013013,0.3009112696249672,0.08247378175300277,0.783727288341875,3602.53,10.961435120379786,135.99917763157896,False,False,False,False,False,C,MID,0.2904988603947383,False
193.47180383297382,4.8827,Thunderstruck,0.24352329969406128,0.9368730764259738,0.2605242987171803,0.06631290240575406,0.7125310892728357,2770.43,3.185864809971942,135.99917763157896,False,False,False,False,False,C,MID,0.2915609475232551,False
193.56174020795152,3.6232,Thunderstruck,0.22348661720752716,0.7059378459115552,0.21207669257792214,0.06663897831935728,0.7190862739505722,2838.24,4.403746806542921,135.99917763157896,False,False,False,False,False,C,MID,0.2905972514374672,False
193.65518162498483,4.1558,Thunderstruck,0.21837060153484344,0.6997143910687029,0.22824720423960593,0.041895746406786984,0.6839038808528318,2492.79,3.705637303866612,135.99917763157896,False,False,False,False,False,C,MID,0.2893861546751888,False
193.74924599996302,14.0763,Thunderstruck,0.22481945157051086,0.6811429166502156,0.18465055232051036,0.0415905431626699,0.7194698379857681,2842.26,5.2214622815797735,135.99917763157896,False,False,False,False,False,C,MID,0.288606950058643,False
193.84019904199522,5.1225,Thunderstruck,0.3697228729724884,1.2098430264844726,0.2761834657236001,0.10290355003423828,0.7334592423002272,2992.79,4.012530085049581,135.99917763157896,False,False,False,False,False,C,MID,0.2941766025557109,False
193.93513920798432,4.4402,Thunderstruck,0.24666884541511536,0.8338528447681188,0.24161742189362073,0.0734645436999486,0.7162007797249228,2808.19,2.298622843568504,135.99917763157896,False,False,False,False,False,C,MID,0.29428572560164434,False
194.02892266697017,5.7171,Thunderstruck,0.21827448904514313,0.6549485990128707,0.21507146108039488,0.05219137656685486,0.7265945398212021,2917.95,2.9161343372858908,135.99917763157896,False,False,False,False,False,C,MID,0.2928408593609694,False
194.11766362498747,4.7635,Thunderstruck,0.19862088561058044,0.6975939754635595,0.19062925264799374,0.041952254210983864,0.7205704194111363,2853.82,2.522863499037391,135.99917763157896,False,False,False,False,False,C,MID,0.29025458581771,False
194.21379091695417,4.561,Thunderstruck,0.1709412783384323,0.5976616250885036,0.14368930197169544,0.03717462648942494,0.679720477563212,2454.61,3.692277198205345,135.99917763157896,False,False,False,False,False,C,MID,0.2857851962452633,False
194.3042074579862,4.904,Thunderstruck,0.19450172781944275,0.8042911247008838,0.12391826491747525,0.02824252277860631,0.6908961987680289,2557.92,3.6440049434236963,135.99917763157896,False,False,False,False,False,C,MID,0.2832781555238785,False
194.4005977079505,5.1111,Thunderstruck,0.2259143888950348,0.8388695523852987,0.0890414675414177,0.03986533379973947,0.6667286750427691,2339.75,3.540505539314059,135.99917763157896,False,False,False,False,False,C,MID,0.28282104926785345,False
194.49191220797366,2.8077,Thunderstruck,0.1887601613998413,0.6991242469025996,0.1432251817726237,0.04335703760802274,0.6415665510237034,2132.35,6.705574629551607,135.99917763157896,False,False,False,False,False,C,MID,0.28006769444169266,False
194.58420945797116,1.4098,Thunderstruck,0.20147433876991272,0.7511837860779943,0.17713087688425835,0.02565308069023415,0.5646818499947517,1605.77,2.013464611517759,135.99917763157896,False,False,False,False,False,C,MID,0.27830529005082294,False
194.6794829169521,3.0481,Thunderstruck,0.27484816312789917,0.8327095791000105,0.14999572640275508,0.03473567962595602,0.6295000030288842,2039.51,8.777584280164852,135.99917763157896,True,True,False,True,False,C,MID,1.0,False
194.76789708295837,5.2765,Thunderstruck,0.2448386698961258,1.1674095328960292,0.14277168152978134,0.06933848418914954,0.7077752503519651,2722.25,4.720425804025723,135.99917763157896,False,False,False,False,False,C,MID,0.65,False
194.86492462496972,5.921,Thunderstruck,0.124308280646801,0.663441980694601,0.10166072670371856,0.03054128247467751,0.6637734975299269,2314.38,2.7526374517184906,135.99917763157896,False,False,False,False,False,C,MID,0.42250000000000004,False
194.9571492499672,4.7949,Thunderstruck,0.2237977236509323,0.7504084758202649,0.11454282685461807,0.03136086165189043,0.6331478047309455,2067.14,6.626197036878256,135.99917763157896,False,False,False,False,False,C,MID,0.27462500000000006,False
195.04608354199445,5.5771,Thunderstruck,0.18687373399734497,0.7519388193672887,0.16995776159627649,0.014629047895861433,0.5384875346629374,1457.87,1.7527468958991537,135.99917763157896,False,False,False,False,False,C,MID,0.26933182209251494,False
195.14082941698143,4.4122,Thunderstruck,0.20274123549461365,0.5592030386767869,0.15240559731883568,0.024196333786085256,0.6011906201819001,1837.27,10.352926744792509,135.99917763157896,False,False,False,False,False,C,MID,0.2679009866069195,False
195.23562845797278,5.5535,Thunderstruck,0.18753798305988312,0.8327468120424276,0.15327480164248505,0.03146628825958714,0.6697162198977461,2365.68,2.705394422238955,135.99917763157896,False,False,False,False,False,C,MID,0.2654592966240047,False
195.3258848330006,4.969,Thunderstruck,0.14933502674102783,0.5781202238215232,0.13278534425151245,0.04155922488465251,0.6512168924870477,2209.62,3.1923240840236393,135.99917763157896,False,False,False,False,False,C,MID,0.2595793027265447,False
195.42217516695382,4.5311,Thunderstruck,0.22113755345344543,0.6963929477340901,0.17067979402127642,0.026978953685152372,0.5756111923230312,1671.84,6.114292680194278,135.99917763157896,False,False,False,False,False,C,MID,0.2598068188433113,False
195.5127103329869,3.81,Thunderstruck,0.1590445637702942,0.737230335384857,0.14385005732568912,0.010026202423008862,0.4615341903697048,1097.58,2.3476237113690233,135.99917763157896,False,False,False,False,False,C,MID,0.2552881859848048,False
195.605626207951,5.8012,Thunderstruck,0.2495535910129547,0.6742387827968113,0.14962846793493553,0.06508620649228543,0.6861358179287049,2513.39,10.762163461543086,135.99917763157896,True,True,False,True,False,C,MID,1.0,False
195.69663437496638,3.7345,Thunderstruck,0.21945123374462128,0.9543037684010387,0.15160882708848533,0.05349277438993095,0.6850081646972761,2502.96,2.454553029930378,135.99917763157896,False,False,False,False,False,C,MID,0.65,False
195.7912214579992,16.8731,Thunderstruck,0.16223451495170593,0.6319811146691293,0.07456987417590573,0.022672017569740223,0.6629169202728619,2307.08,4.913502122327771,135.99917763157896,False,False,False,False,False,C,MID,0.42250000000000004,False
195.8824773329543,4.4191,Thunderstruck,0.17694580554962158,0.7531465344485492,0.15365261819480455,0.02088250577316203,0.5880087153758635,1750.07,4.7917405132090005,135.99917763157896,False,False,False,False,False,C,MID,0.27462500000000006,False
195.97566679195734,3.1083,Thunderstruck,0.1668066680431366,0.6046936904060972,0.12932553195973903,0.03498624384967774,0.6043737548662677,1858.97,6.448046158522329,135.99917763157896,False,False,False,False,False,C,MID,0.24760232643994692,False
196.07083979196614,3.6806,Thunderstruck,0.22332486510276794,0.7297919424463996,0.13837645806222054,0.02708235277200773,0.6601109571807567,2283.32,5.6808402818956365,135.99917763157896,False,False,False,False,False,C,MID,0.24855974986880985,False
196.15988212497905,3.9772,Thunderstruck,0.19216160476207733,0.883679945834759,0.073746465888383,0.028109289844951185,0.6702962207379608,2370.74,4.273008587153155,135.99917763157896,False,False,False,False,False,C,MID,0.24742750937290808,False
196.25380874995608,3.4717,Thunderstruck,0.18472623825073242,0.5509916400502995,0.12965603453269914,0.036171011094778695,0.6300938962874721,2043.99,6.078621753696255,135.99917763157896,False,False,False,False,False,C,MID,0.24579484468178325,False
196.35012133297278,4.3996,Thunderstruck,0.2174595445394516,0.8748621277677637,0.18561483118551214,0.028306237622664134,0.538120704064407,1455.9,3.5696193416254753,135.99917763157896,False,False,False,False,False,C,MID,0.24648761677226674,False
196.43965229199966,4.0626,Thunderstruck,0.14570552110671997,0.6180828383972737,0.17509155276380234,0.013262480258098598,0.4674394597002616,1121.75,2.7135569052130277,135.99917763157896,False,False,False,False,False,C,MID,0.2411005486964433,False
196.53302945796167,2.9175,Thunderstruck,0.3269045054912567,1.1622230059223937,0.15878801906934709,0.06541547342231972,0.7285604775840947,2939.19,10.080300161050335,135.99917763157896,True,True,False,True,False,C,MID,1.0,False
196.62793154199608,3.2055,Thunderstruck,0.18499436974525452,0.9077069712567192,0.11561456204277565,0.03130256086529768,0.6348471934144013,2080.14,2.6159318906285343,135.99917763157896,False,False,False,False,False,C,MID,0.65,False
196.72325333295157,4.1163,Thunderstruck,0.18765895068645477,0.5726535749217433,0.10915066173788562,0.021348109015766753,0.6499190200675901,2199.07,7.816289700880322,135.99917763157896,False,False,False,False,False,C,MID,0.42250000000000004,False
196.81485266698292,3.442,Thunderstruck,0.21779543161392212,0.8138830680804958,0.19586326704098697,0.017976237092233956,0.5774481279245615,1683.2,0.9413522877005274,135.99917763157896,False,False,False,False,False,C,MID,0.27462500000000006,False
196.90822879195912,6.2053,Thunderstruck,0.19221964478492737,0.657223109547693,0.14647637907761987,0.017300754970192313,0.6913729508105504,2562.42,5.471421464206598,135.99917763157896,False,False,False,False,False,C,MID,0.24427693926100658,False
196.9984357499634,3.6814,Thunderstruck,0.30782926082611084,1.0709168465166472,0.2567243576305641,0.07011231205360008,0.7216246818110483,2864.94,13.504619680740353,135.99917763157896,False,False,False,False,False,C,MID,0.24961804959147751,False
197.09262341697467,4.0324,Thunderstruck,0.24937774240970612,0.8612958719234028,0.18815637058032247,0.04551465745805242,0.6817343157334183,2472.92,2.5594857069062997,135.99917763157896,False,False,False,False,False,C,MID,0.25193049466853135,False
197.18246570799965,5.37,Thunderstruck,0.254585325717926,0.8934403410548406,0.17357889625386236,0.041654773482652716,0.6684535952121683,2354.68,3.84375118355689,135.99917763157896,False,False,False,False,False,C,MID,0.2543982637741371,False
197.27766770799644,3.7685,Thunderstruck,0.25598448514938354,1.0734773443215617,0.21520954344245471,0.022169579290171666,0.5983890163978466,1818.38,1.7837448432934175,135.99917763157896,False,False,False,False,False,C,MID,0.2568144514539481,False
197.36894345795736,5.5389,Thunderstruck,0.28244248032569885,0.797755664980368,0.16232913249300965,0.03442369965190779,0.6461290263514067,2168.54,9.577878769572829,135.99917763157896,True,True,False,True,False,C,MID,1.0,False
197.46646004199283,4.0259,Thunderstruck,0.3147117793560028,1.3572638253178513,0.23092255659660346,0.08229281239156225,0.6969840923448235,2616.02,6.554208837389012,135.99917763157896,False,False,False,False,False,C,MID,0.65,False
197.5547537499806,2.9545,Thunderstruck,0.1704040914773941,0.7775586415811034,0.15100994312642965,0.039424073451506655,0.6745770740061812,2408.48,2.4625336487852305,135.99917763157896,False,False,False,False,False,C,MID,0.42250000000000004,False
197.6462688749889,3.0552,Thunderstruck,0.23982647061347961,0.7893349749602633,0.14982141654732792,0.03216092251533194,0.6586411164589017,2270.98,5.297532192821042,135.99917763157896,False,False,False,False,False,C,MID,0.27462500000000006,False
197.7393501669867,2.5218,Thunderstruck,0.24192847311496735,0.9738026228112207,0.12804138898983847,0.03088484984880816,0.6391710992348717,2113.59,4.2340920932130395,135.99917763157896,False,False,False,False,False,C,MID,0.26398126419151485,False
197.83407441695454,16.1305,Thunderstruck,0.2060663253068924,0.8045643560928147,0.15318018344464177,0.042982918100138545,0.6554692775362818,2244.56,4.312404676229581,135.99917763157896,False,False,False,False,False,C,MID,0.26303954015266495,False
197.93003620795207,6.115,Thunderstruck,0.1848684698343277,0.8989378062454332,0.09493431292916796,0.022014782352719926,0.6719703309773296,2385.43,2.524898580960973,135.99917763157896,False,False,False,False,False,C,MID,0.2606372555338257,False
198.02263904199935,5.1271,Thunderstruck,0.11744160205125809,0.5012530053506381,0.09013274426862765,0.026635039688761127,0.6349887724904345,2081.23,4.976637569751996,135.99917763157896,False,False,False,False,False,C,MID,0.24760539275713445,False
198.11184304195922,2.4037,Thunderstruck,0.24527864158153534,0.8048997174184145,0.1645466404728567,0.028179284674622752,0.5884788815667866,1753.11,7.2190951016008436,135.99917763157896,False,False,False,False,False,C,MID,0.24990881664091347,False
198.20471416699002,3.526,Thunderstruck,0.17959748208522797,0.7218829525615066,0.18440340795670887,0.01278569959088799,0.47132705556462434,1137.95,1.612577312789488,135.99917763157896,False,False,False,False,False,C,MID,0.247993317465099,False
198.3009275829536,5.1128,Thunderstruck,0.3139941692352295,0.9114456615550981,0.15211879898406241,0.06482082077471228,0.7117292502869353,2762.25,10.15773483421044,135.99917763157896,True,True,True,True,False,C,MID,1.0,True
198.39138449996244,4.1668,Thunderstruck,0.19224213063716888,1.082679208456635,0.1488671902498789,0.052426447352498795,0.659891735855071,2281.48,2.94227240821872,135.99917763157896,False,False,False,False,False,C,MID,0.65,False
198.48716449999483,5.6738,Thunderstruck,0.13867402076721191,0.5874034217952198,0.07333366770429847,0.01779576023967959,0.6669515700198386,2341.67,4.435772366972739,135.99917763157896,False,False,False,False,False,C,MID,0.42250000000000004,False
198.57671879197005,4.7606,Thunderstruck,0.20961447060108185,0.7248741418933464,0.16317705197642474,0.021931689093857287,0.5794552921674954,1695.71,8.26393031342226,135.99917763157896,False,False,False,False,False,C,MID,0.27462500000000006,False
198.67324933299096,4.9386,Thunderstruck,0.14764651656150818,0.6327996871039495,0.15290812087950326,0.01292115004785916,0.531417791284533,1420.34,2.8236540943664425,135.99917763157896,False,False,False,False,False,C,MID,0.24180642372430503,False
198.76542395795695,4.1442,Thunderstruck,0.23792333900928497,0.7437433771180346,0.13758420694179035,0.04334784944507154,0.6785907376436976,2444.4,11.736252674690979,135.99917763157896,False,False,False,False,False,C,MID,0.24400956231222204,False
198.85430208296748,4.8606,Thunderstruck,0.1961868554353714,0.8530562740435252,0.13456495728189719,0.037768289106298765,0.6329104264397327,2065.33,4.013384049195063,135.99917763157896,False,False,False,False,False,C,MID,0.24359014118635228,False
198.9523927079863,6.2142,Thunderstruck,0.19559888541698456,0.5447223070118814,0.1338192298027373,0.0397577166519995,0.6328927008886908,2065.2,6.840020604197537,135.99917763157896,False,False,False,False,False,C,MID,0.24315162481350397,False
199.04427049995866,3.5164,Thunderstruck,0.2171000987291336,0.9382221505612842,0.17116260578256925,0.024123177661651788,0.5126624127265594,1325.4,3.326674813508985,135.99917763157896,False,False,False,False,False,C,MID,0.24410636803539806,False
199.13357112498488,2.1085,Thunderstruck,0.1826048195362091,0.6978947585729623,0.12059724887904726,0.01477877338858858,0.4954421660352171,1243.82,1.591594067744623,135.99917763157896,False,False,False,False,False,C,MID,0.2427106759747457,False
199.22552262496902,2.7389,Thunderstruck,0.2942661941051483,1.0904698246694107,0.16522179129411974,0.07405131797738494,0.7281742912664897,2935.01,13.624174566723521,135.99917763157896,True,True,True,True,False,C,MID,1.0,True
199.31916641700082,2.1475,Thunderstruck,0.19217360019683838,0.8577874542690497,0.13396667507462917,0.02852026745819187,0.6462706439070838,2169.67,2.285631025204621,135.99917763157896,False,False,False,False,False,C,MID,0.65,False
199.41414995800005,2.1375,Thunderstruck,0.19540926814079285,0.5873631123988587,0.14710188066917693,0.022399578614934662,0.6582800101436483,2267.95,6.0332996160178745,135.99917763157896,False,False,False,False,False,C,MID,0.42250000000000004,False
199.50540500000352,3.9932,Thunderstruck,0.1904873549938202,0.7508955680762625,0.19418055818172564,0.01720516839763895,0.6250803501990314,2006.53,5.374810728485337,135.99917763157896,False,False,False,False,False,C,MID,0.27462500000000006,False
199.59942254197085,4.5246,Thunderstruck,0.17674316465854645,0.4630685915159072,0.16620243432294385,0.04716012215295361,0.6690923841293097,2360.24,4.977426824860694,135.99917763157896,False,False,False,False,False,C,MID,0.24328557924000366,False
199.69415683299303,3.0987,Thunderstruck,0.191262885928154,0.7692397258804939,0.15302594578013823,0.035597932782791816,0.7114274574540447,2759.18,6.4675333600781615,135.99917763157896,False,False,False,False,False,C,MID,0.24256160345577424,False
199.7868155830074,4.4643,Thunderstruck,0.18013665080070496,0.6092410113303258,0.1207904783798693,0.03396880562583102,0.6784484585782213,2443.12,4.232290261670733,135.99917763157896,False,False,False,False,False,C,MID,0.24105508272585266,False
199.87785574997542,11.6609,Thunderstruck,0.28419047594070435,0.6194066963762833,0.26960672822146253,0.0781676026176162,0.7424675694669185,3093.91,6.354197842395623,135.99917763157896,False,False,False,False,False,C,MID,0.2455711904550591,False
199.9688462499762,4.7442,Thunderstruck,0.23912835121154785,0.7833677276405703,0.24825108353810926,0.07691756629455325,0.7279636587659085,2932.73,3.095947869949537,135.99917763157896,False,False,False,False,False,C,MID,0.2476508951430857,False
200.06510733295,3.1933,Thunderstruck,0.0,0.4063367633954415,0.12854969875122446,0.01900336233991207,0.6240581743788813,1998.98,2.8077746715706495,135.99917763157896,False,False,False,False,False,C,LOW,0.0,False
200.1578546249657,3.4913,Thunderstruck,0.0,0.0,0.0,0.0,0.0,200.0,0.0,135.99917763157896,False,False,False,False,False,C,LOW,0.0,False
200.25170095800422,4.5129,Thunderstruck,0.0,0.0,0.0,0.0,0.0,200.0,0.0,135.99917763157896,False,False,False,False,False,C,LOW,0.0,False
200.34093487495556,5.0806,Thunderstruck,0.0,0.0,0.0,0.0,0.0,200.0,0.0,135.99917763157896,False,False,False,False,False,C,LOW,0.0,False
200.4363490419928,6.0542,Thunderstruck,0.0,0.0,0.0,0.0,0.0,200.0,0.0,135.99917763157896,False,False,False,False,True,D,LOW,0.0,False
200.5290359169594,3.628,Thunderstruck,0.0,0.0,0.0,0.0,0.0,200.0,0.0,135.99917763157896,False,False,False,False,False,D,LOW,0.0,False
200.62195716699352,1.5914,Thunderstruck,0.0,0.0,0.0,0.0,0.0,200.0,0.0,135.99917763157896,False,False,False,False,False,D,LOW,0.0,False
200.71669954195386,2.5385,Thunderstruck,0.0,0.0,0.0,0.0,0.0,200.0,0.0,135.99917763157896,False,False,False,False,False,D,LOW,0.0,False
200.8046710829949,5.1892,Thunderstruck,0.0,0.0,0.0,0.0,0.0,200.0,0.0,135.99917763157896,False,False,False,False,False,D,LOW,0.0,False
200.90124199999264,4.083,Thunderstruck,0.0,0.0,0.0,0.0,0.0,200.0,0.0,135.99917763157896,False,False,False,False,False,D,LOW,0.0,False
200.98996199999237,5.8706,Thunderstruck,0.0,0.0,0.0,0.0,0.0,200.0,0.0,135.99917763157896,False,False,False,False,False,D,LOW,0.0,False
201.08555087499553,4.9293,Thunderstruck,0.0,0.0,0.0,0.0,0.0,200.0,0.0,135.99917763157896,False,False,False,False,False,D,LOW,0.0,False
201.17670745798387,3.6749,Thunderstruck,0.0,0.0,0.0,0.0,0.0,200.0,0.0,135.99917763157896,False,False,False,False,False,D,LOW,0.0,False
201.26925812498666,1.4707,Thunderstruck,0.0,0.0,0.0,0.0,0.0,200.0,0.0,135.99917763157896,False,False,False,False,False,D,LOW,0.0,False
201.36419608298456,5.4253,Thunderstruck,0.0,0.0,0.0,0.0,0.0,200.0,0.0,135.99917763157896,False,False,False,False,False,D,LOW,0.0,False
