timestamp,processing_time_ms,track_id,rms,rms_bass,rms_mid,rms_high,spectral_centroid,spectral_centroid_hz,onset_strength,bpm,is_beat,is_raw_beat,is_beat_bass,is_beat_high,is_section_boundary,current_section,energy_state,dimmer,strobe_bass
0.0,0.9893,Wodymidaj.wav,0.14686600863933563,0.20302969128570011,0.09502110527859031,0.00915806268178598,0.7383135742612503,3046.86,40.65530504601229,120.0,False,False,False,False,False,A,MID,0.014594801056814464,False
0.09287981859410431,1.2581,Wodymidaj.wav,0.1476314812898636,0.27314202801503845,0.24912348362247552,0.016083761772420085,0.5784725914122633,1689.58,4.280606852283513,120.0,False,False,False,False,False,A,MID,0.028459862060788203,False
0.18575963718820862,4.8008,Wodymidaj.wav,0.0909777358174324,0.2585442170973373,0.1307295798678881,0.006132799295270674,0.49621191834991263,1247.36,3.6784921171239793,120.0,False,False,False,False,False,A,MID,0.041631670014563256,False
0.2786394557823129,3.1538,Wodymidaj.wav,0.20802588760852814,0.2645072845622867,0.1477699417473108,0.006657115847141724,0.576693445230077,1678.52,6.142406912252935,120.0,False,False,False,False,False,A,MID,0.05414488757064956,False
0.37151927437641724,3.2951,Wodymidaj.wav,0.2973755896091461,0.9851942360061138,0.3409168490929373,0.02070556834729584,0.5347000035060799,1437.64,8.301320903583832,120.0,False,False,False,False,False,A,MID,0.06603244424893154,False
0.46439909297052157,5.9519,Wodymidaj.wav,0.22090668976306915,0.5451389575027825,0.29197700471570803,0.017595594241173067,0.5053258197167119,1290.01,2.4269650214399667,120.0,False,False,False,False,False,A,MID,0.07732562309329942,False
0.5572789115646258,5.3875,Wodymidaj.wav,0.18976561725139618,0.606357139860897,0.2273644400122764,0.01790589810045304,0.4855220221263192,1199.13,2.723564611008919,120.0,False,False,False,False,False,A,MID,0.08805414299544892,False
0.6501587301587302,5.6532,Wodymidaj.wav,0.15844430029392242,0.4874640975152884,0.17547348150550335,0.015311435831310189,0.49397637817462686,1237.11,2.538520687523486,120.0,False,False,False,False,False,A,MID,0.09824623690249093,False
0.7430385487528345,3.6705,Wodymidaj.wav,0.2032032608985901,0.572155705930932,0.20319974234167928,0.036188718936484676,0.5278883624132066,1401.97,4.221306493348811,120.0,False,False,False,False,False,A,MID,0.10792872611418085,False
0.8359183673469388,5.3506,Wodymidaj.wav,0.21245679259300232,0.5378087929680084,0.21619153495913515,0.03971373009404014,0.5323101420700932,1425.03,3.031070931329596,120.0,False,False,False,False,False,A,MID,0.11825009567015055,False
0.9287981859410431,4.4607,Wodymidaj.wav,0.14743487536907196,0.6694609771967321,0.1536823816442594,0.013170518476289774,0.5444665206004745,1490.38,4.012958292980699,120.0,False,False,False,False,False,A,LOW,0.0,False
1.0216780045351475,4.4327,Wodymidaj.wav,0.17475639283657074,0.5268059225906689,0.19217815972542002,0.02103100963967993,0.5466678219533957,1502.54,4.204727541238739,120.0,False,False,False,False,False,A,LOW,0.0,False
1.1145578231292517,2.5939,Wodymidaj.wav,0.1475123167037964,0.4207189602911689,0.17520252061541614,0.025746675017455534,0.5334437610791417,1431.0,2.3369953753495345,120.0,False,False,False,False,False,A,LOW,0.0,False
1.207437641723356,2.0195,Wodymidaj.wav,0.14163841307163239,0.4144856202623532,0.1688659029881689,0.014013023437979881,0.5224088582011637,1373.92,2.630096488983224,120.0,False,False,False,False,False,A,LOW,0.0,False
1.3003174603174603,6.2244,Wodymidaj.wav,0.11668939888477325,0.3725332329042291,0.12082695388859738,0.02458700086271996,0.7480621059370365,3158.42,2.175900454793521,120.0,False,False,False,False,False,A,LOW,0.0,False
1.3931972789115645,4.3122,Wodymidaj.wav,0.24643799662590027,0.4674953747369713,0.1692055070387242,0.014963132069226412,0.6468432469998598,2174.26,7.168323685662678,120.0,False,False,False,False,False,A,LOW,0.0,False
1.486077097505669,3.8197,Wodymidaj.wav,0.1994156688451767,0.7864057373514908,0.29088491852791704,0.020694847268892872,0.49763117622211067,1253.91,2.1930900740962875,120.0,False,False,False,False,False,A,LOW,0.0,False
1.5789569160997732,2.2204,Wodymidaj.wav,0.12427262961864471,0.3668870047252957,0.2066074288387946,0.010744507765430936,0.47146309751364773,1138.52,2.4628287773686237,120.0,False,False,False,False,False,A,LOW,0.0,False
1.6718367346938776,3.3294,Wodymidaj.wav,0.1021018847823143,0.25014494229493894,0.08751366239937679,0.005091229527840942,0.5278850340397004,1401.95,2.4458162630909004,120.0,False,False,False,False,False,A,LOW,0.0,False
1.7647165532879818,3.795,Wodymidaj.wav,0.1443580687046051,0.23052872334387828,0.21717615924487055,0.00813755526002878,0.5652399922013328,1609.08,3.873385888770199,120.0,False,False,False,False,False,A,LOW,0.0,False
1.8575963718820863,2.1571,Wodymidaj.wav,0.08900334686040878,0.24713358966574275,0.11124753524501957,0.015554527077722919,0.7189664439556971,2836.99,2.600206734317643,120.0,False,False,False,False,False,A,LOW,0.0,False
1.9504761904761905,5.9231,Wodymidaj.wav,0.25757646560668945,0.5382751807979831,0.16629621780896597,0.018099659684477555,0.770849910685626,3435.4,6.255200483719264,143.5546875,False,False,False,False,False,A,LOW,0.0,False
2.043356009070295,3.4505,Wodymidaj.wav,0.20125502347946167,0.5855151321914507,0.3414134700832706,0.02048605658636869,0.5095069424099786,1310.06,1.8169433990456418,143.5546875,False,False,False,False,False,A,LOW,0.0,False
2.136235827664399,4.678,Wodymidaj.wav,0.10327589511871338,0.2255446265080105,0.2025274204471166,0.019266578374707393,0.5488983826405732,1514.95,2.3639719781848174,143.5546875,False,False,False,False,False,A,LOW,0.0,False
2.2291156462585033,3.8845,Wodymidaj.wav,0.09426180273294449,0.20962022698159016,0.09261382229775969,0.010502413725785467,0.7160010044203331,2806.12,2.4598900097668364,143.5546875,False,False,False,False,False,A,LOW,0.0,False
2.3219954648526078,4.9056,Wodymidaj.wav,0.10964751243591309,0.20535663697375675,0.14839614428110798,0.004991717302028499,0.5225940829974091,1374.86,2.753408752171292,143.5546875,False,False,False,False,False,A,LOW,0.0,False
2.414875283446712,4.1722,Wodymidaj.wav,0.10701217502355576,0.20610262099444399,0.15959508579803036,0.005013371630911511,0.5381558379114428,1456.09,3.5576121475392735,143.5546875,False,False,False,False,False,A,LOW,0.0,False
2.507755102040816,3.0136,Wodymidaj.wav,0.25539544224739075,0.6418440191109132,0.23005065651804582,0.0179952709885449,0.52816957267792,1403.43,6.009426091577763,143.5546875,False,False,False,False,False,A,LOW,0.0,False
2.6006349206349206,3.8778,Wodymidaj.wav,0.17273549735546112,0.45595565759060097,0.2663838882657445,0.03577493304613872,0.5437526488135292,1486.46,2.526124171690161,143.5546875,False,False,False,False,False,A,LOW,0.0,False
2.693514739229025,3.5141,Wodymidaj.wav,0.15920814871788025,0.2826163028305126,0.18854161745454967,0.04894133317562666,0.5502057738625903,1522.27,2.06878738078152,143.5546875,False,False,False,False,False,A,LOW,0.0,False
2.786394557823129,4.6737,Wodymidaj.wav,0.11710083484649658,0.24607543052941008,0.17590530823140826,0.03217564096650774,0.5341146523826298,1434.54,2.5133936281632496,143.5546875,False,False,False,False,False,A,LOW,0.0,False
2.8792743764172335,3.2766,Wodymidaj.wav,0.1362360268831253,0.2375805561028988,0.1380429842377949,0.012541513118772437,0.6666989208964224,2339.49,3.176959786879939,143.5546875,False,False,False,False,False,A,LOW,0.0,False
2.972154195011338,3.7563,Wodymidaj.wav,0.1679769903421402,0.2525113803111686,0.24558067721647278,0.018026879055647444,0.5528951467643043,1537.45,3.387302387570372,143.5546875,False,False,False,False,False,A,LOW,0.0,False
3.0650340136054424,4.5039,Wodymidaj.wav,0.19788858294487,0.7149280813643419,0.19949229920067463,0.017754976024167025,0.5264008680474659,1394.3,4.315540789205544,143.5546875,False,False,False,False,False,A,LOW,0.0,False
3.1579138321995464,2.8467,Wodymidaj.wav,0.11323573440313339,0.2628634841963414,0.12701875624630746,0.012367100375731995,0.6680620576470526,2351.29,4.40881542771328,143.5546875,False,False,False,False,False,A,LOW,0.0,False
3.250793650793651,4.0096,Wodymidaj.wav,0.14706233143806458,0.2725056826002645,0.18627535914003956,0.027942733949717843,0.5611730273068867,1585.12,3.521684240950451,143.5546875,False,False,False,False,False,A,LOW,0.0,False
3.3436734693877552,3.5629,Wodymidaj.wav,0.12651358544826508,0.26028239552904053,0.17725459570660743,0.03260802074010583,0.5445616231100509,1490.91,3.518789412249942,143.5546875,False,False,False,False,False,A,LOW,0.0,False
3.436553287981859,4.6922,Wodymidaj.wav,0.12655019760131836,0.26419422808776627,0.14920192541930152,0.020518462902255716,0.5632103754744807,1597.08,2.919206331525348,143.5546875,False,False,False,False,False,A,LOW,0.0,False
3.5294331065759637,5.3199,Wodymidaj.wav,0.14194580912590027,0.26954119924000586,0.176134139931932,0.02610347519049353,0.5514724626021676,1529.4,2.1275593299946856,143.5546875,False,False,False,False,False,A,LOW,0.0,False
3.622312925170068,4.6681,Wodymidaj.wav,0.22204354405403137,0.7695905269392805,0.2076319358882717,0.012429873844803043,0.5358834542555004,1443.93,5.226738742062296,143.5546875,False,False,False,False,False,A,LOW,0.0,False
3.7151927437641725,3.9792,Wodymidaj.wav,0.13558468222618103,0.31400869362507366,0.18086910758997637,0.010028686773171048,0.510259295624088,1313.7,2.4961296397898534,143.5546875,False,False,False,False,False,A,LOW,0.0,False
3.8080725623582765,3.2004,Wodymidaj.wav,0.10769285261631012,0.25429736350237325,0.15426290599317244,0.007116997319012955,0.4949543080344565,1241.59,2.8525407989683718,143.5546875,False,False,False,False,False,A,LOW,0.0,False
3.900952380952381,5.0401,Wodymidaj.wav,0.1011493131518364,0.2341953355470992,0.14179300995162936,0.006578270850055361,0.5284815881672158,1405.04,3.150452841914941,143.5546875,False,False,False,False,False,A,LOW,0.0,False
3.9938321995464854,9.1045,Wodymidaj.wav,0.09556098282337189,0.19754234013038846,0.1179219632628787,0.005959730766388097,0.5309019650721197,1417.64,3.833515977616541,143.5546875,False,False,False,False,False,A,LOW,0.0,False
4.08671201814059,4.207,Wodymidaj.wav,0.09006712585687637,0.19039357663875014,0.1220052402847409,0.006345388423442206,0.5241469185640011,1382.75,3.5441752263815722,143.5546875,False,False,False,False,False,A,LOW,0.0,False
4.179591836734694,4.1368,Wodymidaj.wav,0.24583908915519714,0.7104085468404093,0.2562128437259963,0.00768198301664279,0.4609644497711132,1095.27,6.207510380574326,143.5546875,False,False,False,False,False,A,LOW,0.0,False
4.272471655328798,5.5094,Wodymidaj.wav,0.12845328450202942,0.2561196953710625,0.20894492323537306,0.004675314743511879,0.4666060954694335,1118.31,3.0131661607799622,143.5546875,False,False,False,False,False,A,LOW,0.0,False
4.365351473922902,3.4548,Wodymidaj.wav,0.09268040955066681,0.214749275862579,0.13349696824712626,0.004248357979117415,0.49036471844680063,1220.74,2.673859549675407,143.5546875,False,False,False,False,False,A,LOW,0.0,False
4.458231292517007,2.1518,Wodymidaj.wav,0.09049836546182632,0.2641527801445837,0.10629887207929516,0.006372417375041766,0.5677475605814719,1624.04,3.3992254673681965,143.5546875,False,False,False,False,False,A,LOW,0.0,False
4.551111111111111,3.027,Wodymidaj.wav,0.11128337681293488,0.28240848537497526,0.11557717497438805,0.005684352040939812,0.5632413152424351,1597.26,2.900696830778771,143.5546875,False,False,False,False,False,A,LOW,0.0,False
4.6439909297052155,3.053,Wodymidaj.wav,0.1721242070198059,0.2815443506171375,0.12044041403895146,0.004473842912155598,0.4864251216378227,1203.13,7.2461965049054164,143.5546875,False,False,False,False,False,A,LOW,0.0,False
4.73687074829932,6.452,Wodymidaj.wav,0.24917425215244293,0.7125172618886018,0.30541446326246013,0.019910965991626953,0.5447606133801023,1492.0,7.772401131768868,143.5546875,False,False,False,False,False,A,LOW,0.0,False
4.829750566893424,3.0297,Wodymidaj.wav,0.20569780468940735,0.3116666792973833,0.3038773645935603,0.014430901946950554,0.5267957119538275,1396.33,1.8269447969667112,143.5546875,False,False,False,False,False,A,LOW,0.0,False
4.922630385487528,4.0381,Wodymidaj.wav,0.18503428995609283,0.26896175125238214,0.27639302317247083,0.01223338376225459,0.5158023811722489,1340.84,2.087796474452597,143.5546875,False,False,False,False,False,A,LOW,0.0,False
5.015510204081632,2.852,Wodymidaj.wav,0.15203975141048431,0.25107598397793346,0.23867102004939067,0.011049768165679803,0.5237038308029641,1380.5,3.3972063517859703,143.5546875,False,False,False,False,False,A,LOW,0.0,False
5.108390022675737,4.2158,Wodymidaj.wav,0.15627960860729218,0.22468934459643664,0.21904444050803215,0.009910883161574478,0.5485992782917929,1513.28,4.3527161093133895,143.5546875,False,False,False,False,False,A,LOW,0.0,False
5.201269841269841,3.0298,Wodymidaj.wav,0.2144334316253662,0.2629730124100177,0.20153385509197297,0.012015483747059729,0.5472518326190362,1505.78,3.164660418381243,143.5546875,False,False,False,False,False,A,LOW,0.0,False
5.294149659863946,7.1097,Wodymidaj.wav,0.17972587049007416,0.7447401773980813,0.2383255292471397,0.01130066705451998,0.5257582830561631,1391.0,4.26298438932878,143.5546875,False,False,False,False,False,A,LOW,0.0,False
5.38702947845805,2.1646,Wodymidaj.wav,0.18825630843639374,0.33238025132428095,0.25954708976201835,0.009780891322815103,0.5421099286429581,1477.48,2.895876589323376,143.5546875,False,False,False,False,False,A,LOW,0.0,False
5.479909297052155,2.3024,Wodymidaj.wav,0.1818341612815857,0.28564699966824203,0.2463775524020972,0.00840943533365384,0.5171908369242387,1347.72,2.9597450387178372,143.5546875,False,False,False,False,False,A,LOW,0.0,False
5.572789115646258,5.4847,Wodymidaj.wav,0.16746914386749268,0.22394059969029875,0.26128678765563595,0.008093780029253114,0.5100537894560698,1312.7,2.838817331995423,143.5546875,False,False,False,False,False,A,LOW,0.0,False
5.6656689342403626,4.4892,Wodymidaj.wav,0.1613043248653412,0.2515998202539976,0.23619863853876297,0.00790049320810748,0.5322791336969118,1424.86,2.5613158647868968,143.5546875,False,False,False,False,False,A,LOW,0.0,False
5.758548752834467,4.0986,Wodymidaj.wav,0.23668886721134186,0.36111101048109406,0.21596303781577572,0.008308721451120537,0.5344366192208356,1436.25,9.053881673239333,143.5546875,False,False,False,False,False,A,LOW,0.0,False
5.851428571428571,4.7923,Wodymidaj.wav,0.1819363236427307,0.7723212300550957,0.25179051876591263,0.013023832964149776,0.4972969062592163,1252.36,2.9765494190549955,143.5546875,False,False,False,False,False,A,LOW,0.0,False
5.944308390022676,3.7295,Wodymidaj.wav,0.15854261815547943,0.4655017632080844,0.19998734742734517,0.009527548436611325,0.4889317255321496,1214.31,2.497424791197268,143.5546875,False,False,False,False,False,A,LOW,0.0,False
6.03718820861678,9.7254,Wodymidaj.wav,0.1584732085466385,0.4220540133310401,0.1892643596385421,0.01012412928495176,0.500774608313224,1268.53,3.107461974941651,143.5546875,False,False,False,False,False,A,LOW,0.0,False
6.130068027210885,4.7547,Wodymidaj.wav,0.13451027870178223,0.371524410146874,0.17319478164993163,0.007385689015378359,0.5169716181522748,1346.63,1.662543402679651,143.5546875,False,False,False,False,False,A,LOW,0.0,False
6.222947845804988,4.5128,Wodymidaj.wav,0.1529422551393509,0.3008751195812468,0.19881737292335463,0.0239057843108308,0.7004825640379225,2650.0,3.108611075314015,143.5546875,False,False,False,False,False,A,LOW,0.0,False
6.315827664399093,2.322,Wodymidaj.wav,0.21662859618663788,0.5931159779231949,0.1456542372706703,0.02572657789439797,0.718340793326958,2830.45,5.186091494789837,143.5546875,False,False,False,False,False,A,LOW,0.0,False
6.408707482993197,2.6382,Wodymidaj.wav,0.1955646127462387,0.6811526794822402,0.2264614523684882,0.021156961083358513,0.5202660160996035,1363.1,2.7194789772450214,143.5546875,False,False,False,False,False,A,LOW,0.0,False
6.501587301587302,2.44,Wodymidaj.wav,0.17034688591957092,0.41170475300859205,0.24839273579046575,0.020679099471934248,0.5408792209301563,1470.79,3.795778051484674,143.5546875,False,False,False,False,False,A,LOW,0.0,False
6.594467120181406,2.1532,Wodymidaj.wav,0.15343984961509705,0.39621854181638433,0.19067277502125562,0.0122420599302228,0.5106579803271512,1315.63,2.2270567542033186,143.5546875,False,False,False,False,False,A,LOW,0.0,False
6.6873469387755105,4.4378,Wodymidaj.wav,0.15172098577022552,0.3827468569516706,0.19713328669783986,0.018543978529222887,0.5624540667371479,1592.63,1.9514321960791696,143.5546875,False,False,False,False,False,A,LOW,0.0,False
6.780226757369615,4.4834,Wodymidaj.wav,0.11928428709506989,0.35301676981398317,0.13757546304499893,0.015953407979681675,0.7299068364475191,2953.82,1.7950700680999576,143.5546875,False,False,False,False,False,A,LOW,0.0,False
6.873106575963718,6.533,Wodymidaj.wav,0.2844376862049103,0.6997116142080848,0.29892906110614975,0.010854777774985716,0.480960162144218,1179.12,7.199215643984206,143.5546875,False,False,False,False,False,A,LOW,0.0,False
6.965986394557823,4.2869,Wodymidaj.wav,0.19592280685901642,0.5030661828780049,0.2949742394167285,0.013783099847055849,0.49709582003845565,1251.43,2.5075069533965317,143.5546875,False,False,False,False,False,A,LOW,0.0,False
7.058866213151927,6.1488,Wodymidaj.wav,0.16457206010818481,0.33057352448646027,0.23166463444794017,0.014128979311517019,0.5101961956293819,1313.39,2.4480960408695913,143.5546875,False,False,False,False,False,A,LOW,0.0,False
7.151746031746032,3.6432,Wodymidaj.wav,0.12365742772817612,0.3142937721029849,0.16908837708906826,0.007601715211807251,0.4876082082559579,1208.39,2.8982907124027695,143.5546875,False,False,False,False,False,A,LOW,0.0,False
7.244625850340136,6.3838,Wodymidaj.wav,0.14504732191562653,0.22965092043940696,0.17505053909830987,0.010957939431353573,0.533016966860892,1428.75,3.790136680666636,143.5546875,False,False,False,False,False,A,LOW,0.0,False
7.337505668934241,5.5638,Wodymidaj.wav,0.1588321179151535,0.28096368923783066,0.2188015515751052,0.013494731661203217,0.5421717873010761,1477.82,2.609339356335445,143.5546875,False,False,False,False,False,A,LOW,0.0,False
7.430385487528345,3.8662,Wodymidaj.wav,0.21620048582553864,0.6469518673958029,0.230974135941667,0.012722066363362936,0.5044661761689512,1285.92,3.412058039161375,143.5546875,False,False,False,False,False,A,LOW,0.0,False
7.523265306122449,4.942,Wodymidaj.wav,0.1409270316362381,0.31401678964218543,0.21060749168985254,0.012043453852499504,0.5663035374507666,1615.41,2.587588932641175,143.5546875,False,False,False,False,False,A,LOW,0.0,False
7.616145124716553,4.7855,Wodymidaj.wav,0.13605424761772156,0.2205012205888061,0.19776196650182745,0.008825635079175252,0.5083897966718526,1304.67,2.3322683689562855,143.5546875,False,False,False,False,False,A,LOW,0.0,False
7.7090249433106575,3.9934,Wodymidaj.wav,0.13801558315753937,0.20499081257674767,0.19284596021638928,0.009262803964497237,0.5322069085583482,1424.48,2.639621428949589,143.5546875,False,False,False,False,False,A,LOW,0.0,False
7.801904761904762,4.4548,Wodymidaj.wav,0.11908723413944244,0.2588253319656514,0.16203267291786702,0.009913797889516353,0.5438706165793238,1487.11,2.310261278834217,143.5546875,False,False,False,False,False,A,LOW,0.0,False
7.894784580498866,4.2999,Wodymidaj.wav,0.11855867505073547,0.3252885134343783,0.1397972261191302,0.009908404070726077,0.541030563566731,1471.61,2.0330479808636923,143.5546875,False,False,False,False,False,A,LOW,0.0,False
7.987664399092971,4.0035,Wodymidaj.wav,0.24813175201416016,0.6787055633378314,0.2604213465242024,0.013232576687540442,0.5181941576388631,1352.72,7.8791052021709085,143.5546875,False,False,False,False,False,A,LOW,0.0,False
8.080544217687075,13.156,Wodymidaj.wav,0.18441233038902283,0.2896969474065023,0.2775178169492836,0.013090210439538421,0.5169766346789322,1346.66,2.4501440206370506,127.95091711956522,False,False,False,False,False,A,LOW,0.0,False
8.17342403628118,4.4003,Wodymidaj.wav,0.14903230965137482,0.3166424941855662,0.2065175664586026,0.011282788371593817,0.5007496526399238,1268.41,2.1309430761960835,127.95091711956522,False,False,False,False,False,A,LOW,0.0,False
8.266303854875284,3.1167,Wodymidaj.wav,0.1216430813074112,0.32252879766617365,0.1631958745212227,0.013315184511636272,0.5466168897464612,1502.25,2.538186120894573,127.95091711956522,False,False,False,False,False,A,LOW,0.0,False
8.359183673469389,4.4555,Wodymidaj.wav,0.1398259699344635,0.26243793573067015,0.17432978978117603,0.013506262845271573,0.5562236665970569,1556.44,3.735529678216902,127.95091711956522,False,False,False,False,False,A,LOW,0.0,False
8.452063492063493,2.9868,Wodymidaj.wav,0.1390451341867447,0.28263828458945145,0.18735157380145356,0.016415438299484615,0.5410285341708938,1471.6,1.8290936937549243,127.95091711956522,False,False,False,False,False,A,LOW,0.0,False
8.544943310657596,3.5979,Wodymidaj.wav,0.2003137171268463,0.6595063861071477,0.19905513252269266,0.017694745917363024,0.5387986739021767,1459.55,4.137826589890635,127.95091711956522,False,False,False,False,False,A,LOW,0.0,False
8.6378231292517,4.0698,Wodymidaj.wav,0.1458415687084198,0.2783663687340187,0.19416504085798694,0.019164591278376844,0.5531919173875294,1539.13,2.561685559484733,127.95091711956522,False,False,False,False,False,A,LOW,0.0,False
8.730702947845804,4.0414,Wodymidaj.wav,0.13774502277374268,0.3168620754580148,0.16869426839877344,0.01733308516847511,0.5179124695338738,1351.32,2.7037875636919044,127.95091711956522,False,False,False,False,False,A,LOW,0.0,False
8.823582766439909,2.4669,Wodymidaj.wav,0.15311360359191895,0.3235711486967274,0.20156248169047747,0.016915431551292937,0.5431343591314376,1483.08,3.2546508109578127,127.95091711956522,False,False,False,False,False,A,LOW,0.0,False
8.916462585034013,2.9887,Wodymidaj.wav,0.16899989545345306,0.3219476968608677,0.21030066084190252,0.01916233163236154,0.5446932874309424,1491.63,3.09444837726165,127.95091711956522,False,False,False,False,False,A,LOW,0.0,False
9.009342403628118,4.7355,Wodymidaj.wav,0.21610194444656372,0.3359592294556773,0.23444846433766464,0.019053332509984932,0.5157971467970187,1340.81,3.2860258932208013,127.95091711956522,False,False,False,False,False,A,LOW,0.0,False
9.102222222222222,4.2047,Wodymidaj.wav,0.21201765537261963,0.6729522960900683,0.27607554310997423,0.020682453957378687,0.5239641647564924,1381.82,7.703618460177911,127.95091711956522,False,False,False,False,False,A,LOW,0.0,False
9.195102040816327,3.7414,Wodymidaj.wav,0.20123536884784698,0.3268664373112344,0.29001321630517063,0.01607988576750736,0.5167396552055606,1345.48,2.2469097188878657,127.95091711956522,False,False,False,False,False,A,LOW,0.0,False
9.287981859410431,4.8213,Wodymidaj.wav,0.18423707783222198,0.34788355594244746,0.24843213158934727,0.015633903567534017,0.5123184341417117,1323.72,2.026920918745807,127.95091711956522,False,False,False,False,False,A,LOW,0.0,False
9.380861678004536,4.1812,Wodymidaj.wav,0.16854284703731537,0.31699161534451287,0.2593878793351588,0.015407725950031733,0.5102113659516484,1313.47,2.305081887810871,127.95091711956522,False,False,False,False,False,A,LOW,0.0,False
9.47374149659864,5.4121,Wodymidaj.wav,0.1791512668132782,0.26785423083750887,0.2308870017768085,0.01583963337709374,0.5194466220069852,1358.98,4.207842572771654,127.95091711956522,False,False,False,False,False,A,LOW,0.0,False
9.566621315192744,6.2301,Wodymidaj.wav,0.2118971049785614,0.246304821894046,0.23580316394261372,0.014442274913756591,0.5256027999662761,1390.2,4.410466568119719,127.95091711956522,False,False,False,False,False,A,LOW,0.0,False
9.659501133786849,5.0535,Wodymidaj.wav,0.13532452285289764,0.6718700965054463,0.19520231293241355,0.015670594035033472,0.5708006432956564,1642.43,3.816802697257591,127.95091711956522,False,False,False,False,False,A,LOW,0.0,False
9.752380952380953,5.4151,Wodymidaj.wav,0.13780824840068817,0.2586541555055286,0.1942937423797597,0.012710859626132796,0.5423490227028274,1478.79,3.9663644167882746,127.95091711956522,False,False,False,False,False,A,LOW,0.0,False
9.845260770975056,4.3121,Wodymidaj.wav,0.13053444027900696,0.27736709829121386,0.15925308022604276,0.007187909102683254,0.5085861541254832,1305.62,4.493342497846059,127.95091711956522,False,False,False,False,False,A,LOW,0.0,False
9.93814058956916,4.9303,Wodymidaj.wav,0.13471265137195587,0.2501221036640466,0.18679295321042175,0.00900395251657514,0.5345303914497512,1436.75,2.2872270658764426,127.95091711956522,False,False,False,False,False,A,LOW,0.0,False
10.031020408163265,4.6437,Wodymidaj.wav,0.1444421112537384,0.26883686043786914,0.2068936873085707,0.008781395670574552,0.5419094012653534,1476.39,3.5040828097064747,127.95091711956522,False,False,False,False,False,A,LOW,0.0,False
10.12390022675737,23.4686,Wodymidaj.wav,0.22590620815753937,0.39010829112191725,0.17980402510676363,0.01068597906673988,0.589583699818279,1760.27,8.353998432759264,112.34714673913044,False,False,False,False,False,A,LOW,0.0,False
10.216780045351474,3.8139,Wodymidaj.wav,0.1815086305141449,0.6224894819622984,0.29159932521099907,0.018524913922047137,0.5469847334917854,1504.29,2.9226387390726396,112.34714673913044,False,False,False,False,False,A,LOW,0.0,False
10.309659863945578,4.8161,Wodymidaj.wav,0.1637035459280014,0.3318040428205506,0.23310617098254405,0.01170258731015211,0.5025321306749692,1276.78,2.274014394992145,112.34714673913044,False,False,False,False,False,A,LOW,0.0,False
10.402539682539683,5.2745,Wodymidaj.wav,0.2315884530544281,0.37444662670817846,0.2695416939255061,0.020456057877599573,0.5762443776862536,1675.75,3.730729856750689,112.34714673913044,False,False,False,False,False,A,LOW,0.0,False
10.495419501133787,5.9673,Wodymidaj.wav,0.17589059472084045,0.407505978380511,0.27496082692010154,0.015823657674145605,0.5729571331026685,1655.55,2.0108753118295284,112.34714673913044,False,False,False,False,False,A,LOW,0.0,False
10.588299319727891,4.5523,Wodymidaj.wav,0.18497474491596222,0.3671244109890125,0.2458845459973313,0.017464722705826337,0.6561567104211531,2250.26,3.3860182572623443,112.34714673913044,False,False,False,False,False,A,LOW,0.0,False
10.681179138321996,6.7304,Wodymidaj.wav,0.24985244870185852,0.5731939239571456,0.24267664704011763,0.02648586612210543,0.7022764171475662,2667.59,4.0512237254006385,112.34714673913044,False,False,False,False,False,A,LOW,0.0,False
10.7740589569161,4.7072,Wodymidaj.wav,0.21168512105941772,0.5478055101088675,0.32728735036851087,0.026916267410539475,0.6576374581033764,2262.58,3.0380832831137186,112.34714673913044,False,False,False,False,False,A,LOW,0.0,False
10.866938775510205,5.0706,Wodymidaj.wav,0.1734718531370163,0.36318105345554386,0.22679641411092846,0.024280418330139494,0.7123085927441613,2768.16,3.1922383048154246,112.34714673913044,False,False,False,False,False,A,LOW,0.0,False
10.95981859410431,6.3781,Wodymidaj.wav,0.24959032237529755,0.40743455969767317,0.2772268716629496,0.017259156136878534,0.5983011794590694,1817.79,5.871861838654807,112.34714673913044,False,False,False,False,False,A,LOW,0.0,False
11.052698412698414,4.4014,Wodymidaj.wav,0.2231142222881317,0.543176184287565,0.3072388002640983,0.02097679645549606,0.6067739320126516,1875.51,1.9143882267916303,112.34714673913044,False,False,False,False,False,A,LOW,0.0,False
11.145578231292516,6.5868,Wodymidaj.wav,0.21090126037597656,0.6268480410469861,0.2580164962965557,0.019902681735121407,0.6277855706671883,2026.66,3.362513698270779,112.34714673913044,False,False,False,False,False,A,LOW,0.0,False
11.23845804988662,4.7096,Wodymidaj.wav,0.305746853351593,0.8270176973220177,0.29241801273763635,0.0296451363197367,0.6876542646852409,2527.51,6.868424618145509,112.34714673913044,False,False,False,False,True,B,MID,0.28237055916736403,False
11.331337868480725,2.786,Wodymidaj.wav,0.255038321018219,0.7694190468806785,0.330855721717597,0.0348566380109215,0.6913664938071058,2562.36,3.2392930710684245,112.34714673913044,False,False,False,False,False,B,HIGH,0.28597016361618577,False
11.42421768707483,5.5699,Wodymidaj.wav,0.21106307208538055,0.5769178318174367,0.2670400298271104,0.025323503600465938,0.6743799711824708,2406.73,2.194078243509555,112.34714673913044,False,False,False,False,False,B,HIGH,0.2870772445519394,False
11.517097505668934,2.7177,Wodymidaj.wav,0.20251478254795074,0.40170371853569803,0.2906660485400773,0.021557949324421052,0.6623184351602776,2301.99,3.584705356683405,112.34714673913044,False,False,False,False,False,B,HIGH,0.2876288371522169,False
11.609977324263038,4.354,Wodymidaj.wav,0.15520083904266357,0.3540809907347851,0.20874659200172843,0.018164845374507,0.6747950557684486,2410.42,3.7997928812968187,112.34714673913044,False,False,False,False,False,B,HIGH,0.28491257839871525,False
11.702857142857143,6.0003,Wodymidaj.wav,0.13686101138591766,0.35413085587302545,0.1827909060373056,0.021114913654691373,0.714276209996493,2788.32,2.3260899731526563,112.34714673913044,False,False,False,False,False,B,HIGH,0.2807328036600502,False
11.795736961451247,5.2357,Wodymidaj.wav,0.20642784237861633,0.7417749412899816,0.14236903670130868,0.0282457025961805,0.759753753337406,3297.62,4.058646704290131,112.34714673913044,False,False,False,False,False,B,HIGH,0.2818042852913148,False
11.888616780045352,5.7886,Wodymidaj.wav,0.1716674417257309,0.3516585948362854,0.21042739793594342,0.02451359575236629,0.6379378786348691,2104.0,2.7056331174786656,112.34714673913044,False,False,False,False,False,B,HIGH,0.2805716266262242,False
11.981496598639456,3.3871,Wodymidaj.wav,0.15028974413871765,0.27744623100531174,0.21896233905635284,0.03255498186161077,0.641097394926771,2128.66,2.5343968838961737,112.34714673913044,False,False,False,False,False,B,HIGH,0.2777423026883683,False
12.07437641723356,2.134,Wodymidaj.wav,0.2106383740901947,0.3542381472860415,0.25010185861567524,0.030624528222653023,0.6170215580313355,1947.76,4.274565470082722,112.34714673913044,False,False,False,False,False,B,HIGH,0.27920939713271853,False
12.167256235827665,15.0401,Wodymidaj.wav,0.20551998913288116,0.4292251507963747,0.2730654418721556,0.018373821753919165,0.5916418456856634,1773.68,2.058342012536784,112.34714673913044,False,False,False,False,False,B,HIGH,0.280303355318822,False
12.26013605442177,5.3338,Wodymidaj.wav,0.18504807353019714,0.4050043541274937,0.2607704111255908,0.014965017032308736,0.5856890230618855,1735.16,2.255636743089198,112.34714673913044,False,False,False,False,False,B,HIGH,0.28006450862094584,False
12.353015873015874,5.467,Wodymidaj.wav,0.29729771614074707,0.7571310845173137,0.3344267397381355,0.02111469671032716,0.5581874006740417,1567.76,6.824890525132478,112.34714673913044,False,False,False,False,False,B,HIGH,0.28570126807711516,False
12.445895691609977,6.2571,Wodymidaj.wav,0.18212442100048065,0.36729643309965143,0.30519159791268136,0.017434762640169153,0.5870535497965842,1743.91,3.92322828163686,112.34714673913044,False,False,False,False,False,B,HIGH,0.2849981290053746,False
12.538775510204081,5.1118,Wodymidaj.wav,0.129489004611969,0.3319748808780101,0.17245454923076736,0.015474566451417074,0.6864886452161941,2516.67,2.3816808967472043,112.34714673913044,False,False,False,False,False,B,HIGH,0.27998547301286364,False
12.631655328798185,4.0084,Wodymidaj.wav,0.16086699068546295,0.3103893962611352,0.17683545291457328,0.023313216578368743,0.7321677139152328,2978.56,3.3629925746168268,112.34714673913044,False,False,False,False,False,B,HIGH,0.2780402054326668,False
12.72453514739229,4.5706,Wodymidaj.wav,0.1708475649356842,0.353223344240773,0.2189335744665834,0.01324038789106526,0.5682339555711589,1626.95,4.592944722002234,112.34714673913044,False,False,False,False,False,B,HIGH,0.27693686814409124,False
12.817414965986394,4.2836,Wodymidaj.wav,0.16565854847431183,0.30930750886418207,0.22571199801565783,0.009783353652011958,0.532759537950921,1427.39,2.846591970184204,112.34714673913044,False,False,False,False,False,B,HIGH,0.2755082267251984,False
12.910294784580499,5.9532,Wodymidaj.wav,0.23563729226589203,0.7383419256923821,0.2697440300536226,0.012339867304848082,0.5262321084475472,1393.43,3.4239349739832883,112.34714673913044,False,False,False,False,False,B,HIGH,0.27845997851273635,False
13.003174603174603,4.0341,Wodymidaj.wav,0.2024099975824356,0.29211938709526275,0.24338882851112548,0.011319134484777359,0.5514454089371839,1529.25,4.371782845162394,112.34714673913044,False,False,False,False,False,B,HIGH,0.27940570429670775,False
13.096054421768708,3.6564,Wodymidaj.wav,0.20610368251800537,0.34869917050880067,0.2952560588324877,0.015113781940246021,0.5179309332850258,1351.41,2.145532567636169,112.34714673913044,False,False,False,False,False,B,HIGH,0.2805243952089404,False
13.188934240362812,3.2735,Wodymidaj.wav,0.16125981509685516,0.3797377616152494,0.25225347240689683,0.014892963484038756,0.5939010936591301,1788.53,4.088746810569616,112.34714673913044,False,False,False,False,False,B,MID,0.27858253573142816,False
13.281814058956916,6.3835,Wodymidaj.wav,0.1397882103919983,0.4027071409780737,0.15798821464577636,0.013192506629973873,0.6165366158660304,1944.28,2.7670121974447572,112.34714673913044,False,False,False,False,False,B,MID,0.2749184901590073,False
13.374693877551021,4.538,Wodymidaj.wav,0.21198563277721405,0.37938963162131956,0.18417619879234393,0.0072971702629479746,0.4796832896000019,1173.58,3.1036864158166524,112.34714673913044,False,False,False,False,False,B,MID,0.27660452410195036,False
13.467573696145125,5.6553,Wodymidaj.wav,0.24694611132144928,0.8286828127858217,0.28031204045477,0.027190484521187944,0.554131711128567,1544.48,6.662259267981759,112.34714673913044,False,False,False,False,False,B,MID,0.28008009318126115,False
13.56045351473923,4.6984,Wodymidaj.wav,0.2042539268732071,0.5421897812769136,0.2652949608950303,0.02281263558246118,0.551085377430054,1527.22,2.192627944475942,112.34714673913044,False,False,False,False,False,B,MID,0.281055251017364,False
13.653333333333334,5.0564,Wodymidaj.wav,0.17915017902851105,0.4997362179303526,0.22975323516650722,0.019019808391485437,0.5563863936049266,1557.38,2.548274702770501,112.34714673913044,False,False,False,False,False,B,MID,0.2803831649856326,False
13.746213151927437,4.9212,Wodymidaj.wav,0.18107561767101288,0.37738437784600826,0.23158877175196513,0.016815336119336784,0.5865716157787935,1740.82,2.1840790355041677,112.34714673913044,False,False,False,False,False,B,MID,0.27987537574962607,False
13.839092970521541,5.2139,Wodymidaj.wav,0.22160227596759796,0.3808911010778854,0.2907732510378162,0.01625133706320236,0.5610738348397589,1584.54,5.489638575583469,112.34714673913044,False,False,False,False,False,B,MID,0.28185541290534805,False
13.931972789115646,6.2962,Wodymidaj.wav,0.2596559226512909,0.4094159326772194,0.28830068463853614,0.01598236812698054,0.5488938202400077,1514.92,2.974132846084521,112.34714673913044,False,False,False,False,False,B,MID,0.28569221414037604,False
14.02485260770975,4.6302,Wodymidaj.wav,0.16868947446346283,0.8263583750234453,0.2338565876310847,0.017931042868139496,0.5415364629492284,1474.36,3.535787599424725,112.34714673913044,False,False,False,False,False,B,MID,0.28402962017437244,False
14.117732426303855,6.0739,Wodymidaj.wav,0.18368321657180786,0.40851419181373116,0.22143863662845875,0.014186786937776816,0.5633327620805989,1597.8,3.1513991190332815,112.34714673913044,False,False,False,False,False,B,MID,0.28349785967020547,False
14.210612244897959,11.8613,Wodymidaj.wav,0.1571476012468338,0.33500085091297327,0.23461429120030627,0.01347311061955979,0.5425358104557227,1479.81,2.4202968548798727,112.34714673913044,False,False,False,False,False,B,MID,0.2810611389762216,False
14.303492063492063,5.8175,Wodymidaj.wav,0.1279529482126236,0.32609835862357367,0.15816483771030768,0.01067010477460873,0.5382833778250679,1456.77,2.5256147409480887,112.34714673913044,False,False,False,False,False,B,MID,0.2760410860175067,False
14.396371882086168,5.8207,Wodymidaj.wav,0.12142366170883179,0.3706345354890216,0.14811337310825212,0.006821030285323596,0.4794445821792543,1172.54,2.807112110815332,112.34714673913044,False,False,False,False,False,B,MID,0.267462327163738,False
14.489251700680272,5.9725,Wodymidaj.wav,0.21854595839977264,0.4913098634172377,0.15421148590095773,0.010515403461975562,0.5226949983728448,1375.37,7.223695731196717,112.34714673913044,False,False,False,False,False,B,MID,0.26912900777044907,False
14.582131519274377,6.414,Wodymidaj.wav,0.1376100778579712,0.685419392663943,0.20969835902419082,0.01625862802032085,0.5520850009123911,1532.86,2.3363213116233243,112.34714673913044,False,False,False,False,False,B,MID,0.26275138197409215,False
14.675011337868481,4.6455,Wodymidaj.wav,0.12074967473745346,0.33143681608766584,0.15292893437362678,0.010393479276638518,0.5616281083587044,1587.79,3.1467179444539646,112.34714673913044,False,False,False,False,False,B,MID,0.25226239586514027,False
14.767891156462586,4.5172,Wodymidaj.wav,0.19223982095718384,0.35018620109392684,0.22993716868882383,0.017925833067517494,0.5289027102972744,1407.23,3.264514659622664,112.34714673913044,False,False,False,False,False,B,MID,0.2527403272312448,False
14.86077097505669,5.6569,Wodymidaj.wav,0.1197907105088234,0.31739176999898444,0.18503049974549557,0.023287708260456754,0.5938959751822123,1788.49,2.1058302008993945,112.34714673913044,False,False,False,False,False,B,MID,0.2421420822864815,False
14.953650793650795,5.0554,Wodymidaj.wav,0.14473538100719452,0.31739038529373653,0.168993257965834,0.01823288016229889,0.7038424193483742,2683.04,3.8724942646569147,112.34714673913044,False,False,False,False,False,B,MID,0.2382136538190787,False
15.046530612244897,6.2428,Wodymidaj.wav,0.26154908537864685,0.6393117887410785,0.24282549848739596,0.015377146276270478,0.5592886517238135,1574.14,4.497748634428472,112.34714673913044,False,False,False,False,False,B,MID,0.24399840149895907,False
15.139410430839002,4.4568,Wodymidaj.wav,0.20714826881885529,0.5998287450763248,0.278327666815202,0.02557016269405197,0.5737223254577993,1660.23,1.9140739515541296,112.34714673913044,False,False,False,False,False,B,MID,0.24603324074552854,False
15.232290249433106,5.9263,Wodymidaj.wav,0.18536140024662018,0.393431188033817,0.2862276217588751,0.024213206337602405,0.5678870902063309,1624.87,3.702805350323637,112.34714673913044,False,False,False,False,False,B,MID,0.24625226312393378,False
15.32517006802721,5.3921,Wodymidaj.wav,0.19830717146396637,0.405633955363835,0.22086100919222854,0.012837958225389043,0.5182747027387058,1353.12,5.436509307209759,112.34714673913044,False,True,False,False,False,B,MID,0.2475101387133087,False
15.418049886621315,4.2772,Wodymidaj.wav,0.1655443161725998,0.394322704525939,0.24199836563547916,0.01782496139869719,0.5946846573328234,1793.7,3.182683825218839,112.34714673913044,False,False,False,False,False,B,MID,0.24580453134998587,False
15.51092970521542,6.2043,Wodymidaj.wav,0.12725593149662018,0.366203522211239,0.1809141381829268,0.021932507716542374,0.7552481288027579,3243.27,1.9879970703184604,112.34714673913044,False,False,False,False,False,B,MID,0.23847072492145838,False
15.603809523809524,6.0262,Wodymidaj.wav,0.258667528629303,0.6208243550472903,0.251217722730528,0.014627510577721202,0.558089703561079,1567.2,8.71161807215832,112.34714673913044,False,False,False,False,False,B,MID,0.24407962789176413,False
15.696689342403628,5.7815,Wodymidaj.wav,0.2016255110502243,0.40339880582571624,0.3021149697515382,0.020106416337680164,0.5433582702870701,1484.3,2.5998222439912615,112.34714673913044,False,False,False,False,False,B,MID,0.24569995100615163,False
15.789569160997733,4.7572,Wodymidaj.wav,0.20024828612804413,0.37569152407694223,0.28120046966337936,0.014605262492068663,0.5169387140345986,1346.47,2.595774344524274,112.34714673913044,False,False,False,False,False,B,MID,0.24713459957920444,False
15.882448979591837,5.8897,Wodymidaj.wav,0.20227943360805511,0.40498212175568854,0.2664620521246825,0.017393861051948276,0.5261588969685762,1393.05,2.820397087955082,112.34714673913044,False,False,False,False,False,B,MID,0.2486515357525337,False
15.975328798185942,4.4802,Wodymidaj.wav,0.1661618947982788,0.46880497821092704,0.20985078315282285,0.015515590828049444,0.5289487594888678,1407.47,4.2978538091819525,112.34714673913044,False,False,False,False,False,B,MID,0.24695237928755406,False
16.068208616780044,5.4056,Wodymidaj.wav,0.15331850945949554,0.3592115166979453,0.2101844820180166,0.011525295514792882,0.5299064162450802,1412.45,3.3394872388987733,112.34714673913044,False,False,False,False,False,B,MID,0.2439086817171284,False
16.16108843537415,4.7768,Wodymidaj.wav,0.24674591422080994,0.778827827119517,0.21033494039020845,0.017068764991421112,0.5490541883646529,1515.82,3.221651941084102,112.34714673913044,False,False,False,False,False,B,MID,0.24855112876868973,False
16.253968253968253,10.2642,Wodymidaj.wav,0.18646717071533203,0.3771584709832061,0.25327571919385716,0.041346163644821556,0.5843878691139676,1726.85,2.689283933666819,112.34714673913044,False,False,False,False,False,B,MID,0.2487380405403658,False
16.34684807256236,6.4437,Wodymidaj.wav,0.19300416111946106,0.3088430265343009,0.27210414243910575,0.03623219450794194,0.5681574814427136,1626.49,2.2452614673889397,112.34714673913044,False,False,False,False,False,B,MID,0.24945374395270092,False
16.439727891156462,5.275,Wodymidaj.wav,0.21556228399276733,0.3112798623371834,0.2760388054295499,0.04148703280900857,0.5627728171080849,1594.5,4.410993519272584,112.34714673913044,False,False,False,False,False,B,MID,0.2518151694802686,False
16.532607709750568,4.5342,Wodymidaj.wav,0.21360744535923004,0.3524289958249585,0.2800186846800779,0.030303379015079186,0.5665034823342473,1616.6,2.9269256817977896,112.34714673913044,False,False,False,False,False,B,MID,0.2539218870664719,False
16.62548752834467,2.5962,Wodymidaj.wav,0.17202068865299225,0.3549147082534143,0.2851727276344416,0.014570015259447686,0.5469379704248384,1504.03,2.8411625576330355,112.34714673913044,False,False,False,False,False,B,MID,0.25254070811569174,False
16.718367346938777,1.0907,Wodymidaj.wav,0.28350821137428284,0.8346942640043769,0.28983745635987745,0.015227031917796638,0.5124042983269601,1324.14,8.137452360928277,112.34714673913044,False,False,False,False,False,B,MID,0.2587963265915631,False
16.81124716553288,2.3075,Wodymidaj.wav,0.16234977543354034,0.296572985706346,0.2540799836005819,0.015913509012187563,0.5702869241136359,1639.32,1.6883120514224081,112.34714673913044,False,False,False,False,False,B,MID,0.25619032450201173,False
16.904126984126986,2.3998,Wodymidaj.wav,0.16104532778263092,0.35398131142162953,0.1862500477771811,0.010087422865282055,0.4872746882458426,1206.91,2.791304925354161,112.34714673913044,False,False,False,False,False,B,MID,0.2535735483619678,False
16.99700680272109,2.9185,Wodymidaj.wav,0.1589517891407013,0.3908327268562553,0.2051285025654221,0.014913868180744945,0.5058746644188017,1292.62,2.81981380258828,112.34714673913044,False,False,False,False,False,B,MID,0.25085616745571804,False
17.08988662131519,4.848,Wodymidaj.wav,0.20019754767417908,0.34626815204739386,0.24186032527005955,0.029229757418583587,0.5649724925161944,1607.5,4.418540247449524,112.34714673913044,False,False,False,False,False,B,MID,0.2520291311652833,False
17.182766439909297,5.0626,Wodymidaj.wav,0.17223085463047028,0.39061727570607335,0.24467822568948153,0.025192599109259334,0.5314230679551106,1420.37,2.1664746768277556,112.34714673913044,False,False,False,False,False,B,MID,0.2507627867276717,False
17.2756462585034,5.5573,Wodymidaj.wav,0.2411535382270813,0.8393315543819879,0.2194802577229991,0.02422372023640148,0.556040998275988,1555.4,3.045941338809405,112.34714673913044,False,False,False,False,False,B,MID,0.254724563957378,False
17.368526077097506,4.2419,Wodymidaj.wav,0.1633177548646927,0.3675216330282102,0.21356033732403212,0.023975792909162786,0.5834221190902991,1720.71,3.316879082918461,112.34714673913044,False,False,False,False,False,B,MID,0.25242535999348276,False
17.46140589569161,4.7131,Wodymidaj.wav,0.15267884731292725,0.33023617547597073,0.19199047014907536,0.012662738050632663,0.5563097269068867,1556.94,2.6647927719480906,112.34714673913044,False,False,False,False,False,B,MID,0.24902979456033106,False
17.554285714285715,4.1135,Wodymidaj.wav,0.1887761503458023,0.38047072564841916,0.24869930465961224,0.018449364339414673,0.5815689953851201,1708.99,4.572865650601337,112.34714673913044,False,False,False,False,False,B,MID,0.24938595470843367,False
17.647165532879818,5.75,Wodymidaj.wav,0.17719528079032898,0.38437142688981096,0.24089867663911146,0.019577274905368983,0.5586019112990607,1570.16,2.9848160291817067,112.34714673913044,False,False,False,False,False,B,MID,0.24871685432169835,False
17.740045351473924,5.1881,Wodymidaj.wav,0.2115292251110077,0.374493588886809,0.1554871851845002,0.011456982759756658,0.5315250284722914,1420.9,3.6451370883512237,112.34714673913044,False,False,False,False,False,B,MID,0.25083153528870705,False
17.832925170068027,6.3197,Wodymidaj.wav,0.2571166157722473,0.7688581199017601,0.3490891335733349,0.03327384863940249,0.5511636278352027,1527.66,8.904525902556534,112.34714673913044,False,False,False,False,False,B,MID,0.25571546554992275,False
17.925804988662133,4.3749,Wodymidaj.wav,0.2118581235408783,0.42266772708376965,0.28283957280093475,0.02636970403567675,0.5314970776174126,1420.76,2.185166021611062,112.34714673913044,False,False,False,False,False,B,MID,0.2574593432624701,False
18.018684807256236,5.6632,Wodymidaj.wav,0.19758176803588867,0.4591104536602587,0.26507141208569646,0.028003007952417395,0.5490610548530986,1515.86,2.2150686986774715,112.34714673913044,False,False,False,False,False,B,MID,0.25804477027377504,False
18.11156462585034,5.3368,Wodymidaj.wav,0.1677802950143814,0.3369107668396994,0.23309450686563818,0.03212112820651572,0.5984858362761176,1819.03,2.6056939041747715,112.34714673913044,False,False,False,False,False,B,MID,0.25594784789475794,False
18.204444444444444,5.2446,Wodymidaj.wav,0.2120933085680008,0.29720634585842226,0.2664852403287157,0.022535506669097108,0.5708499282552366,1642.73,4.646376445631401,112.34714673913044,False,False,False,False,False,B,MID,0.2576969655734771,False
18.297324263038547,14.651,Wodymidaj.wav,0.2593304216861725,0.3366231681682436,0.2988809276269231,0.023320277831450697,0.5503663868114345,1523.18,3.2011857695600128,112.34714673913044,False,False,False,False,False,B,MID,0.2623647554651595,False
18.390204081632653,4.3213,Wodymidaj.wav,0.20573773980140686,0.6892335530366035,0.30551305240528875,0.038916855677207596,0.5519274761548708,1531.97,3.5326967877989857,112.34714673913044,False,False,False,False,False,B,MID,0.2633288829689359,False
18.483083900226756,5.9939,Wodymidaj.wav,0.17617543041706085,0.2951001203636717,0.22846714021211692,0.05145792819046481,0.590323157915598,1765.07,3.100401713485097,112.34714673913044,False,False,False,False,False,B,MID,0.26178929290229647,False
18.575963718820862,5.8814,Wodymidaj.wav,0.16571635007858276,0.31550505031662507,0.2020907185833671,0.030319927167629476,0.5481820688013245,1510.95,3.86735254048342,112.34714673913044,False,False,False,False,False,B,MID,0.2592913752482285,False
18.668843537414965,4.5907,Wodymidaj.wav,0.15100359916687012,0.31309404090305776,0.2378533943099378,0.019402532700436022,0.6186548543752719,1959.53,2.1999190495293903,112.34714673913044,False,False,False,False,False,B,MID,0.25521313707004767,False
18.76172335600907,5.5577,Wodymidaj.wav,0.10645677149295807,0.2949646189438079,0.1424913628424032,0.016352408674381817,0.6516483184671784,2213.14,3.4377589723456214,112.34714673913044,False,False,False,False,False,B,MID,0.24245248021654528,False
18.854603174603174,5.3387,Wodymidaj.wav,0.2268480807542801,0.4606555440449902,0.13447511008679788,0.011543121341979722,0.6035374179176431,1853.25,7.751595219845658,112.34714673913044,False,True,False,False,False,B,MID,0.24623487885831727,False
18.94748299319728,2.6809,Wodymidaj.wav,0.1829444020986557,0.6645362070403222,0.2837627274392734,0.01852842442789426,0.5302543741532252,1414.26,3.788071731417117,112.34714673913044,False,False,False,False,False,B,MID,0.24686470746264463,False
19.040362811791383,2.4173,Wodymidaj.wav,0.16009369492530823,0.3563084430435204,0.2253600411046807,0.015568102445156828,0.5646614868029077,1605.65,3.014278105687233,112.34714673913044,False,False,False,False,False,B,MID,0.24553506869310396,False
19.13324263038549,5.5046,Wodymidaj.wav,0.16802829504013062,0.3430067347033173,0.18804248891529823,0.014332913446437945,0.5321845891219379,1424.37,5.484189515078783,112.34714673913044,False,True,False,False,False,B,MID,0.24498468893741263,False
19.22612244897959,6.0171,Wodymidaj.wav,0.15379001200199127,0.35415118753246744,0.2372002929229783,0.020640999709466614,0.5834267486660993,1720.74,2.676730419317408,112.34714673913044,False,False,False,False,False,B,MID,0.24314060648465907,False
19.319002267573698,2.6149,Wodymidaj.wav,0.1557127833366394,0.3747925720644055,0.1853850270826899,0.02014022472515576,0.6863304971493522,2515.2,3.475349194707872,112.34714673913044,False,False,False,False,False,B,MID,0.24157876950648344,False
19.4118820861678,3.0791,Wodymidaj.wav,0.24920256435871124,0.6321150698124487,0.2088232225404218,0.02600736135997508,0.696335311215228,2609.76,6.394436072030991,112.34714673913044,False,False,False,False,False,B,MID,0.24668509438639974,False
19.504761904761907,3.4709,Wodymidaj.wav,0.1743597537279129,0.5725386781888508,0.27731042608232964,0.02482908690965561,0.6077510905923786,1882.28,2.4692678520063205,112.34714673913044,False,False,False,False,False,B,MID,0.24661071287810746,False
19.59764172335601,3.2179,Wodymidaj.wav,0.13230034708976746,0.36245544800750973,0.16441250195416252,0.022840289530391383,0.7437387997998577,3108.45,1.913110325647164,112.34714673913044,False,False,False,False,False,B,MID,0.24218309902816457,False
19.690521541950112,5.2834,Wodymidaj.wav,0.194928839802742,0.36210795392519923,0.20081603238259088,0.009748441575756767,0.5242503525898727,1383.28,4.467918876027813,112.34714673913044,False,False,False,False,False,B,MID,0.2439007265251224,False
19.783401360544218,6.6858,Wodymidaj.wav,0.2144872099161148,0.37085511837025875,0.3039578649836558,0.011646522082116296,0.5332804453138712,1430.14,1.9857224929282318,112.34714673913044,False,False,False,False,False,B,MID,0.24684647488251815,False
19.87628117913832,6.1177,Wodymidaj.wav,0.19715243577957153,0.3560145893382243,0.3023240456371819,0.015047984876399804,0.577769898451506,1685.2,3.0510402897987228,112.34714673913044,False,False,False,False,False,B,MID,0.24848782501178449,False
19.969160997732427,6.5648,Wodymidaj.wav,0.2686901092529297,0.6788202910072371,0.2699822912978927,0.014854007784556238,0.516788373053031,1345.72,6.3654280655338615,112.34714673913044,True,True,True,True,False,B,MID,1.0,True
20.06204081632653,2.8133,Wodymidaj.wav,0.23904617130756378,0.5038054901885023,0.3393537494336753,0.019465374245257964,0.5454485750580987,1495.79,2.459535030349748,112.34714673913044,False,False,False,False,False,B,MID,0.65,False
20.154920634920636,4.5053,Wodymidaj.wav,0.2353525012731552,0.4655491333818504,0.31369181408930186,0.013511709097472764,0.5103348402220281,1314.07,1.8452855532627546,112.34714673913044,False,False,False,False,False,B,MID,0.42250000000000004,False
20.24780045351474,3.9398,Wodymidaj.wav,0.2128753811120987,0.39795919902436055,0.3134152303035422,0.01335236718947337,0.5220712294737567,1372.21,2.2811504694739257,112.34714673913044,False,False,False,False,False,B,MID,0.27462500000000006,False
20.340680272108845,9.1562,Wodymidaj.wav,0.18098701536655426,0.30530453284536596,0.26800624891103775,0.0107675620157545,0.523385846348224,1378.88,2.625078542133078,112.34714673913044,False,False,False,False,False,B,MID,0.26324147813213383,False
20.433560090702947,6.2357,Wodymidaj.wav,0.14109539985656738,0.23727816501729568,0.2279390418856997,0.009802919714151363,0.546446750468757,1501.31,2.7791343602606298,112.34714673913044,False,True,False,False,False,B,MID,0.25910777822653447,False
20.526439909297054,4.3869,Wodymidaj.wav,0.22273534536361694,0.7163044323185009,0.18563814268531448,0.024366492457284873,0.7351243751747614,3011.23,4.4366666495437155,112.34714673913044,False,True,False,False,False,B,MID,0.26180809787092835,False
20.619319727891156,7.2001,Wodymidaj.wav,0.17935529351234436,0.3739377378622855,0.23537718852680498,0.02138157110893308,0.581148811185004,1706.34,3.105465787166367,112.34714673913044,False,False,False,False,False,B,MID,0.26137961277411415,False
20.712199546485262,5.284,Wodymidaj.wav,0.19709619879722595,0.3122954736710892,0.2551636443391906,0.03401703821862758,0.57352822765458,1659.04,2.4778559835117306,112.34714673913044,False,False,False,False,False,B,MID,0.2622903640911404,False
20.805079365079365,5.7673,Wodymidaj.wav,0.20338812470436096,0.349106454702532,0.2778992474653476,0.04314903982854713,0.5682146582288516,1626.84,3.4876269594206035,112.34714673913044,False,False,False,False,False,B,MID,0.2635886185574663,False
20.897959183673468,6.5611,Wodymidaj.wav,0.16172248125076294,0.34372065672720237,0.22627428626801682,0.02152399508396617,0.569883852628451,1636.88,2.5251073927735557,112.34714673913044,False,False,False,False,False,B,MID,0.2615735666321483,False
20.990839002267574,6.0139,Wodymidaj.wav,0.17425958812236786,0.3173575878070361,0.2135546592987563,0.013362103570260995,0.5319415703490135,1423.09,2.3266183993599463,112.34714673913044,False,False,False,False,False,B,MID,0.26074653779965457,False
21.083718820861677,4.4145,Wodymidaj.wav,0.31136399507522583,0.7205744574569494,0.36987109274131874,0.022667617547524884,0.5365049031588083,1447.25,7.450609485389253,112.34714673913044,True,True,True,False,False,B,MID,1.0,True
21.176598639455783,4.9887,Wodymidaj.wav,0.1744522750377655,0.35847245926332827,0.3019354066368692,0.0174416261056599,0.5495753698740432,1518.74,3.193312007986459,112.34714673913044,False,False,False,False,False,B,MID,0.65,False
21.269478458049885,5.4084,Wodymidaj.wav,0.12036320567131042,0.3314233161776085,0.15954106501774654,0.016887483904709365,0.7016210035405992,2661.15,1.6080164366761756,112.34714673913044,False,False,False,False,False,B,MID,0.42250000000000004,False
21.36235827664399,5.1907,Wodymidaj.wav,0.14611203968524933,0.34579024513993745,0.14181760435761656,0.022186147083173267,0.7346949583473638,3006.46,3.2874602777792035,112.34714673913044,False,False,False,False,False,B,MID,0.27462500000000006,False
21.455238095238094,7.233,Wodymidaj.wav,0.1423671394586563,0.34552114863400385,0.1881730292976006,0.010739531536027427,0.5158075403544944,1340.86,3.5280192698562374,112.34714673913044,False,False,False,False,False,B,MID,0.251819117779492,False
21.5481179138322,6.5479,Wodymidaj.wav,0.18301242589950562,0.39390265631173177,0.18683134923669376,0.010408656183638646,0.503545801513467,1281.56,2.7261414400444752,112.34714673913044,False,False,False,False,False,B,MID,0.25201241770130967,False
21.640997732426303,4.4489,Wodymidaj.wav,0.24794797599315643,0.9125645720877527,0.23284722494215274,0.014728993524499998,0.504401820179237,1285.62,3.048072898132044,112.34714673913044,False,False,False,False,False,B,MID,0.2563133430903309,False
21.73387755102041,6.9224,Wodymidaj.wav,0.19965119659900665,0.47958440001605035,0.24920692859388002,0.013254767120134387,0.5090143998139912,1307.68,4.475538105797591,112.34714673913044,False,False,False,False,False,B,MID,0.25747742541317253,False
21.826757369614512,5.0235,Wodymidaj.wav,0.17575833201408386,0.4354489204328171,0.22706281735039086,0.01828703359675591,0.5399578927109572,1465.8,2.4934654361163657,112.34714673913044,False,False,False,False,False,B,MID,0.2568222123438776,False
21.91963718820862,6.6013,Wodymidaj.wav,0.1431257277727127,0.42779845518203075,0.19786533604343737,0.01746399302052207,0.6296102237875997,2040.34,5.24251514712671,112.34714673913044,False,False,False,False,False,B,MID,0.25312996086662554,False
22.01251700680272,5.3041,Wodymidaj.wav,0.14799903333187103,0.3765307838952425,0.16274073451981436,0.01389372327728391,0.6376850391598472,2102.03,3.705780910998921,112.34714673913044,False,False,False,False,False,B,MID,0.25015622983662694,False
22.105396825396827,5.6361,Wodymidaj.wav,0.22864389419555664,0.3597642582473209,0.18788364303108576,0.009857177116169255,0.4992799859010284,1261.56,4.256180887513439,112.34714673913044,False,False,False,False,False,B,MID,0.2534598091300522,False
22.19827664399093,5.1921,Wodymidaj.wav,0.2529551684856415,0.8293580302506248,0.31869909841193456,0.02982777005160131,0.5468031605597073,1503.29,6.040089528133774,112.34714673913044,True,True,True,False,False,B,MID,1.0,True
22.291156462585032,5.0675,Wodymidaj.wav,0.2130540907382965,0.47825520263841065,0.30247850242341184,0.022313223606604416,0.527053378754405,1397.66,2.170787466788848,112.34714673913044,False,False,False,False,False,B,MID,0.65,False
22.38403628117914,18.6391,Wodymidaj.wav,0.2013910561800003,0.46044624441821946,0.2665670932225612,0.023641502084254102,0.5285967481670482,1405.64,1.8244893825106117,112.34714673913044,False,False,False,False,False,B,MID,0.42250000000000004,False
22.47691609977324,5.8493,Wodymidaj.wav,0.1717904508113861,0.3176444928854827,0.24062471672302974,0.021828304558030816,0.5436612929984692,1485.96,2.5269007154603047,112.34714673913044,False,False,False,False,False,B,MID,0.27462500000000006,False
22.569795918367348,4.8989,Wodymidaj.wav,0.20097753405570984,0.33630589354879015,0.266379098610806,0.021555420113278004,0.5522785724764523,1533.96,4.242232479804735,112.34714673913044,False,False,False,False,False,B,MID,0.26094275945270035,False
22.66267573696145,6.5219,Wodymidaj.wav,0.25492191314697266,0.34337533856086366,0.2777104240652519,0.025026052779393012,0.5393457771601461,1462.49,4.07531796225367,112.34714673913044,False,False,False,False,False,B,MID,0.26517086548428936,False
22.755555555555556,5.4781,Wodymidaj.wav,0.18449081480503082,0.7894908115474967,0.24217017725928947,0.027232144538723434,0.5382827694587483,1456.77,3.7594452955917603,112.34714673913044,False,False,False,False,False,B,MID,0.26480821123766335,False
22.84843537414966,3.7098,Wodymidaj.wav,0.20337092876434326,0.3888568487266547,0.27008637499790933,0.026750874060814497,0.5696992284046966,1635.77,2.8305610869852265,112.34714673913044,False,False,False,False,False,B,MID,0.26579847335984885,False
22.941315192743765,4.7595,Wodymidaj.wav,0.17794792354106903,0.31594244654216025,0.2513394625047365,0.01968738213082881,0.5420340534044346,1477.07,3.1282105881662803,112.34714673913044,False,False,False,False,False,B,MID,0.26490119725061284,False
23.034195011337868,4.4774,Wodymidaj.wav,0.13081692159175873,0.2605900222904204,0.212479082110176,0.009552445265957499,0.5067344250303003,1296.73,2.0401982595973824,112.34714673913044,False,False,False,False,False,B,MID,0.25925294658829806,False
23.127074829931974,6.0172,Wodymidaj.wav,0.11802749335765839,0.24308334300241474,0.1579926590717567,0.009968379239197928,0.5620226688606222,1590.1,2.850551958925692,112.34714673913044,False,False,False,False,False,B,MID,0.25170616397135637,False
23.219954648526077,5.2642,Wodymidaj.wav,0.24316968023777008,0.4950007366330966,0.21156086858273407,0.013357256386187417,0.556512249615196,1558.1,7.164546917326379,112.34714673913044,True,True,True,False,False,B,MID,1.0,True
23.312834467120183,3.9504,Wodymidaj.wav,0.17946988344192505,0.6897622450771798,0.25436396316715226,0.018029830913740816,0.5661332782063168,1614.39,1.8913297590354556,112.34714673913044,False,False,False,False,False,B,MID,0.65,False
23.405714285714286,4.2675,Wodymidaj.wav,0.16382920742034912,0.3367701796171431,0.23584037736619945,0.016921662557675778,0.5530371784939536,1538.26,3.564042703969435,112.34714673913044,False,False,False,False,False,B,MID,0.42250000000000004,False
23.49859410430839,3.3775,Wodymidaj.wav,0.20730958878993988,0.3176071323817528,0.2526074810013867,0.027159352747460695,0.569779799105389,1636.26,4.148907814644964,112.34714673913044,False,False,False,False,False,B,MID,0.27462500000000006,False
23.591473922902495,4.9163,Wodymidaj.wav,0.18200306594371796,0.2955320608679037,0.27568070993526017,0.030742770454463206,0.58100641110849,1705.44,2.045992975301293,112.34714673913044,False,False,False,False,False,B,MID,0.2556394333809159,False
23.684353741496597,6.6714,Wodymidaj.wav,0.1776473969221115,0.30560074398097115,0.2343556589602416,0.012909806088809709,0.5504748641624998,1523.79,3.4232293719092,112.34714673913044,False,False,False,False,False,B,MID,0.25522640258917867,False
23.777233560090703,5.0639,Wodymidaj.wav,0.2667764127254486,0.6698431310859346,0.2824165150327423,0.01940492486590021,0.5536005738709123,1541.46,4.966159524518676,112.34714673913044,False,False,False,False,False,B,MID,0.2603541969147555,False
23.870113378684806,5.2505,Wodymidaj.wav,0.1880064159631729,0.5539799168556957,0.26540882136851723,0.026743839081179475,0.5831684194891429,1719.1,1.5370528082667272,112.34714673913044,False,False,False,False,False,B,MID,0.2604932897296765,False
23.962993197278912,4.9724,Wodymidaj.wav,0.12837374210357666,0.373611790965746,0.19057733710654975,0.01585646463696605,0.5315690012800014,1421.14,3.0199120484837896,112.34714673913044,False,False,False,False,False,B,MID,0.2547091132665595,False
24.055873015873015,5.3654,Wodymidaj.wav,0.16691343486309052,0.3367719547670513,0.1844515911510147,0.018619588087663723,0.6278930416104422,2027.46,4.398081910595793,112.34714673913044,True,True,False,True,False,B,MID,1.0,False
24.14875283446712,5.8618,Wodymidaj.wav,0.17276769876480103,0.3041085156490987,0.2181720201737796,0.028758070509069422,0.6127713269790664,1917.46,2.179838817967196,112.34714673913044,False,False,False,False,False,B,MID,0.65,False
24.241632653061224,5.012,Wodymidaj.wav,0.15384697914123535,0.28165137343667235,0.2414321098454412,0.0250831184768821,0.6760404180749211,2421.52,6.0174355757515094,112.34714673913044,False,False,False,False,False,B,MID,0.42250000000000004,False
24.33451247165533,4.2383,Wodymidaj.wav,0.285328209400177,0.6910492012278876,0.2715902548834325,0.036217636470977276,0.7286544669205557,2940.21,8.032612431641414,112.34714673913044,True,True,True,False,False,B,MID,1.0,True
24.427392290249433,11.4471,Wodymidaj.wav,0.21841906011104584,0.4329282263235204,0.33908445767088297,0.03304538321963429,0.5618977411649533,1589.37,2.5401896364175087,112.34714673913044,False,False,False,False,False,B,MID,0.65,False
24.52027210884354,7.521,Wodymidaj.wav,0.19329051673412323,0.29423222265766424,0.2613534471314254,0.036436351914945125,0.5696942203652013,1635.74,2.5263029103282557,112.34714673913044,False,False,False,False,False,B,MID,0.42250000000000004,False
24.61315192743764,4.3446,Wodymidaj.wav,0.19412761926651,0.33702638455118816,0.2524049828071133,0.04595665204023875,0.5844603814174,1727.31,2.9844691970202564,112.34714673913044,False,False,False,False,False,B,MID,0.27462500000000006,False
24.706031746031748,4.0062,Wodymidaj.wav,0.20186340808868408,0.439524448105807,0.23338607964790375,0.037379087733788535,0.5666891557370785,1617.71,4.581254451434559,112.34714673913044,False,False,False,False,False,B,MID,0.2613636882964557,False
24.79891156462585,4.5581,Wodymidaj.wav,0.18898768723011017,0.32771581986504,0.2769819848496968,0.023066275940891275,0.5715680012970731,1647.09,4.073893189587914,112.34714673913044,False,False,False,False,False,B,MID,0.2615240324295647,False
24.891791383219953,5.1418,Wodymidaj.wav,0.27333536744117737,0.7899014870075244,0.2821215149405866,0.028557878811723524,0.5844798944518167,1727.44,5.462181768081572,112.34714673913044,False,False,False,False,False,B,MID,0.2666659799874317,False
24.98467120181406,5.0853,Wodymidaj.wav,0.2109483778476715,0.3558590595032664,0.2862875509659717,0.035019511175449915,0.5964084891692043,1805.15,2.758808884814253,112.34714673913044,False,False,False,False,False,B,MID,0.2680587361005099,False
25.077551020408162,5.7303,Wodymidaj.wav,0.18655702471733093,0.2885664472566201,0.2949207480658117,0.027657383762295457,0.5707482763144103,1642.11,2.6863489439549997,112.34714673913044,False,False,False,False,False,B,MID,0.26770579226119606,False
25.170430839002268,6.9243,Wodymidaj.wav,0.19403387606143951,0.26216051951408537,0.275277312920612,0.021007178761771408,0.5618501140038716,1589.09,4.309003632365242,112.34714673913044,False,False,False,False,False,B,MID,0.2679107373337741,False
25.26331065759637,4.8037,Wodymidaj.wav,0.12109305709600449,0.32261396395843495,0.18701019789260878,0.010447309976176874,0.5883502234144032,1752.28,3.023388274443549,112.34714673913044,False,False,False,False,False,B,MID,0.26054167677042095,False
25.356190476190477,6.443,Wodymidaj.wav,0.11276142299175262,0.2700787706327127,0.1303219834678956,0.008301264235442259,0.5682666503220588,1627.15,1.5748327939325433,112.34714673913044,False,False,False,False,False,B,MID,0.2516242393458744,False
25.44907029478458,6.0412,Wodymidaj.wav,0.30916547775268555,0.7404893439333681,0.339888462585765,0.016895263024814346,0.5432885537779629,1483.92,9.664866877040556,112.34714673913044,True,True,True,False,False,B,MID,1.0,True
25.541950113378686,3.7493,Wodymidaj.wav,0.20402619242668152,0.27612234505677624,0.3159528902580591,0.026143326700764795,0.5728545964333858,1654.92,2.638136729796221,112.34714673913044,False,False,False,False,False,B,MID,0.65,False
25.63482993197279,5.5198,Wodymidaj.wav,0.15251345932483673,0.2935886786414723,0.23781355735131843,0.015568226883716748,0.5328362811291965,1427.79,2.3554594912697406,112.34714673913044,False,False,False,False,False,B,MID,0.42250000000000004,False
25.727709750566895,5.3418,Wodymidaj.wav,0.17186285555362701,0.3932372410269,0.2349440582072631,0.012672818116023714,0.5315247464279766,1420.9,2.9629582560651584,112.34714673913044,False,False,False,False,False,B,MID,0.27462500000000006,False
25.820589569160997,5.8245,Wodymidaj.wav,0.22699818015098572,0.34798371771555725,0.25282656345475113,0.010089061649179608,0.5259270606210446,1391.86,4.249453547735205,112.34714673913044,False,False,False,False,False,B,MID,0.2593298596424641,False
25.913469387755104,5.4226,Wodymidaj.wav,0.23174713551998138,0.3739965439493735,0.32914367161723757,0.015113754503458627,0.5152450307909976,1338.08,3.1415558399776504,112.34714673913044,False,False,False,False,False,B,MID,0.26235604077299907,False
26.006349206349206,6.4808,Wodymidaj.wav,0.24444101750850677,0.8846347515347192,0.2747264285701583,0.030592775421802585,0.5349634992631347,1439.04,3.2568102999452275,112.34714673913044,False,False,False,False,False,B,MID,0.2659480644849602,False
26.09922902494331,5.0243,Wodymidaj.wav,0.16541241109371185,0.37579710746212464,0.1893710806542888,0.015206387868524988,0.6343547611591228,2076.37,3.4867650449026253,112.34714673913044,False,False,False,False,False,B,MID,0.26400355044227414,False
26.192108843537415,4.2385,Wodymidaj.wav,0.19849920272827148,0.41094724374531666,0.24751101991379096,0.010758028439204793,0.5187772130853688,1355.63,2.5661244431632415,112.34714673913044,False,False,False,False,False,B,MID,0.2647043075655645,False
26.284988662131518,5.5293,Wodymidaj.wav,0.15562835335731506,0.3719446324165793,0.24585480893554723,0.013126238477560604,0.5528480854695881,1537.18,2.4700688010307785,112.34714673913044,False,False,False,False,False,B,MID,0.26192310762409937,False
26.377868480725624,3.513,Wodymidaj.wav,0.15806742012500763,0.43234719895364737,0.18568550618384294,0.021918711109718544,0.5997331724898814,1827.42,4.211134475320502,112.34714673913044,False,False,False,False,False,B,MID,0.2595135636514611,False
26.470748299319727,11.48,Wodymidaj.wav,0.223871111869812,0.41126885083903075,0.1427469442052507,0.008780916546214703,0.5018053166493619,1273.36,2.822921451100558,112.34714673913044,False,False,False,False,False,B,MID,0.26206549079277597,False
26.563628117913833,5.413,Wodymidaj.wav,0.2593630254268646,0.7676953137189768,0.3452721092988504,0.024046312349870844,0.5487817248442618,1514.3,7.551215733960416,112.34714673913044,True,True,True,False,False,B,MID,1.0,True
26.656507936507936,7.0933,Wodymidaj.wav,0.20120592415332794,0.5346026931182087,0.2752477769668093,0.026969175292402538,0.5655320867658078,1610.82,2.248824785499213,112.34714673913044,False,False,False,False,False,B,MID,0.65,False
26.749387755102042,5.1191,Wodymidaj.wav,0.1906256079673767,0.521671872828283,0.21649798174725007,0.02896532098338708,0.5812210988306007,1706.79,2.497874476346116,112.34714673913044,False,False,False,False,False,B,MID,0.42250000000000004,False
26.842267573696144,5.5983,Wodymidaj.wav,0.1965467780828476,0.42286872634065914,0.26258836092408694,0.02809760117375519,0.5815134056682836,1708.64,4.075939171412769,112.34714673913044,False,False,False,False,False,B,MID,0.27462500000000006,False
26.93514739229025,4.8846,Wodymidaj.wav,0.27024224400520325,0.3729636676728025,0.33430020414071776,0.030942496429298135,0.5845769759094579,1728.05,3.7441426890113445,112.34714673913044,False,False,False,False,False,B,MID,0.2723057847749756,False
27.028027210884353,2.4412,Wodymidaj.wav,0.28610074520111084,0.4291900094064242,0.36551716842566223,0.030979215947761395,0.5619722205251019,1589.8,3.709833018426594,112.34714673913044,False,False,False,False,False,B,MID,0.2775293794642002,False
27.12090702947846,2.5468,Wodymidaj.wav,0.20593932271003723,0.7499219934528376,0.28239975809976003,0.030643710844397744,0.5690730346880053,1632.0,3.583410617897103,112.34714673913044,False,False,False,False,False,B,MID,0.27805378697147126,False
27.213786848072562,2.4601,Wodymidaj.wav,0.1803472340106964,0.40811604741308166,0.25318630264818903,0.032238670659733674,0.5875057437063096,1746.83,2.8540801675692853,112.34714673913044,False,False,False,False,False,B,MID,0.27673109362324666,False
27.30666666666667,3.044,Wodymidaj.wav,0.16290980577468872,0.355303596401124,0.19416601549116236,0.02910886159812063,0.6009395275035977,1835.57,3.472443385279096,112.34714673913044,False,False,False,False,False,B,MID,0.2740257813733886,False
27.39954648526077,4.2523,Wodymidaj.wav,0.18821613490581512,0.3420046798051049,0.24366014261195865,0.03210491324107532,0.5949891875217796,1795.72,2.8734669729100357,112.34714673913044,False,False,False,False,False,B,MID,0.2734966637301898,False
27.492426303854874,5.427,Wodymidaj.wav,0.2670119106769562,0.31468971552389874,0.3757334393340263,0.030893793429472807,0.5712054656631002,1644.88,4.626694887296626,112.34714673913044,False,False,False,False,False,B,MID,0.2777228846783641,False
27.58530612244898,3.5594,Wodymidaj.wav,0.2592045068740845,0.5488462238693974,0.2733225731863711,0.014307996239223866,0.5113996000124001,1319.24,5.432032811578942,112.34714673913044,False,False,False,False,False,B,MID,0.2813367366839588,False
27.678185941043083,3.7103,Wodymidaj.wav,0.18588440120220184,0.6942068400355954,0.2635226973639793,0.02289846930664292,0.5964079265556718,1805.14,2.3149874518399747,112.34714673913044,False,False,False,False,False,B,MID,0.280269967187232,False
27.77106575963719,4.1119,Wodymidaj.wav,0.15688461065292358,0.3706198268788404,0.24077443791925887,0.01753479094216553,0.5822008831425273,1712.97,3.190244651932146,112.34714673913044,False,False,False,False,False,B,MID,0.2768310510516443,False
27.86394557823129,3.9899,Wodymidaj.wav,0.23124399781227112,0.3618383585157123,0.25109614338640873,0.021632168728911393,0.5578399266899733,1565.75,5.55816970671526,112.34714673913044,False,False,False,False,False,B,MID,0.27895294832152784,False
27.956825396825398,5.5844,Wodymidaj.wav,0.1878136545419693,0.3938731273077946,0.27394229564548084,0.02785792307310324,0.5787961406176981,1691.59,2.3340354116172857,112.34714673913044,False,False,False,False,False,B,MID,0.278147958468517,False
28.0497052154195,4.7827,Wodymidaj.wav,0.16120055317878723,0.34676757877847475,0.24660262051893253,0.018827057938729668,0.6694686811818312,2363.52,4.425218368541632,112.34714673913044,True,True,False,True,False,B,MID,1.0,False
28.142585034013607,4.3142,Wodymidaj.wav,0.2653922736644745,0.6817189300059374,0.23930362778629505,0.02610973374346376,0.6982749155982405,2628.5,5.0669131130283755,112.34714673913044,False,False,False,False,False,B,MID,0.65,False
28.23546485260771,4.4442,Wodymidaj.wav,0.18896372616291046,0.4986097331936766,0.30598386639347275,0.027252837076035433,0.5770131100106185,1680.5,2.622194139538763,112.34714673913044,False,False,False,False,False,B,MID,0.42250000000000004,False
28.328344671201815,3.8416,Wodymidaj.wav,0.1209208220243454,0.34379420164395325,0.17723269327004496,0.018401768222658568,0.6979119122759272,2624.98,2.1578264401651497,112.34714673913044,False,False,False,False,False,B,MID,0.27462500000000006,False
28.421224489795918,4.6605,Wodymidaj.wav,0.2175934612751007,0.3708184002159675,0.2444451204369807,0.01152070422105243,0.5262868656506801,1393.71,5.4144182706597865,112.34714673913044,False,False,False,False,False,B,MID,0.27221976293658745,False
28.514104308390024,13.3694,Wodymidaj.wav,0.21435187757015228,0.3568350641256685,0.30237125266320103,0.012931971909379824,0.5202157669129882,1362.85,2.044515565811682,112.34714673913044,False,False,False,False,False,B,MID,0.2735509508424149,False
28.606984126984127,5.7586,Wodymidaj.wav,0.22006210684776306,0.3707909255254688,0.3144344562672243,0.014683739746486256,0.5470306795928057,1504.55,3.2925097631630815,112.34714673913044,False,False,False,False,False,B,MID,0.27516998164233053,False
28.69986394557823,5.3682,Wodymidaj.wav,0.2859407365322113,0.6553122778497925,0.33278242228533833,0.02609430033606708,0.6135307939745002,1922.84,5.490596732621491,112.34714673913044,False,True,False,False,False,B,MID,0.2802042010023056,False
28.792743764172336,6.2088,Wodymidaj.wav,0.22547246515750885,0.49630559040041883,0.32384970097979543,0.029287870412143407,0.6873889930004704,2525.04,2.567616774353731,112.34714673913044,False,False,False,False,False,B,MID,0.28165377591150254,False
28.88562358276644,5.0544,Wodymidaj.wav,0.1963896006345749,0.36562498160480483,0.2772247789714707,0.02010007077544211,0.6599323607220056,2281.82,2.0869860898528154,112.34714673913044,False,False,False,False,False,B,MID,0.2810696666696302,False
28.978503401360545,3.0747,Wodymidaj.wav,0.21847176551818848,0.41865507725603596,0.2798164029332756,0.018513325799134808,0.6358753108786581,2088.05,3.020730387059805,112.34714673913044,False,False,False,False,False,B,MID,0.2820318569247076,False
29.071383219954647,3.7843,Wodymidaj.wav,0.1924237757921219,0.432371318613736,0.25704284743967515,0.01415360010275028,0.6031398497813505,1850.53,3.893180477314935,112.34714673913044,False,False,False,False,False,B,MID,0.28113401693362217,False
29.164263038548754,3.5834,Wodymidaj.wav,0.1585572510957718,0.3895881749734258,0.23339490455067397,0.019850363481560825,0.6707424727469808,2374.65,3.3002430030875476,112.34714673913044,False,False,False,False,False,B,MID,0.2773435768263637,False
29.257142857142856,5.6818,Wodymidaj.wav,0.24167168140411377,0.7953139834975963,0.2127563697262206,0.024737087774399612,0.7135646813474741,2781.02,4.818454866487295,112.34714673913044,False,False,False,False,False,B,MID,0.2799092521221026,False
29.350022675736962,5.5691,Wodymidaj.wav,0.1990741342306137,0.35252081143435526,0.2501490881611903,0.02137636204755662,0.6213089238826043,1978.81,3.027920385838311,112.34714673913044,False,False,False,False,True,C,MID,0.27960763427807345,False
29.442902494331065,5.6588,Wodymidaj.wav,0.20089133083820343,0.26765007794523327,0.28762238584639177,0.03283953615894532,0.6204776614325698,1972.75,2.031209170972162,112.34714673913044,False,False,False,False,False,C,MID,0.27945140075910657,False
29.53578231292517,4.9103,Wodymidaj.wav,0.2311193197965622,0.27797360571262536,0.33560028582728885,0.029904161957639654,0.6002443040389966,1830.87,5.025106982304628,112.34714673913044,False,False,False,False,False,C,MID,0.28128598894530804,False
29.628662131519274,5.9839,Wodymidaj.wav,0.1655566245317459,0.297719783939238,0.24715819844699255,0.02000106196793166,0.5940869886512146,1789.75,2.137480824226162,112.34714673913044,False,False,False,False,False,C,MID,0.2781735750617161,False
29.72154195011338,4.0186,Wodymidaj.wav,0.1601024568080902,0.30458698197315953,0.1963456689452417,0.016872650895949092,0.5956402750068399,1800.04,1.7777311697535105,112.34714673913044,False,False,False,False,False,C,MID,0.2746871854611166,False
29.814421768707483,4.2577,Wodymidaj.wav,0.2953891456127167,0.7636823310925726,0.3436603483583095,0.02244717483055466,0.5603508599360723,1580.32,6.510109339020071,112.34714673913044,True,True,True,False,False,C,MID,1.0,True
29.90730158730159,4.5781,Wodymidaj.wav,0.17492060363292694,0.3742509915809252,0.2765761212346247,0.01786063149440221,0.5775659407991228,1683.93,2.7547066126807196,112.34714673913044,False,False,False,False,False,C,MID,0.65,False
30.00018140589569,5.3808,Wodymidaj.wav,0.14319539070129395,0.3357703497629767,0.18376946748138567,0.01856825227174267,0.7062963543247943,2707.44,2.338423042474717,112.34714673913044,False,False,False,False,False,C,MID,0.42250000000000004,False
30.093061224489794,6.3872,Wodymidaj.wav,0.15676221251487732,0.33064837823410975,0.17918435448999187,0.02359340418181658,0.7072666845420416,2717.15,2.905577763669451,112.34714673913044,False,False,False,False,False,C,MID,0.27462500000000006,False
30.1859410430839,4.3214,Wodymidaj.wav,0.1693461537361145,0.3394928983307084,0.24012949568798161,0.014111523153136333,0.5508553904862862,1525.93,4.598716922971356,112.34714673913044,False,False,False,False,False,C,MID,0.2669163347850476,False
30.278820861678003,4.3237,Wodymidaj.wav,0.1849956214427948,0.3023478619996251,0.20228121623552028,0.00972362598854548,0.5373826743970612,1451.94,3.026789342806114,112.34714673913044,False,False,False,False,False,C,MID,0.2661996801060012,False
30.37170068027211,5.1916,Wodymidaj.wav,0.2623549997806549,0.8237324593238928,0.3014376998641567,0.013673370973066395,0.5117149608715688,1320.77,4.298738728372568,112.34714673913044,False,False,False,False,False,C,MID,0.27047250325121447,False
30.464580498866212,6.2036,Wodymidaj.wav,0.18664410710334778,0.4350259035065178,0.25502012021305637,0.013726326695414473,0.5314241138973078,1420.38,4.358832295251624,112.34714673913044,False,False,False,False,False,C,MID,0.2697082411089051,False
30.55746031746032,15.4574,Wodymidaj.wav,0.16437439620494843,0.37971998969540227,0.21443472178690604,0.01832588141203587,0.5560761846207398,1555.6,3.48456516819772,112.34714673913044,False,False,False,False,False,C,MID,0.2670625519853141,False
30.65034013605442,4.8475,Wodymidaj.wav,0.10951200127601624,0.30655356230557634,0.1739713933123939,0.01986115183365263,0.671431306369468,2380.69,4.485336346588695,112.34714673913044,False,False,False,False,False,C,MID,0.2537094243860484,False
30.743219954648527,5.4058,Wodymidaj.wav,0.13797634840011597,0.29137473550629217,0.15130696160368565,0.014960167680192284,0.6538954657249623,2231.57,5.136490996106216,112.34714673913044,False,False,False,False,False,C,MID,0.24923377468091878,False
30.83609977324263,5.0482,Wodymidaj.wav,0.24646952748298645,0.3367230819933663,0.20635334538223293,0.01012391541989862,0.5094336394438219,1309.7,3.710003310507806,112.34714673913044,False,False,False,False,False,C,MID,0.2535393851285449,False
30.928979591836736,5.2841,Wodymidaj.wav,0.22399069368839264,0.8343816795798318,0.2920015037204349,0.03030296424617542,0.5611869535979802,1585.2,5.945104654971218,112.34714673913044,True,True,True,False,False,C,MID,1.0,True
31.02185941043084,4.5653,Wodymidaj.wav,0.2006300538778305,0.5235904640634864,0.2740605393962182,0.02605414993440906,0.5454635429762843,1495.88,2.835461468689207,112.34714673913044,False,False,False,False,False,C,MID,0.65,False
31.114739229024945,5.6608,Wodymidaj.wav,0.189141646027565,0.44113013021999686,0.22385836465570136,0.02467292551829423,0.5556647710624123,1553.24,3.7543058764731683,112.34714673913044,False,False,False,False,False,C,MID,0.42250000000000004,False
31.207619047619048,6.2533,Wodymidaj.wav,0.19972717761993408,0.3652433248271776,0.2691282143151366,0.021335435578378133,0.5549095692408628,1548.92,2.7267945112038885,112.34714673913044,False,False,False,False,False,C,MID,0.27462500000000006,False
31.30049886621315,4.4542,Wodymidaj.wav,0.22330647706985474,0.33648974885563726,0.3176923822161231,0.02068924449055813,0.5508284754425218,1525.77,3.6408322774604174,112.34714673913044,False,False,False,False,False,C,MID,0.26139392333170847,False
31.393378684807256,6.4673,Wodymidaj.wav,0.26306819915771484,0.45445679604139955,0.2726925230291036,0.02008958643184665,0.5409209536138563,1471.02,3.794223993856896,112.34714673913044,False,False,False,False,False,C,MID,0.2660746001657834,False
31.48625850340136,3.1873,Wodymidaj.wav,0.19995011389255524,0.8175836803526808,0.26242014054074525,0.02339485713793713,0.5454135005421844,1495.6,3.1898809060758917,112.34714673913044,False,False,False,False,False,C,MID,0.26672492014942656,False
31.579138321995465,5.2246,Wodymidaj.wav,0.20961371064186096,0.4453157208500979,0.2834896281548723,0.02225064381945292,0.5580969263009042,1567.24,3.270091035675706,112.34714673913044,False,False,False,False,False,C,MID,0.26800173473740285,False
31.672018140589568,3.2065,Wodymidaj.wav,0.1935059130191803,0.3555586505735017,0.2560364633384075,0.01579735109883285,0.527750919060223,1401.26,3.8310523463996047,112.34714673913044,False,False,False,False,False,C,MID,0.26809462224847247,False
31.764897959183674,4.9591,Wodymidaj.wav,0.12853555381298065,0.3010771725547611,0.22223601887762862,0.008708276610403036,0.5037661322591963,1282.61,2.5784432217091107,112.34714673913044,False,False,False,False,False,C,MID,0.2615597179536082,False
31.857777777777777,4.5823,Wodymidaj.wav,0.10506165772676468,0.24270900271294954,0.14201378992344343,0.007882441941923392,0.5312328386354785,1419.37,2.041105264963469,112.34714673913044,False,False,False,False,False,C,MID,0.2484817320559278,False
31.950657596371883,3.1003,Wodymidaj.wav,0.2243860363960266,0.5240356243748262,0.19169101693469187,0.013664725171206697,0.5614733306759226,1586.88,7.774890664990321,112.34714673913044,True,True,True,False,False,C,MID,1.0,True
32.04353741496599,2.8672,Wodymidaj.wav,0.17484743893146515,0.6266605511416264,0.220007348598402,0.017536116206217638,0.5624011536084851,1592.32,2.5796381661511405,112.34714673913044,False,False,False,False,False,C,MID,0.65,False
32.13641723356009,2.6099,Wodymidaj.wav,0.14497752487659454,0.36644709448044865,0.21114528261026705,0.01573933234141512,0.5611724003522891,1585.12,2.6584490421856914,112.34714673913044,False,False,False,False,False,C,MID,0.42250000000000004,False
32.229297052154195,4.3252,Wodymidaj.wav,0.18765556812286377,0.4086521480247735,0.21867598582533557,0.022333773891083722,0.5339412068651509,1433.63,3.1229187257282107,112.34714673913044,False,False,False,False,False,C,MID,0.27462500000000006,False
32.3221768707483,4.7806,Wodymidaj.wav,0.13424204289913177,0.37481937140601335,0.1773952899950623,0.02644619586650591,0.5867445687532592,1741.93,2.8938461168696366,112.34714673913044,False,False,False,False,False,C,MID,0.2450136548154573,False
32.41505668934241,2.9373,Wodymidaj.wav,0.15229187905788422,0.3641575277616643,0.18512628229132053,0.02022407024042975,0.7128652934645957,2773.85,3.6366038989026235,112.34714673913044,False,False,False,False,False,C,MID,0.2430456621129474,False
32.507936507936506,4.4384,Wodymidaj.wav,0.30873504281044006,0.6997469691742104,0.30537543145539453,0.016222297991494695,0.5247394120130552,1385.78,4.9693006236895805,112.34714673913044,False,False,False,False,False,C,MID,0.25087419613269724,False
32.60081632653061,16.0127,Wodymidaj.wav,0.2593209743499756,0.4488670628278668,0.3844185981825964,0.03072221428332937,0.56639914466483,1615.98,1.7765149602224213,112.34714673913044,False,False,False,False,False,C,MID,0.2559404066544518,False
32.69369614512472,1.9773,Wodymidaj.wav,0.17309486865997314,0.404624586009104,0.3029800447607416,0.028525839100448883,0.5769620599045414,1680.19,2.8858752875486555,112.34714673913044,False,False,False,False,False,C,MID,0.2552815404612482,False
32.78657596371882,3.5201,Wodymidaj.wav,0.23009057343006134,0.4133240417815309,0.27087242200657347,0.019310193869996113,0.5309155825678159,1417.71,4.701931728608101,112.34714673913044,False,False,False,False,False,C,MID,0.25852351594983963,False
32.879455782312924,4.7638,Wodymidaj.wav,0.1494840383529663,0.39924460563829695,0.22986092061327537,0.020576564011810558,0.665877420654944,2332.41,2.1463006291813254,112.34714673913044,False,False,False,False,False,C,MID,0.25559751479816767,False
32.97233560090703,2.9868,Wodymidaj.wav,0.11994519829750061,0.3058445503752837,0.17530950884597732,0.02024747792575247,0.7228151493960038,2877.55,3.7621825706390566,112.34714673913044,False,False,False,False,False,C,MID,0.24890103327341556,False
33.065215419501136,4.2805,Wodymidaj.wav,0.26847442984580994,0.6457320862180936,0.27179165947024064,0.017191391965776046,0.5322296721115379,1424.6,7.835899874232127,112.34714673913044,True,True,True,True,False,C,MID,1.0,True
33.158095238095235,4.573,Wodymidaj.wav,0.20099377632141113,0.3457905897762642,0.30654691056276245,0.01881889963397157,0.5406364094303014,1469.47,3.274205895245627,112.34714673913044,False,False,False,False,False,C,MID,0.65,False
33.25097505668934,4.0265,Wodymidaj.wav,0.18313327431678772,0.30903832721534213,0.272388150217106,0.014745565286747322,0.5254737348571462,1389.54,2.4154916240397757,112.34714673913044,False,False,False,False,False,C,MID,0.42250000000000004,False
33.34385487528345,4.5515,Wodymidaj.wav,0.19820719957351685,0.3849566701909628,0.255713460294371,0.017178964207134245,0.5418649232228149,1476.15,3.4756347775010226,112.34714673913044,False,False,False,False,False,C,MID,0.27462500000000006,False
33.436734693877554,4.358,Wodymidaj.wav,0.18015971779823303,0.39047505510708497,0.23031023404451062,0.016212252024639166,0.5295788379737187,1410.74,4.81279638545167,112.34714673913044,False,False,False,False,False,C,MID,0.25714433707316847,False
33.52961451247165,5.0032,Wodymidaj.wav,0.15761271119117737,0.35481622620902253,0.22977658976896084,0.013043262562965256,0.5128555385993872,1326.34,4.167539973090473,112.34714673913044,False,False,False,False,False,C,MID,0.2550810634359676,False
33.62249433106576,5.2593,Wodymidaj.wav,0.24418814480304718,0.8015439187356489,0.21053016778084366,0.022906914978970395,0.5545716835234981,1546.99,3.630446775146047,112.34714673913044,False,False,False,False,False,C,MID,0.25912954698039176,False
33.715374149659866,4.2586,Wodymidaj.wav,0.22034329175949097,0.3616062279967436,0.2649856532940423,0.0389183465333141,0.5765950281990216,1677.91,3.380041117727414,112.34714673913044,False,False,False,False,False,C,MID,0.2615993547855033,False
33.80825396825397,3.1848,Wodymidaj.wav,0.19158200919628143,0.283874477061844,0.31073512909266754,0.042855834766275296,0.5518866809823118,1531.74,2.331167215821468,112.34714673913044,False,False,False,False,False,C,MID,0.26205899125712917,False
33.90113378684807,4.5236,Wodymidaj.wav,0.18137545883655548,0.2566323147970309,0.24721443694973896,0.026006294104167674,0.5668024160960817,1618.38,4.1477017841895565,112.34714673913044,False,False,False,False,False,C,MID,0.26174473987178576,False
33.99401360544218,4.056,Wodymidaj.wav,0.19128093123435974,0.2707908360470311,0.24479766588277466,0.03195289475072381,0.5901012364192066,1763.63,3.914029818471023,112.34714673913044,False,False,False,False,False,C,MID,0.2621756704501818,False
34.08689342403628,6.0439,Wodymidaj.wav,0.17261862754821777,0.27706591247964873,0.23549533163332556,0.010304640721160678,0.49727070009581165,1252.24,2.653974512637088,112.34714673913044,False,False,False,False,False,C,MID,0.26116634496583674,False
34.17977324263038,2.8782,Wodymidaj.wav,0.27674397826194763,0.7595916839919099,0.33135055541695646,0.019670294695727432,0.5320994187553186,1423.92,7.164390026822912,112.34714673913044,True,True,False,True,False,C,MID,1.0,False
34.27265306122449,4.9724,Wodymidaj.wav,0.18350358307361603,0.35587011729586354,0.267461512908312,0.01632333914117245,0.5421826091012688,1477.88,2.6824447429476606,112.34714673913044,False,False,False,False,False,C,MID,0.65,False
34.365532879818595,4.4001,Wodymidaj.wav,0.17462871968746185,0.42895569292119373,0.21280359882929598,0.00901765959346378,0.44504507877887545,1032.81,2.9196473297685226,112.34714673913044,False,False,False,False,False,C,MID,0.42250000000000004,False
34.4584126984127,4.2306,Wodymidaj.wav,0.18464863300323486,0.4351935482537552,0.23733014844948072,0.011812990633098146,0.5023539319200551,1275.94,2.8225853861174097,112.34714673913044,False,False,False,False,False,C,MID,0.27462500000000006,False
34.5512925170068,3.5593,Wodymidaj.wav,0.17929191887378693,0.3608152557930036,0.24600406128610505,0.023270306213406873,0.5506814788060188,1524.95,3.899180403979748,112.34714673913044,False,False,False,False,False,C,MID,0.2643249780413716,False
34.644172335600906,16.7375,Wodymidaj.wav,0.19509893655776978,0.35503330330338656,0.19487522021562242,0.0250431920886939,0.5423712965757443,1478.91,2.048261150944423,112.34714673913044,False,False,False,False,False,C,MID,0.2648957827039163,False
34.73705215419501,5.8665,Wodymidaj.wav,0.19672590494155884,0.8348671051402919,0.19578333730711311,0.025698402549546757,0.5609347341860946,1583.73,3.537620624577483,112.34714673913044,False,False,False,False,False,C,MID,0.26555073567597615,False
34.82993197278912,6.0703,Wodymidaj.wav,0.17761093378067017,0.3241928214665855,0.23927249293984493,0.01974748489383292,0.5706611071331968,1641.58,4.100107412659075,112.34714673913044,False,False,False,False,False,C,MID,0.2647711831397039,False
34.92281179138322,4.1122,Wodymidaj.wav,0.1415308713912964,0.2843289128579362,0.20141755177217624,0.00957408490031688,0.5216344781264313,1370.0,3.0869855235446724,112.34714673913044,False,True,False,False,False,C,MID,0.260675107953743,False
35.015691609977324,5.3431,Wodymidaj.wav,0.1575770527124405,0.3048076151490976,0.2120370730096584,0.0166003644420796,0.5924982423019488,1779.29,3.8376447779535003,112.34714673913044,False,False,False,False,False,C,MID,0.2584319659642728,False
35.10857142857143,4.5578,Wodymidaj.wav,0.15311801433563232,0.3036847955293894,0.1991922861512239,0.023090429997846246,0.5894209139971883,1759.21,2.6811675116440417,112.34714673913044,False,False,False,False,False,C,MID,0.2558744263453568,False
35.20145124716553,5.7985,Wodymidaj.wav,0.24407146871089935,0.3576116093232289,0.1913315397523977,0.013218339855242877,0.5289314514830458,1407.38,5.943331809897723,112.34714673913044,True,True,False,True,False,C,MID,1.0,False
35.294331065759636,4.5303,Wodymidaj.wav,0.24504505097866058,0.8072929435930835,0.3264324033503767,0.032865571310883156,0.5560403133102347,1555.39,4.962351650754533,112.34714673913044,False,False,False,False,False,C,MID,0.65,False
35.38721088435374,2.352,Wodymidaj.wav,0.18799643218517303,0.5489145938013279,0.2593458954098555,0.0283805162613465,0.5453357796183066,1495.17,2.5365095145257186,112.34714673913044,False,False,False,False,False,C,MID,0.42250000000000004,False
35.48009070294785,5.4598,Wodymidaj.wav,0.214565247297287,0.4923978621000605,0.2303616767502092,0.035007989193377824,0.5628913495763928,1595.2,2.912011872656657,112.34714673913044,False,False,False,False,False,C,MID,0.27462500000000006,False
35.57297052154195,5.4284,Wodymidaj.wav,0.20418164134025574,0.3505752612961976,0.2969163335789042,0.03345595934412234,0.5756926025864995,1672.34,2.217080443283646,112.34714673913044,False,False,False,False,False,C,MID,0.2668624808491107,False
35.66585034013605,6.7959,Wodymidaj.wav,0.2350698560476303,0.3003128696955822,0.33266942815984435,0.025245978975993465,0.5612595884198214,1585.63,3.7808707591090305,112.34714673913044,False,False,False,False,False,C,MID,0.2698277135859382,False
35.75873015873016,4.8266,Wodymidaj.wav,0.2546977996826172,0.40267470250347437,0.2938653454040394,0.02225218259181437,0.530772514900856,1416.97,4.05782973206413,112.34714673913044,False,False,False,False,False,C,MID,0.27372103463606773,False
35.851609977324266,4.234,Wodymidaj.wav,0.21602243185043335,0.6941105939625765,0.2892496506286846,0.03911436319042391,0.5393694821053714,1462.62,2.454201416524928,112.34714673913044,False,False,False,False,False,C,MID,0.275210269547857,False
35.944489795918365,5.7155,Wodymidaj.wav,0.1920623779296875,0.3231870423111729,0.24985610637364697,0.05522638973202972,0.5701228553472456,1638.33,3.133537168274374,112.34714673913044,False,False,False,False,False,C,MID,0.27503650992704337,False
36.03736961451247,4.8622,Wodymidaj.wav,0.1904127597808838,0.320672661131934,0.24909625281830158,0.03580703987883899,0.5422110826946142,1478.03,3.6412755200472158,112.34714673913044,False,False,False,False,False,C,MID,0.2747537276473756,False
36.13024943310658,5.2992,Wodymidaj.wav,0.11620310693979263,0.3327820789740373,0.20316783895355245,0.018703400871056777,0.6115513461319311,1908.85,2.7153166400000583,112.34714673913044,True,True,False,True,False,C,MID,1.0,False
36.22312925170068,5.2993,Wodymidaj.wav,0.11955256760120392,0.28164001438461894,0.14071477736316088,0.018391529891506456,0.6631048462236374,2308.68,3.365820210528629,112.34714673913044,False,False,False,False,False,C,MID,0.65,False
36.31600907029478,7.0863,Wodymidaj.wav,0.23047959804534912,0.5831550469909254,0.18196459274775384,0.016427743417636257,0.6194630114923986,1965.38,6.85597793632973,112.34714673913044,True,True,True,False,False,C,MID,1.0,True
36.40888888888889,3.9148,Wodymidaj.wav,0.18075525760650635,0.5928907574562927,0.2466438684872542,0.02005286957699607,0.5436306582909362,1485.8,2.0662521331500416,112.34714673913044,False,False,False,False,False,C,MID,0.65,False
36.501768707482995,6.2952,Wodymidaj.wav,0.17220360040664673,0.2967414857539088,0.24221873160348914,0.019565328162536855,0.5741753367474852,1663.0,2.9406502298349806,112.34714673913044,False,False,False,False,False,C,MID,0.42250000000000004,False
36.594648526077094,6.0892,Wodymidaj.wav,0.18885470926761627,0.3033827261572943,0.24158445201083778,0.017966516738345806,0.5412934910320262,1473.04,3.2046904414710853,112.34714673913044,False,False,False,False,False,C,MID,0.27462500000000006,False
36.6875283446712,10.2417,Wodymidaj.wav,0.1629948765039444,0.3630234669656834,0.24743966400633402,0.026729764929633824,0.5860397996827346,1737.4,2.438396696412333,112.34714673913044,False,False,False,False,False,C,MID,0.2593347639669276,False
36.78040816326531,6.8391,Wodymidaj.wav,0.1644759625196457,0.3104408349532433,0.2028606403418345,0.027538337342318257,0.7264773875917027,2916.69,4.672716576825032,112.34714673913044,False,True,False,False,False,C,MID,0.2577922972010226,False
36.87328798185941,3.8381,Wodymidaj.wav,0.2621246576309204,0.6881399231826609,0.25698683228394903,0.029121332751596424,0.6640649417180816,2316.87,7.4707123695598145,112.34714673913044,False,True,False,False,False,C,MID,0.26267441685766396,False
36.96616780045351,4.1687,Wodymidaj.wav,0.17609724402427673,0.4465879927297546,0.2733179607377503,0.031973481360463844,0.6440727519656474,2152.15,1.7159601045423176,112.34714673913044,False,False,False,False,False,C,MID,0.26193135484838115,False
37.05904761904762,4.9135,Wodymidaj.wav,0.15818654000759125,0.3454057490039235,0.22418129232328163,0.021719336453953002,0.6720856750511861,2386.45,5.0670333446028595,112.34714673913044,False,False,False,False,False,C,MID,0.25969256036284005,False
37.151927437641724,3.933,Wodymidaj.wav,0.22674545645713806,0.31418475067490287,0.24596709413988999,0.013835888299266842,0.5385052371999376,1457.97,5.636203629438321,112.34714673913044,False,False,False,False,False,C,MID,0.2625330696009792,False
37.24480725623583,6.4538,Wodymidaj.wav,0.2670036554336548,0.3357063117073675,0.38646354204869765,0.014264210133232655,0.5052478269311899,1289.64,1.559993003063815,112.34714673913044,False,False,False,False,False,C,MID,0.2674269945887622,False
37.33768707482993,4.4054,Wodymidaj.wav,0.21397452056407928,0.339332292817114,0.3512689281043633,0.015442782186933525,0.5686887132603567,1629.68,3.8551883872227783,112.34714673913044,False,False,False,False,False,C,MID,0.2691029764772581,False
37.430566893424036,5.3407,Wodymidaj.wav,0.2970864474773407,0.6873275142256883,0.32087109567111766,0.018309638538435955,0.5278055904612781,1401.54,6.162883528928739,112.34714673913044,True,True,False,True,False,C,MID,1.0,False
37.52344671201814,2.638,Wodymidaj.wav,0.2256620079278946,0.49515696664994097,0.33707172711538275,0.018765434461380223,0.5389428355121084,1460.32,2.616930831856263,112.34714673913044,False,False,False,False,False,C,MID,0.65,False
37.61632653061225,2.614,Wodymidaj.wav,0.22948916256427765,0.5161706767423083,0.29535643340203555,0.015799178242517888,0.5161414922189773,1342.52,2.97968221369611,112.34714673913044,False,False,False,False,False,C,MID,0.42250000000000004,False
37.70920634920635,2.333,Wodymidaj.wav,0.21208502352237701,0.44685047270501554,0.2879028450003431,0.01471333124631643,0.5203119639012724,1363.33,2.6327627755590597,112.34714673913044,False,False,False,False,False,C,MID,0.2802199878343989,False
37.802086167800454,4.727,Wodymidaj.wav,0.1910988688468933,0.3761161193965941,0.2619744061892135,0.012596963043489149,0.5166017481363901,1344.8,3.8238324526186624,112.34714673913044,False,False,False,False,False,C,MID,0.27972713927468845,False
37.89496598639456,3.3636,Wodymidaj.wav,0.17178639769554138,0.47036515429157066,0.2373829128891496,0.015551410934751174,0.5916542961631281,1773.76,2.8885559620301295,112.34714673913044,False,False,False,False,False,C,MID,0.27778381116248047,False
37.98784580498866,5.1924,Wodymidaj.wav,0.22854311764240265,0.7861768618150061,0.1925637128985836,0.027856813501551635,0.6923487553521662,2571.66,4.552372036008375,112.34714673913044,True,True,True,False,False,C,MID,1.0,True
38.080725623582765,2.6525,Wodymidaj.wav,0.1604141741991043,0.2294004389694307,0.21748516231470852,0.03463615036220293,0.5910006469308051,1769.49,3.3019660231789065,112.34714673913044,False,False,False,False,False,C,MID,0.65,False
38.17360544217687,6.7693,Wodymidaj.wav,0.18197917938232422,0.14635111115285598,0.23828961006369212,0.05161127305788084,0.5879611029567935,1749.76,3.3435809616092005,112.34714673913044,False,False,False,False,False,C,MID,0.42250000000000004,False
38.26648526077098,5.6037,Wodymidaj.wav,0.18373610079288483,0.16627694465285978,0.2683010997191484,0.043247057791245366,0.5774271948583398,1683.07,3.265615713191977,112.34714673913044,False,False,False,False,False,C,MID,0.27508332934161767,False
38.35936507936508,5.6628,Wodymidaj.wav,0.1871899962425232,0.2185102407476718,0.24013337115401398,0.022125658054159173,0.5920991627453692,1776.68,3.7593552155532577,112.34714673913044,False,False,False,False,False,C,MID,0.2745646070586022,False
38.45224489795918,5.6093,Wodymidaj.wav,0.18262630701065063,0.27463352229322713,0.2647092480514935,0.018466529208951754,0.5408029646388292,1470.38,3.0683785538637753,112.34714673913044,False,False,False,False,False,C,MID,0.27373230231231854,False
38.54512471655329,4.5782,Wodymidaj.wav,0.29187363386154175,0.6778986258455709,0.3586175159275489,0.02577237491129863,0.5564880654727297,1557.96,5.4047622588987325,112.34714673913044,False,False,False,False,False,C,MID,0.2792753248827078,False
38.638004535147395,3.8802,Wodymidaj.wav,0.1795913577079773,0.3284317678789025,0.298074416177932,0.020929546598681865,0.5577730307675431,1565.37,3.106675639977129,112.34714673913044,False,False,False,False,False,C,MID,0.27797562620854543,False
38.730884353741494,17.7513,Wodymidaj.wav,0.11445657163858414,0.3190651758513665,0.14394305205608082,0.016121299544927654,0.6975697024944448,2621.67,2.171400354191872,112.34714673913044,False,False,False,False,False,C,MID,0.2690169753282675,False
38.8237641723356,6.5612,Wodymidaj.wav,0.1576116681098938,0.3430642802115133,0.16816743013023602,0.021682222404946154,0.706421451677241,2708.69,3.4459468219135805,112.34714673913044,False,False,False,False,False,C,MID,0.26637033518126874,False
38.91664399092971,5.8084,Wodymidaj.wav,0.13186240196228027,0.3433818820197859,0.18984216605010704,0.014216058949761388,0.5266812879129791,1395.74,3.191377506140216,112.34714673913044,False,False,False,False,False,C,MID,0.26100740257828087,False
39.00952380952381,5.3737,Wodymidaj.wav,0.20387987792491913,0.28294571903619503,0.1681400626940517,0.011689891755110843,0.527398336419604,1399.44,3.3451976470617044,112.34714673913044,False,False,False,False,False,C,MID,0.26235358532381936,False
39.10240362811791,4.5012,Wodymidaj.wav,0.2026091068983078,0.9102584891854038,0.22410175456771456,0.01603564041161696,0.5199781774936597,1361.65,4.108160357342491,112.34714673913044,True,True,True,False,False,C,MID,1.0,True
39.19528344671202,4.0462,Wodymidaj.wav,0.2187802493572235,0.4054346222674448,0.2612872037669256,0.014296143955110075,0.5156472556562094,1340.07,4.481489391157189,112.34714673913044,False,False,False,False,False,C,MID,0.65,False
39.288163265306125,3.9011,Wodymidaj.wav,0.21575330197811127,0.3022857799036581,0.29833093591521903,0.021377152775714267,0.5242291498420947,1383.17,4.220547743549207,112.34714673913044,False,False,False,False,False,C,MID,0.42250000000000004,False
39.381043083900224,3.3605,Wodymidaj.wav,0.14958640933036804,0.2758687147635529,0.26195464683052055,0.02088373956195909,0.625095290670886,2006.64,2.4562160249030365,112.34714673913044,False,False,False,False,False,C,MID,0.27462500000000006,False
39.47392290249433,4.7788,Wodymidaj.wav,0.12912937998771667,0.2876394944266631,0.15229800171634075,0.01681124002218567,0.6533029536499132,2226.69,2.550043080445234,112.34714673913044,False,False,False,False,False,C,MID,0.25859423490763334,False
39.566802721088436,4.0905,Wodymidaj.wav,0.2608124911785126,0.3808609166470847,0.21170185383514664,0.009862697974201069,0.47207406471514457,1141.09,5.467768036984669,112.34714673913044,True,True,False,True,False,C,MID,1.0,False
39.65968253968254,4.565,Wodymidaj.wav,0.22027070820331573,0.8314939286401156,0.3058231186434914,0.03582036863097993,0.5490272895996209,1515.67,4.940062330560643,112.34714673913044,False,False,False,False,False,C,MID,0.65,False
39.75256235827664,4.9628,Wodymidaj.wav,0.2090822011232376,0.5379880803195538,0.2594214376359085,0.034054367170330224,0.5380985737977771,1455.78,2.511629691625637,112.34714673913044,False,False,False,False,False,C,MID,0.42250000000000004,False
39.84544217687075,7.0691,Wodymidaj.wav,0.1946263462305069,0.4826406273048178,0.23612519884753486,0.041335375262315954,0.5413988135866288,1473.61,2.3890013569338437,112.34714673913044,False,False,False,False,False,C,MID,0.27462500000000006,False
39.938321995464854,5.4395,Wodymidaj.wav,0.19557584822177887,0.414767694937577,0.24051399028918333,0.04436355748591298,0.5535851499419603,1541.37,2.248052044814922,112.34714673913044,False,False,False,False,False,C,MID,0.26796228175865316,False
40.03120181405896,6.009,Wodymidaj.wav,0.22123630344867706,0.3769310861732327,0.284199144188118,0.03973164354576532,0.5537664369088393,1542.4,4.187181945461462,112.34714673913044,False,False,False,False,False,C,MID,0.2700595177860319,False
40.12408163265306,4.9496,Wodymidaj.wav,0.2673708498477936,0.4692753904893459,0.2807950745469581,0.041671512435742894,0.5335338591790685,1431.47,3.610909903544714,112.34714673913044,False,False,False,False,False,C,MID,0.274595681916546,False
40.216961451247165,6.4686,Wodymidaj.wav,0.21478702127933502,0.8013461765253304,0.26900200784524003,0.044839190357583984,0.538728897274652,1459.17,3.2067622963000577,112.34714673913044,False,False,False,False,False,C,MID,0.27596415083127196,False
40.30984126984127,5.0512,Wodymidaj.wav,0.21056587994098663,0.44651289474324524,0.26656996952554785,0.04622036561566954,0.5508124889517249,1525.68,4.4034839192265585,112.34714673913044,False,False,False,False,False,C,MID,0.2769973560770584,False
40.40272108843537,5.2655,Wodymidaj.wav,0.1858748495578766,0.387357385898689,0.2595999083802847,0.0404448574739762,0.5311379849097903,1418.88,3.3753146233633284,112.34714673913044,False,False,False,False,False,C,MID,0.27628617035701514,False
40.49560090702948,3.7617,Wodymidaj.wav,0.10947112739086151,0.3416753936160655,0.16709457698697652,0.01512932555841257,0.5263942390814453,1394.26,1.7251237729601003,112.34714673913044,False,False,False,False,False,C,MID,0.2659746776688781,False
40.58848072562358,4.5156,Wodymidaj.wav,0.11313896626234055,0.2482558311721338,0.13857525492902964,0.012506643623121563,0.5336101815055012,1431.88,4.4304223669939935,112.34714673913044,False,False,False,False,False,C,MID,0.25728814616077883,False
40.68136054421769,5.4783,Wodymidaj.wav,0.22025269269943237,0.6010753272558926,0.15951426715922856,0.015645449518160773,0.5362366045704717,1445.82,5.355064201485295,112.34714673913044,False,False,False,False,False,C,MID,0.25985931712082216,False
40.77424036281179,16.5028,Wodymidaj.wav,0.15711723268032074,0.5955370074387367,0.21175237778152362,0.01619542256152387,0.5527077184364235,1536.39,2.1893045944123295,112.34714673913044,False,False,False,False,False,C,MID,0.25762423381276667,False
40.867120181405895,5.7627,Wodymidaj.wav,0.1302746832370758,0.3270090080565037,0.1857127255703749,0.01609232923561272,0.5687520584093863,1630.06,3.356009612855848,112.34714673913044,False,False,False,False,False,C,MID,0.25248080731484446,False
40.96,5.078,Wodymidaj.wav,0.20751281082630157,0.3166574903894731,0.2220600645028192,0.022774081671332776,0.5503276614443102,1522.96,3.4914393302658664,112.34714673913044,False,False,False,False,False,C,MID,0.2544915304633085,False
41.05287981859411,4.0249,Wodymidaj.wav,0.16742481291294098,0.3355677517853873,0.26573241177056706,0.03562118500633844,0.5979249307283157,1815.27,2.750065393496517,112.34714673913044,False,False,False,False,False,C,MID,0.25344555472537544,False
41.145759637188206,3.6981,Wodymidaj.wav,0.1359262317419052,0.31404633875751486,0.18938582069550466,0.01958240747478306,0.5720811046691335,1650.21,4.392866248390286,112.34714673913044,False,False,False,False,False,C,MID,0.24925612755437881,False
41.23863945578231,5.3395,Wodymidaj.wav,0.28211352229118347,0.7595780924774804,0.24944038886693432,0.021947856918171447,0.5468699194704264,1503.66,5.802612728672953,112.34714673913044,True,True,True,False,False,C,MID,1.0,True
41.33151927437642,6.4745,Wodymidaj.wav,0.2213391810655594,0.4702884614051096,0.3300574940999088,0.035162264280820796,0.5688123563755334,1630.43,2.6510739863899335,112.34714673913044,False,False,False,False,False,C,MID,0.65,False
41.424399092970525,6.7807,Wodymidaj.wav,0.13739430904388428,0.3238129747678614,0.23207284105411072,0.022773520334212635,0.5560007914356639,1555.17,2.6618840011659883,112.34714673913044,False,False,False,False,False,C,MID,0.42250000000000004,False
41.517278911564624,6.3939,Wodymidaj.wav,0.1754169762134552,0.302715803013244,0.17640202140892156,0.017800513692103725,0.5932654540239102,1784.34,4.860629384565998,112.34714673913044,False,False,False,False,False,C,MID,0.27462500000000006,False
41.61015873015873,4.3096,Wodymidaj.wav,0.1925688087940216,0.25782614870838017,0.2780283246160546,0.0316510104134669,0.5953788773956842,1798.3,3.8931247692699547,112.34714673913044,False,False,False,False,False,C,MID,0.25460716462760136,False
41.703038548752836,6.1881,Wodymidaj.wav,0.14717797935009003,0.32510148241260517,0.2369995742469487,0.022797176327822997,0.6370421883323226,2097.05,2.597146517197297,112.34714673913044,False,False,False,False,False,C,MID,0.2516469506015684,False
41.795918367346935,5.2147,Wodymidaj.wav,0.27323558926582336,0.6596468238182951,0.24654699273235012,0.03922110617098938,0.7464900463730155,3140.16,6.057189975666241,112.34714673913044,False,False,False,False,False,C,MID,0.2573581800948779,False
41.88879818594104,5.1882,Wodymidaj.wav,0.2008054554462433,0.4635296210370478,0.3016263497510575,0.039026998254177464,0.5800984264278934,1699.74,2.320827521249408,112.34714673913044,False,False,False,False,False,C,MID,0.25851945603024185,False
41.98167800453515,4.3387,Wodymidaj.wav,0.19857417047023773,0.3023751642046313,0.2571658913949114,0.04704056091838371,0.5842564732630439,1726.01,3.3884046879384506,112.34714673913044,False,False,False,False,False,C,MID,0.2594658301019905,False
42.074557823129254,4.3262,Wodymidaj.wav,0.20928116142749786,0.3517098346720482,0.2529452807355272,0.05940942292152855,0.5790100987549023,1692.93,2.708975985265347,112.34714673913044,False,False,False,False,False,C,MID,0.2610991911031144,False
42.16743764172335,6.3307,Wodymidaj.wav,0.19632776081562042,0.4184185372800513,0.24013979226015328,0.052873551487336176,0.5689124481132359,1631.03,4.741526210702444,112.34714673913044,False,False,False,False,False,C,MID,0.26175649780784876,False
42.26031746031746,5.5075,Wodymidaj.wav,0.16490750014781952,0.33811640021500566,0.2464204848677407,0.02316263146875035,0.5411197970082747,1472.1,3.0249584890362216,112.34714673913044,False,False,False,False,False,C,MID,0.2598493769994811,False
42.353197278911566,5.7474,Wodymidaj.wav,0.2627262473106384,0.7850727935859682,0.2614780322747641,0.027018982672853093,0.5975204983904571,1812.57,5.964088259193771,112.34714673913044,True,True,True,False,False,C,MID,1.0,True
42.44607709750567,4.879,Wodymidaj.wav,0.24447081983089447,0.2453896931656664,0.3092787309377398,0.03060915435724712,0.5725573121714752,1653.11,4.205847460335156,112.34714673913044,False,False,False,False,False,C,MID,0.65,False
42.53895691609977,4.343,Wodymidaj.wav,0.22089070081710815,0.20783193819647303,0.3618071882651407,0.029959820542613164,0.5556041590577062,1552.89,2.17894500421958,112.34714673913044,False,False,False,False,False,C,MID,0.42250000000000004,False
42.63183673469388,5.1121,Wodymidaj.wav,0.19649751484394073,0.24708675439301855,0.2835536088515783,0.028665136262857466,0.5815792673088139,1709.05,2.992124847653754,112.34714673913044,False,False,False,False,False,C,MID,0.27462500000000006,False
42.72471655328798,5.1802,Wodymidaj.wav,0.13499635457992554,0.2460825709891541,0.23098403816502178,0.014180796763164085,0.5617989719756685,1588.79,3.335586226795441,112.34714673913044,False,False,False,False,False,C,MID,0.2660096889618729,False
42.81759637188209,17.7008,Wodymidaj.wav,0.13337624073028564,0.2552541494526445,0.1397152114306433,0.009144466329247966,0.58055303840692,1702.59,1.777987112063212,112.34714673913044,False,False,False,False,False,C,MID,0.26054914839640086,False
42.91047619047619,4.9711,Wodymidaj.wav,0.3488598167896271,0.7534186404769981,0.4102761178032578,0.03279761126369608,0.6383705215908638,2107.36,8.043188296913499,112.34714673913044,True,True,False,True,False,C,MID,1.0,False
43.003356009070295,4.1024,Wodymidaj.wav,0.22673384845256805,0.4170464958064757,0.335214376715605,0.033512143918053704,0.6096182773405441,1895.29,2.616166080445214,112.34714673913044,False,False,False,False,False,C,MID,0.65,False
43.0962358276644,3.8729,Wodymidaj.wav,0.1892346292734146,0.39133593240876197,0.28106015832604225,0.016296116892545134,0.5480206051995609,1510.05,1.7992728926364767,112.34714673913044,False,False,False,False,False,C,MID,0.42250000000000004,False
43.1891156462585,5.6091,Wodymidaj.wav,0.15479035675525665,0.3395773545762459,0.23457683104050725,0.009420492133195282,0.5280665569194156,1402.89,2.682106583540448,112.34714673913044,False,False,False,False,False,C,MID,0.27462500000000006,False
43.281995464852606,4.4299,Wodymidaj.wav,0.12719742953777313,0.27390027037569203,0.18073983843347313,0.006569826155896843,0.5455607684439904,1496.41,2.578479272208127,112.34714673913044,False,False,False,False,False,C,MID,0.2562903819063856,False
43.37487528344671,4.5531,Wodymidaj.wav,0.1249295026063919,0.22710515875119264,0.1576620290268072,0.008715778015374065,0.5540776870802887,1544.17,3.1065391546354664,112.34714673913044,False,False,False,False,False,C,MID,0.24923222718051524,False
43.46775510204082,5.3017,Wodymidaj.wav,0.10447260737419128,0.20038166364600965,0.17681514686467134,0.008101665864685673,0.5425817880032102,1480.06,2.7702493840645883,112.34714673913044,False,False,False,False,False,C,MID,0.23677061582148948,False
43.56063492063492,4.0547,Wodymidaj.wav,0.06794019788503647,0.14316005734826912,0.06610714391926203,0.00646564122371592,0.6660316504068637,2333.74,3.5416180247461133,112.34714673913044,False,True,False,False,False,C,MID,0.224932085030415,False
43.653514739229024,5.6937,Wodymidaj.wav,0.089839406311512,0.19026402467560774,0.12363103729604165,0.0040513921822994845,0.5023960166945909,1276.14,3.8305306198028073,112.34714673913044,False,False,False,False,False,C,MID,0.2199562929052622,False
43.74639455782313,5.7131,Wodymidaj.wav,0.08789815753698349,0.17552730536062444,0.12180032845493567,0.004691950490295506,0.5487602619251455,1514.18,2.3313825629213714,112.34714673913044,False,False,False,False,False,C,MID,0.2149702160134765,False
43.83927437641724,5.9523,Wodymidaj.wav,0.08173540979623795,0.15541160675710364,0.08746463132087762,0.003861968278353724,0.5428432445180985,1481.49,1.9604759447087452,112.34714673913044,False,False,False,False,False,C,MID,0.2093044288703243,False
43.932154195011336,4.8607,Wodymidaj.wav,0.15023209154605865,0.21304970579057156,0.15453635586944825,0.0035237879704142962,0.4985094168343512,1257.97,7.228125814099938,112.34714673913044,True,True,True,False,False,C,MID,1.0,True
44.02503401360544,3.24,Wodymidaj.wav,0.182682067155838,0.5363660865477923,0.21017502482082553,0.010967307231215572,0.5524820912101109,1535.11,7.651331895581275,112.34714673913044,False,True,False,False,False,C,MID,0.65,False
44.11791383219955,4.599,Wodymidaj.wav,0.14767979085445404,0.6398696181355419,0.13672368079037103,0.008246898444223355,0.5132607739840972,1328.33,2.237509139432413,112.34714673913044,False,False,False,False,False,C,MID,0.42250000000000004,False
44.210793650793654,4.613,Wodymidaj.wav,0.10278266668319702,0.38745668902868163,0.09389038388577152,0.00831513202084748,0.5309676522686557,1417.99,2.6055632378913023,112.34714673913044,False,False,False,False,False,C,MID,0.27462500000000006,False
44.30367346938775,5.645,Wodymidaj.wav,0.11122199892997742,0.43378293327103173,0.08827691709176612,0.008646138977720035,0.5247293609145489,1385.73,2.7898563355820007,112.34714673913044,False,False,False,False,False,C,MID,0.20878034687369332,False
44.39655328798186,5.5642,Wodymidaj.wav,0.11340907216072083,0.26486399441995034,0.1420374554296846,0.009010873268304586,0.5207660084392641,1365.62,2.7943511522612408,112.34714673913044,False,False,False,False,True,D,MID,0.20708199705262326,False
44.489433106575966,6.1075,Wodymidaj.wav,0.10285793244838715,0.28046828851491984,0.1301024442910005,0.011103354028338931,0.5387981594666981,1459.54,3.0053853801717896,112.34714673913044,False,False,False,False,False,D,LOW,0.0,False
44.582312925170065,4.7285,Wodymidaj.wav,0.09213399887084961,0.32730287369211436,0.09038052459568173,0.009850261875210646,0.5289884152290937,1407.67,2.363306358913893,112.34714673913044,False,False,False,False,False,D,LOW,0.0,False
44.67519274376417,4.5347,Wodymidaj.wav,0.09138050675392151,0.22918863209632045,0.11004933871612715,0.007853581891931772,0.5221379493947526,1372.54,3.3074172525963546,112.34714673913044,False,False,False,False,False,D,LOW,0.0,False
44.76807256235828,5.2266,Wodymidaj.wav,0.097091905772686,0.20111690808847893,0.12632396282668298,0.006701351994833442,0.5166152859782639,1344.86,2.639184067393628,112.34714673913044,False,False,False,False,False,D,LOW,0.0,False
44.860952380952384,10.7559,Wodymidaj.wav,0.0900653526186943,0.24884373901016177,0.12151934663858947,0.006519675512933161,0.506387510386962,1295.07,2.45315068224058,112.34714673913044,False,False,False,False,False,D,LOW,0.0,False
